[2026-09-29T10:30:00.000+0000] {taskinstance.py:1165} INFO - Dependencies all met for <TaskInstance: financial_ledger_sync.sync_merchant_settlements manual__2026-09-29T10:30:00+00:00 [queued]>
[2026-09-29T10:30:00.000+0000] {custom_sql_operator.py:72} INFO - Initializing CustomSQLBatchOperator with connection postgres_dw_prod (pool_size=32, max_overflow=16)
[2026-09-29T10:30:00.000+0000] {custom_sql_operator.py:91} INFO - Reading batch execution plan from queries/settlements/reconcile_merchant_balances.sql
[2026-09-29T10:30:01.150+0000] {custom_sql_operator.py:105} DEBUG - Batch 1/450: BEGIN TRANSACTION [XID 91823001]; UPDATE financial.merchant_balance_ledger SET pending_balance = pending_balance + 127.27 WHERE merchant_id = 'MCH_90013'; COMMIT;
[2026-09-29T10:30:01.300+0000] {custom_sql_operator.py:105} DEBUG - Batch 2/450: BEGIN TRANSACTION [XID 91823002]; UPDATE financial.merchant_balance_ledger SET pending_balance = pending_balance + 243.32 WHERE merchant_id = 'MCH_90026'; COMMIT;
[2026-09-29T10:30:01.450+0000] {custom_sql_operator.py:105} DEBUG - Batch 3/450: BEGIN TRANSACTION [XID 91823003]; UPDATE financial.merchant_balance_ledger SET pending_balance = pending_balance + 412.44 WHERE merchant_id = 'MCH_90039'; COMMIT;
[2026-09-29T10:30:01.600+0000] {custom_sql_operator.py:105} DEBUG - Batch 4/450: BEGIN TRANSACTION [XID 91823004]; UPDATE financial.merchant_balance_ledger SET pending_balance = pending_balance + 64.5 WHERE merchant_id = 'MCH_90052'; COMMIT;
[2026-09-29T10:30:01.750+0000] {custom_sql_operator.py:105} DEBUG - Batch 5/450: BEGIN TRANSACTION [XID 91823005]; UPDATE financial.merchant_balance_ledger SET pending_balance = pending_balance + 134.78 WHERE merchant_id = 'MCH_90065'; COMMIT;
[2026-09-29T10:30:01.900+0000] {custom_sql_operator.py:105} DEBUG - Batch 6/450: BEGIN TRANSACTION [XID 91823006]; UPDATE financial.merchant_balance_ledger SET pending_balance = pending_balance + 485.04 WHERE merchant_id = 'MCH_90078'; COMMIT;
[2026-09-29T10:30:02.050+0000] {custom_sql_operator.py:105} DEBUG - Batch 7/450: BEGIN TRANSACTION [XID 91823007]; UPDATE financial.merchant_balance_ledger SET pending_balance = pending_balance + 471.7 WHERE merchant_id = 'MCH_90091'; COMMIT;
[2026-09-29T10:30:02.200+0000] {custom_sql_operator.py:105} DEBUG - Batch 8/450: BEGIN TRANSACTION [XID 91823008]; UPDATE financial.merchant_balance_ledger SET pending_balance = pending_balance + 65.83 WHERE merchant_id = 'MCH_90104'; COMMIT;
[2026-09-29T10:30:02.350+0000] {custom_sql_operator.py:105} DEBUG - Batch 9/450: BEGIN TRANSACTION [XID 91823009]; UPDATE financial.merchant_balance_ledger SET pending_balance = pending_balance + 389.2 WHERE merchant_id = 'MCH_90117'; COMMIT;
[2026-09-29T10:30:02.500+0000] {custom_sql_operator.py:105} DEBUG - Batch 10/450: BEGIN TRANSACTION [XID 91823010]; UPDATE financial.merchant_balance_ledger SET pending_balance = pending_balance + 33.14 WHERE merchant_id = 'MCH_90130'; COMMIT;
[2026-09-29T10:30:02.650+0000] {custom_sql_operator.py:105} DEBUG - Batch 11/450: BEGIN TRANSACTION [XID 91823011]; UPDATE financial.merchant_balance_ledger SET pending_balance = pending_balance + 79.52 WHERE merchant_id = 'MCH_90143'; COMMIT;
[2026-09-29T10:30:02.800+0000] {custom_sql_operator.py:105} DEBUG - Batch 12/450: BEGIN TRANSACTION [XID 91823012]; UPDATE financial.merchant_balance_ledger SET pending_balance = pending_balance + 335.41 WHERE merchant_id = 'MCH_90156'; COMMIT;
[2026-09-29T10:30:02.950+0000] {custom_sql_operator.py:105} DEBUG - Batch 13/450: BEGIN TRANSACTION [XID 91823013]; UPDATE financial.merchant_balance_ledger SET pending_balance = pending_balance + 196.65 WHERE merchant_id = 'MCH_90169'; COMMIT;
[2026-09-29T10:30:03.100+0000] {custom_sql_operator.py:105} DEBUG - Batch 14/450: BEGIN TRANSACTION [XID 91823014]; UPDATE financial.merchant_balance_ledger SET pending_balance = pending_balance + 202.25 WHERE merchant_id = 'MCH_90182'; COMMIT;
[2026-09-29T10:30:03.250+0000] {custom_sql_operator.py:105} DEBUG - Batch 15/450: BEGIN TRANSACTION [XID 91823015]; UPDATE financial.merchant_balance_ledger SET pending_balance = pending_balance + 364.94 WHERE merchant_id = 'MCH_90195'; COMMIT;
[2026-09-29T10:30:03.400+0000] {custom_sql_operator.py:105} DEBUG - Batch 16/450: BEGIN TRANSACTION [XID 91823016]; UPDATE financial.merchant_balance_ledger SET pending_balance = pending_balance + 305.92 WHERE merchant_id = 'MCH_90208'; COMMIT;
[2026-09-29T10:30:03.550+0000] {custom_sql_operator.py:105} DEBUG - Batch 17/450: BEGIN TRANSACTION [XID 91823017]; UPDATE financial.merchant_balance_ledger SET pending_balance = pending_balance + 36.75 WHERE merchant_id = 'MCH_90221'; COMMIT;
[2026-09-29T10:30:03.700+0000] {custom_sql_operator.py:105} DEBUG - Batch 18/450: BEGIN TRANSACTION [XID 91823018]; UPDATE financial.merchant_balance_ledger SET pending_balance = pending_balance + 52.35 WHERE merchant_id = 'MCH_90234'; COMMIT;
[2026-09-29T10:30:03.850+0000] {custom_sql_operator.py:105} DEBUG - Batch 19/450: BEGIN TRANSACTION [XID 91823019]; UPDATE financial.merchant_balance_ledger SET pending_balance = pending_balance + 428.7 WHERE merchant_id = 'MCH_90247'; COMMIT;
[2026-09-29T10:30:04.000+0000] {custom_sql_operator.py:105} DEBUG - Batch 20/450: BEGIN TRANSACTION [XID 91823020]; UPDATE financial.merchant_balance_ledger SET pending_balance = pending_balance + 414.99 WHERE merchant_id = 'MCH_90260'; COMMIT;
[2026-09-29T10:30:04.150+0000] {custom_sql_operator.py:105} DEBUG - Batch 21/450: BEGIN TRANSACTION [XID 91823021]; UPDATE financial.merchant_balance_ledger SET pending_balance = pending_balance + 441.92 WHERE merchant_id = 'MCH_90273'; COMMIT;
[2026-09-29T10:30:04.300+0000] {custom_sql_operator.py:105} DEBUG - Batch 22/450: BEGIN TRANSACTION [XID 91823022]; UPDATE financial.merchant_balance_ledger SET pending_balance = pending_balance + 158.35 WHERE merchant_id = 'MCH_90286'; COMMIT;
[2026-09-29T10:30:04.450+0000] {custom_sql_operator.py:105} DEBUG - Batch 23/450: BEGIN TRANSACTION [XID 91823023]; UPDATE financial.merchant_balance_ledger SET pending_balance = pending_balance + 329.6 WHERE merchant_id = 'MCH_90299'; COMMIT;
[2026-09-29T10:30:04.600+0000] {custom_sql_operator.py:105} DEBUG - Batch 24/450: BEGIN TRANSACTION [XID 91823024]; UPDATE financial.merchant_balance_ledger SET pending_balance = pending_balance + 392.35 WHERE merchant_id = 'MCH_90312'; COMMIT;
[2026-09-29T10:30:04.750+0000] {custom_sql_operator.py:105} DEBUG - Batch 25/450: BEGIN TRANSACTION [XID 91823025]; UPDATE financial.merchant_balance_ledger SET pending_balance = pending_balance + 349.75 WHERE merchant_id = 'MCH_90325'; COMMIT;
[2026-09-29T10:30:04.900+0000] {custom_sql_operator.py:105} DEBUG - Batch 26/450: BEGIN TRANSACTION [XID 91823026]; UPDATE financial.merchant_balance_ledger SET pending_balance = pending_balance + 469.75 WHERE merchant_id = 'MCH_90338'; COMMIT;
[2026-09-29T10:30:05.050+0000] {custom_sql_operator.py:105} DEBUG - Batch 27/450: BEGIN TRANSACTION [XID 91823027]; UPDATE financial.merchant_balance_ledger SET pending_balance = pending_balance + 434.37 WHERE merchant_id = 'MCH_90351'; COMMIT;
[2026-09-29T10:30:05.200+0000] {custom_sql_operator.py:105} DEBUG - Batch 28/450: BEGIN TRANSACTION [XID 91823028]; UPDATE financial.merchant_balance_ledger SET pending_balance = pending_balance + 86.75 WHERE merchant_id = 'MCH_90364'; COMMIT;
[2026-09-29T10:30:05.350+0000] {custom_sql_operator.py:105} DEBUG - Batch 29/450: BEGIN TRANSACTION [XID 91823029]; UPDATE financial.merchant_balance_ledger SET pending_balance = pending_balance + 481.13 WHERE merchant_id = 'MCH_90377'; COMMIT;
[2026-09-29T10:30:05.500+0000] {custom_sql_operator.py:105} DEBUG - Batch 30/450: BEGIN TRANSACTION [XID 91823030]; UPDATE financial.merchant_balance_ledger SET pending_balance = pending_balance + 91.86 WHERE merchant_id = 'MCH_90390'; COMMIT;
[2026-09-29T10:30:05.650+0000] {custom_sql_operator.py:105} DEBUG - Batch 31/450: BEGIN TRANSACTION [XID 91823031]; UPDATE financial.merchant_balance_ledger SET pending_balance = pending_balance + 210.05 WHERE merchant_id = 'MCH_90403'; COMMIT;
[2026-09-29T10:30:05.800+0000] {custom_sql_operator.py:105} DEBUG - Batch 32/450: BEGIN TRANSACTION [XID 91823032]; UPDATE financial.merchant_balance_ledger SET pending_balance = pending_balance + 166.0 WHERE merchant_id = 'MCH_90416'; COMMIT;
[2026-09-29T10:30:05.950+0000] {custom_sql_operator.py:105} DEBUG - Batch 33/450: BEGIN TRANSACTION [XID 91823033]; UPDATE financial.merchant_balance_ledger SET pending_balance = pending_balance + 466.83 WHERE merchant_id = 'MCH_90429'; COMMIT;
[2026-09-29T10:30:06.100+0000] {custom_sql_operator.py:105} DEBUG - Batch 34/450: BEGIN TRANSACTION [XID 91823034]; UPDATE financial.merchant_balance_ledger SET pending_balance = pending_balance + 132.38 WHERE merchant_id = 'MCH_90442'; COMMIT;
[2026-09-29T10:30:06.250+0000] {custom_sql_operator.py:105} DEBUG - Batch 35/450: BEGIN TRANSACTION [XID 91823035]; UPDATE financial.merchant_balance_ledger SET pending_balance = pending_balance + 288.79 WHERE merchant_id = 'MCH_90455'; COMMIT;
[2026-09-29T10:30:06.400+0000] {custom_sql_operator.py:105} DEBUG - Batch 36/450: BEGIN TRANSACTION [XID 91823036]; UPDATE financial.merchant_balance_ledger SET pending_balance = pending_balance + 300.79 WHERE merchant_id = 'MCH_90468'; COMMIT;
[2026-09-29T10:30:06.550+0000] {custom_sql_operator.py:105} DEBUG - Batch 37/450: BEGIN TRANSACTION [XID 91823037]; UPDATE financial.merchant_balance_ledger SET pending_balance = pending_balance + 166.78 WHERE merchant_id = 'MCH_90481'; COMMIT;
[2026-09-29T10:30:06.700+0000] {custom_sql_operator.py:105} DEBUG - Batch 38/450: BEGIN TRANSACTION [XID 91823038]; UPDATE financial.merchant_balance_ledger SET pending_balance = pending_balance + 326.83 WHERE merchant_id = 'MCH_90494'; COMMIT;
[2026-09-29T10:30:06.850+0000] {custom_sql_operator.py:105} DEBUG - Batch 39/450: BEGIN TRANSACTION [XID 91823039]; UPDATE financial.merchant_balance_ledger SET pending_balance = pending_balance + 329.84 WHERE merchant_id = 'MCH_90507'; COMMIT;
[2026-09-29T10:30:07.000+0000] {custom_sql_operator.py:105} DEBUG - Batch 40/450: BEGIN TRANSACTION [XID 91823040]; UPDATE financial.merchant_balance_ledger SET pending_balance = pending_balance + 367.05 WHERE merchant_id = 'MCH_90520'; COMMIT;
[2026-09-29T10:30:07.150+0000] {custom_sql_operator.py:105} DEBUG - Batch 41/450: BEGIN TRANSACTION [XID 91823041]; UPDATE financial.merchant_balance_ledger SET pending_balance = pending_balance + 145.0 WHERE merchant_id = 'MCH_90533'; COMMIT;
[2026-09-29T10:30:07.300+0000] {custom_sql_operator.py:105} DEBUG - Batch 42/450: BEGIN TRANSACTION [XID 91823042]; UPDATE financial.merchant_balance_ledger SET pending_balance = pending_balance + 164.2 WHERE merchant_id = 'MCH_90546'; COMMIT;
[2026-09-29T10:30:07.450+0000] {custom_sql_operator.py:105} DEBUG - Batch 43/450: BEGIN TRANSACTION [XID 91823043]; UPDATE financial.merchant_balance_ledger SET pending_balance = pending_balance + 92.15 WHERE merchant_id = 'MCH_90559'; COMMIT;
[2026-09-29T10:30:07.600+0000] {custom_sql_operator.py:105} DEBUG - Batch 44/450: BEGIN TRANSACTION [XID 91823044]; UPDATE financial.merchant_balance_ledger SET pending_balance = pending_balance + 178.52 WHERE merchant_id = 'MCH_90572'; COMMIT;
[2026-09-29T10:30:07.750+0000] {custom_sql_operator.py:105} DEBUG - Batch 45/450: BEGIN TRANSACTION [XID 91823045]; UPDATE financial.merchant_balance_ledger SET pending_balance = pending_balance + 114.29 WHERE merchant_id = 'MCH_90585'; COMMIT;
[2026-09-29T10:30:07.900+0000] {custom_sql_operator.py:105} DEBUG - Batch 46/450: BEGIN TRANSACTION [XID 91823046]; UPDATE financial.merchant_balance_ledger SET pending_balance = pending_balance + 260.05 WHERE merchant_id = 'MCH_90598'; COMMIT;
[2026-09-29T10:30:08.050+0000] {custom_sql_operator.py:105} DEBUG - Batch 47/450: BEGIN TRANSACTION [XID 91823047]; UPDATE financial.merchant_balance_ledger SET pending_balance = pending_balance + 207.49 WHERE merchant_id = 'MCH_90611'; COMMIT;
[2026-09-29T10:30:08.200+0000] {custom_sql_operator.py:105} DEBUG - Batch 48/450: BEGIN TRANSACTION [XID 91823048]; UPDATE financial.merchant_balance_ledger SET pending_balance = pending_balance + 363.83 WHERE merchant_id = 'MCH_90624'; COMMIT;
[2026-09-29T10:30:08.350+0000] {custom_sql_operator.py:105} DEBUG - Batch 49/450: BEGIN TRANSACTION [XID 91823049]; UPDATE financial.merchant_balance_ledger SET pending_balance = pending_balance + 381.06 WHERE merchant_id = 'MCH_90637'; COMMIT;
[2026-09-29T10:30:08.500+0000] {custom_sql_operator.py:105} DEBUG - Batch 50/450: BEGIN TRANSACTION [XID 91823050]; UPDATE financial.merchant_balance_ledger SET pending_balance = pending_balance + 15.74 WHERE merchant_id = 'MCH_90650'; COMMIT;
[2026-09-29T10:30:08.650+0000] {custom_sql_operator.py:105} DEBUG - Batch 51/450: BEGIN TRANSACTION [XID 91823051]; UPDATE financial.merchant_balance_ledger SET pending_balance = pending_balance + 138.45 WHERE merchant_id = 'MCH_90663'; COMMIT;
[2026-09-29T10:30:08.800+0000] {custom_sql_operator.py:105} DEBUG - Batch 52/450: BEGIN TRANSACTION [XID 91823052]; UPDATE financial.merchant_balance_ledger SET pending_balance = pending_balance + 214.96 WHERE merchant_id = 'MCH_90676'; COMMIT;
[2026-09-29T10:30:08.950+0000] {custom_sql_operator.py:105} DEBUG - Batch 53/450: BEGIN TRANSACTION [XID 91823053]; UPDATE financial.merchant_balance_ledger SET pending_balance = pending_balance + 384.31 WHERE merchant_id = 'MCH_90689'; COMMIT;
[2026-09-29T10:30:09.100+0000] {custom_sql_operator.py:105} DEBUG - Batch 54/450: BEGIN TRANSACTION [XID 91823054]; UPDATE financial.merchant_balance_ledger SET pending_balance = pending_balance + 378.75 WHERE merchant_id = 'MCH_90702'; COMMIT;
[2026-09-29T10:30:09.250+0000] {custom_sql_operator.py:105} DEBUG - Batch 55/450: BEGIN TRANSACTION [XID 91823055]; UPDATE financial.merchant_balance_ledger SET pending_balance = pending_balance + 169.81 WHERE merchant_id = 'MCH_90715'; COMMIT;
[2026-09-29T10:30:09.400+0000] {custom_sql_operator.py:105} DEBUG - Batch 56/450: BEGIN TRANSACTION [XID 91823056]; UPDATE financial.merchant_balance_ledger SET pending_balance = pending_balance + 358.8 WHERE merchant_id = 'MCH_90728'; COMMIT;
[2026-09-29T10:30:09.550+0000] {custom_sql_operator.py:105} DEBUG - Batch 57/450: BEGIN TRANSACTION [XID 91823057]; UPDATE financial.merchant_balance_ledger SET pending_balance = pending_balance + 334.23 WHERE merchant_id = 'MCH_90741'; COMMIT;
[2026-09-29T10:30:09.700+0000] {custom_sql_operator.py:105} DEBUG - Batch 58/450: BEGIN TRANSACTION [XID 91823058]; UPDATE financial.merchant_balance_ledger SET pending_balance = pending_balance + 324.02 WHERE merchant_id = 'MCH_90754'; COMMIT;
[2026-09-29T10:30:09.850+0000] {custom_sql_operator.py:105} DEBUG - Batch 59/450: BEGIN TRANSACTION [XID 91823059]; UPDATE financial.merchant_balance_ledger SET pending_balance = pending_balance + 34.5 WHERE merchant_id = 'MCH_90767'; COMMIT;
[2026-09-29T10:30:10.000+0000] {custom_sql_operator.py:105} DEBUG - Batch 60/450: BEGIN TRANSACTION [XID 91823060]; UPDATE financial.merchant_balance_ledger SET pending_balance = pending_balance + 429.59 WHERE merchant_id = 'MCH_90780'; COMMIT;
[2026-09-29T10:30:10.150+0000] {custom_sql_operator.py:105} DEBUG - Batch 61/450: BEGIN TRANSACTION [XID 91823061]; UPDATE financial.merchant_balance_ledger SET pending_balance = pending_balance + 80.17 WHERE merchant_id = 'MCH_90793'; COMMIT;
[2026-09-29T10:30:10.300+0000] {custom_sql_operator.py:105} DEBUG - Batch 62/450: BEGIN TRANSACTION [XID 91823062]; UPDATE financial.merchant_balance_ledger SET pending_balance = pending_balance + 259.45 WHERE merchant_id = 'MCH_90806'; COMMIT;
[2026-09-29T10:30:10.450+0000] {custom_sql_operator.py:105} DEBUG - Batch 63/450: BEGIN TRANSACTION [XID 91823063]; UPDATE financial.merchant_balance_ledger SET pending_balance = pending_balance + 327.16 WHERE merchant_id = 'MCH_90819'; COMMIT;
[2026-09-29T10:30:10.600+0000] {custom_sql_operator.py:105} DEBUG - Batch 64/450: BEGIN TRANSACTION [XID 91823064]; UPDATE financial.merchant_balance_ledger SET pending_balance = pending_balance + 200.4 WHERE merchant_id = 'MCH_90832'; COMMIT;
[2026-09-29T10:30:10.750+0000] {custom_sql_operator.py:105} DEBUG - Batch 65/450: BEGIN TRANSACTION [XID 91823065]; UPDATE financial.merchant_balance_ledger SET pending_balance = pending_balance + 225.62 WHERE merchant_id = 'MCH_90845'; COMMIT;
[2026-09-29T10:30:10.900+0000] {custom_sql_operator.py:105} DEBUG - Batch 66/450: BEGIN TRANSACTION [XID 91823066]; UPDATE financial.merchant_balance_ledger SET pending_balance = pending_balance + 220.85 WHERE merchant_id = 'MCH_90858'; COMMIT;
[2026-09-29T10:30:11.050+0000] {custom_sql_operator.py:105} DEBUG - Batch 67/450: BEGIN TRANSACTION [XID 91823067]; UPDATE financial.merchant_balance_ledger SET pending_balance = pending_balance + 268.86 WHERE merchant_id = 'MCH_90871'; COMMIT;
[2026-09-29T10:30:11.200+0000] {custom_sql_operator.py:105} DEBUG - Batch 68/450: BEGIN TRANSACTION [XID 91823068]; UPDATE financial.merchant_balance_ledger SET pending_balance = pending_balance + 269.31 WHERE merchant_id = 'MCH_90884'; COMMIT;
[2026-09-29T10:30:11.350+0000] {custom_sql_operator.py:105} DEBUG - Batch 69/450: BEGIN TRANSACTION [XID 91823069]; UPDATE financial.merchant_balance_ledger SET pending_balance = pending_balance + 486.01 WHERE merchant_id = 'MCH_90897'; COMMIT;
[2026-09-29T10:30:11.500+0000] {custom_sql_operator.py:105} DEBUG - Batch 70/450: BEGIN TRANSACTION [XID 91823070]; UPDATE financial.merchant_balance_ledger SET pending_balance = pending_balance + 465.21 WHERE merchant_id = 'MCH_90910'; COMMIT;
[2026-09-29T10:30:11.650+0000] {custom_sql_operator.py:105} DEBUG - Batch 71/450: BEGIN TRANSACTION [XID 91823071]; UPDATE financial.merchant_balance_ledger SET pending_balance = pending_balance + 252.07 WHERE merchant_id = 'MCH_90923'; COMMIT;
[2026-09-29T10:30:11.800+0000] {custom_sql_operator.py:105} DEBUG - Batch 72/450: BEGIN TRANSACTION [XID 91823072]; UPDATE financial.merchant_balance_ledger SET pending_balance = pending_balance + 404.17 WHERE merchant_id = 'MCH_90936'; COMMIT;
[2026-09-29T10:30:11.950+0000] {custom_sql_operator.py:105} DEBUG - Batch 73/450: BEGIN TRANSACTION [XID 91823073]; UPDATE financial.merchant_balance_ledger SET pending_balance = pending_balance + 320.01 WHERE merchant_id = 'MCH_90949'; COMMIT;
[2026-09-29T10:30:12.100+0000] {custom_sql_operator.py:105} DEBUG - Batch 74/450: BEGIN TRANSACTION [XID 91823074]; UPDATE financial.merchant_balance_ledger SET pending_balance = pending_balance + 402.45 WHERE merchant_id = 'MCH_90962'; COMMIT;
[2026-09-29T10:30:12.250+0000] {custom_sql_operator.py:105} DEBUG - Batch 75/450: BEGIN TRANSACTION [XID 91823075]; UPDATE financial.merchant_balance_ledger SET pending_balance = pending_balance + 287.04 WHERE merchant_id = 'MCH_90975'; COMMIT;
[2026-09-29T10:30:12.400+0000] {custom_sql_operator.py:105} DEBUG - Batch 76/450: BEGIN TRANSACTION [XID 91823076]; UPDATE financial.merchant_balance_ledger SET pending_balance = pending_balance + 165.49 WHERE merchant_id = 'MCH_90988'; COMMIT;
[2026-09-29T10:30:12.550+0000] {custom_sql_operator.py:105} DEBUG - Batch 77/450: BEGIN TRANSACTION [XID 91823077]; UPDATE financial.merchant_balance_ledger SET pending_balance = pending_balance + 444.82 WHERE merchant_id = 'MCH_91001'; COMMIT;
[2026-09-29T10:30:12.700+0000] {custom_sql_operator.py:105} DEBUG - Batch 78/450: BEGIN TRANSACTION [XID 91823078]; UPDATE financial.merchant_balance_ledger SET pending_balance = pending_balance + 123.54 WHERE merchant_id = 'MCH_91014'; COMMIT;
[2026-09-29T10:30:12.850+0000] {custom_sql_operator.py:105} DEBUG - Batch 79/450: BEGIN TRANSACTION [XID 91823079]; UPDATE financial.merchant_balance_ledger SET pending_balance = pending_balance + 239.54 WHERE merchant_id = 'MCH_91027'; COMMIT;
[2026-09-29T10:30:13.000+0000] {custom_sql_operator.py:105} DEBUG - Batch 80/450: BEGIN TRANSACTION [XID 91823080]; UPDATE financial.merchant_balance_ledger SET pending_balance = pending_balance + 76.43 WHERE merchant_id = 'MCH_91040'; COMMIT;
[2026-09-29T10:30:13.150+0000] {custom_sql_operator.py:105} DEBUG - Batch 81/450: BEGIN TRANSACTION [XID 91823081]; UPDATE financial.merchant_balance_ledger SET pending_balance = pending_balance + 331.7 WHERE merchant_id = 'MCH_91053'; COMMIT;
[2026-09-29T10:30:13.300+0000] {custom_sql_operator.py:105} DEBUG - Batch 82/450: BEGIN TRANSACTION [XID 91823082]; UPDATE financial.merchant_balance_ledger SET pending_balance = pending_balance + 335.1 WHERE merchant_id = 'MCH_91066'; COMMIT;
[2026-09-29T10:30:13.450+0000] {custom_sql_operator.py:105} DEBUG - Batch 83/450: BEGIN TRANSACTION [XID 91823083]; UPDATE financial.merchant_balance_ledger SET pending_balance = pending_balance + 179.26 WHERE merchant_id = 'MCH_91079'; COMMIT;
[2026-09-29T10:30:13.600+0000] {custom_sql_operator.py:105} DEBUG - Batch 84/450: BEGIN TRANSACTION [XID 91823084]; UPDATE financial.merchant_balance_ledger SET pending_balance = pending_balance + 58.22 WHERE merchant_id = 'MCH_91092'; COMMIT;
[2026-09-29T10:30:13.750+0000] {custom_sql_operator.py:105} DEBUG - Batch 85/450: BEGIN TRANSACTION [XID 91823085]; UPDATE financial.merchant_balance_ledger SET pending_balance = pending_balance + 121.32 WHERE merchant_id = 'MCH_91105'; COMMIT;
[2026-09-29T10:30:13.900+0000] {custom_sql_operator.py:105} DEBUG - Batch 86/450: BEGIN TRANSACTION [XID 91823086]; UPDATE financial.merchant_balance_ledger SET pending_balance = pending_balance + 271.04 WHERE merchant_id = 'MCH_91118'; COMMIT;
[2026-09-29T10:30:14.050+0000] {custom_sql_operator.py:105} DEBUG - Batch 87/450: BEGIN TRANSACTION [XID 91823087]; UPDATE financial.merchant_balance_ledger SET pending_balance = pending_balance + 321.69 WHERE merchant_id = 'MCH_91131'; COMMIT;
[2026-09-29T10:30:14.200+0000] {custom_sql_operator.py:105} DEBUG - Batch 88/450: BEGIN TRANSACTION [XID 91823088]; UPDATE financial.merchant_balance_ledger SET pending_balance = pending_balance + 282.31 WHERE merchant_id = 'MCH_91144'; COMMIT;
[2026-09-29T10:30:14.350+0000] {custom_sql_operator.py:105} DEBUG - Batch 89/450: BEGIN TRANSACTION [XID 91823089]; UPDATE financial.merchant_balance_ledger SET pending_balance = pending_balance + 100.85 WHERE merchant_id = 'MCH_91157'; COMMIT;
[2026-09-29T10:30:14.500+0000] {custom_sql_operator.py:105} DEBUG - Batch 90/450: BEGIN TRANSACTION [XID 91823090]; UPDATE financial.merchant_balance_ledger SET pending_balance = pending_balance + 414.2 WHERE merchant_id = 'MCH_91170'; COMMIT;
[2026-09-29T10:30:14.650+0000] {custom_sql_operator.py:105} DEBUG - Batch 91/450: BEGIN TRANSACTION [XID 91823091]; UPDATE financial.merchant_balance_ledger SET pending_balance = pending_balance + 147.82 WHERE merchant_id = 'MCH_91183'; COMMIT;
[2026-09-29T10:30:14.800+0000] {custom_sql_operator.py:105} DEBUG - Batch 92/450: BEGIN TRANSACTION [XID 91823092]; UPDATE financial.merchant_balance_ledger SET pending_balance = pending_balance + 18.02 WHERE merchant_id = 'MCH_91196'; COMMIT;
[2026-09-29T10:30:14.950+0000] {custom_sql_operator.py:105} DEBUG - Batch 93/450: BEGIN TRANSACTION [XID 91823093]; UPDATE financial.merchant_balance_ledger SET pending_balance = pending_balance + 242.42 WHERE merchant_id = 'MCH_91209'; COMMIT;
[2026-09-29T10:30:15.100+0000] {custom_sql_operator.py:105} DEBUG - Batch 94/450: BEGIN TRANSACTION [XID 91823094]; UPDATE financial.merchant_balance_ledger SET pending_balance = pending_balance + 213.48 WHERE merchant_id = 'MCH_91222'; COMMIT;
[2026-09-29T10:30:15.250+0000] {custom_sql_operator.py:105} DEBUG - Batch 95/450: BEGIN TRANSACTION [XID 91823095]; UPDATE financial.merchant_balance_ledger SET pending_balance = pending_balance + 104.72 WHERE merchant_id = 'MCH_91235'; COMMIT;
[2026-09-29T10:30:15.400+0000] {custom_sql_operator.py:105} DEBUG - Batch 96/450: BEGIN TRANSACTION [XID 91823096]; UPDATE financial.merchant_balance_ledger SET pending_balance = pending_balance + 118.96 WHERE merchant_id = 'MCH_91248'; COMMIT;
[2026-09-29T10:30:15.550+0000] {custom_sql_operator.py:105} DEBUG - Batch 97/450: BEGIN TRANSACTION [XID 91823097]; UPDATE financial.merchant_balance_ledger SET pending_balance = pending_balance + 228.62 WHERE merchant_id = 'MCH_91261'; COMMIT;
[2026-09-29T10:30:15.700+0000] {custom_sql_operator.py:105} DEBUG - Batch 98/450: BEGIN TRANSACTION [XID 91823098]; UPDATE financial.merchant_balance_ledger SET pending_balance = pending_balance + 227.69 WHERE merchant_id = 'MCH_91274'; COMMIT;
[2026-09-29T10:30:15.850+0000] {custom_sql_operator.py:105} DEBUG - Batch 99/450: BEGIN TRANSACTION [XID 91823099]; UPDATE financial.merchant_balance_ledger SET pending_balance = pending_balance + 474.29 WHERE merchant_id = 'MCH_91287'; COMMIT;
[2026-09-29T10:30:16.000+0000] {custom_sql_operator.py:105} DEBUG - Batch 100/450: BEGIN TRANSACTION [XID 91823100]; UPDATE financial.merchant_balance_ledger SET pending_balance = pending_balance + 252.14 WHERE merchant_id = 'MCH_91300'; COMMIT;
[2026-09-29T10:30:16.150+0000] {custom_sql_operator.py:105} DEBUG - Batch 101/450: BEGIN TRANSACTION [XID 91823101]; UPDATE financial.merchant_balance_ledger SET pending_balance = pending_balance + 196.45 WHERE merchant_id = 'MCH_91313'; COMMIT;
[2026-09-29T10:30:16.300+0000] {custom_sql_operator.py:105} DEBUG - Batch 102/450: BEGIN TRANSACTION [XID 91823102]; UPDATE financial.merchant_balance_ledger SET pending_balance = pending_balance + 493.1 WHERE merchant_id = 'MCH_91326'; COMMIT;
[2026-09-29T10:30:16.450+0000] {custom_sql_operator.py:105} DEBUG - Batch 103/450: BEGIN TRANSACTION [XID 91823103]; UPDATE financial.merchant_balance_ledger SET pending_balance = pending_balance + 281.39 WHERE merchant_id = 'MCH_91339'; COMMIT;
[2026-09-29T10:30:16.600+0000] {custom_sql_operator.py:105} DEBUG - Batch 104/450: BEGIN TRANSACTION [XID 91823104]; UPDATE financial.merchant_balance_ledger SET pending_balance = pending_balance + 372.03 WHERE merchant_id = 'MCH_91352'; COMMIT;
[2026-09-29T10:30:16.750+0000] {custom_sql_operator.py:105} DEBUG - Batch 105/450: BEGIN TRANSACTION [XID 91823105]; UPDATE financial.merchant_balance_ledger SET pending_balance = pending_balance + 79.33 WHERE merchant_id = 'MCH_91365'; COMMIT;
[2026-09-29T10:30:16.900+0000] {custom_sql_operator.py:105} DEBUG - Batch 106/450: BEGIN TRANSACTION [XID 91823106]; UPDATE financial.merchant_balance_ledger SET pending_balance = pending_balance + 253.73 WHERE merchant_id = 'MCH_91378'; COMMIT;
[2026-09-29T10:30:17.050+0000] {custom_sql_operator.py:105} DEBUG - Batch 107/450: BEGIN TRANSACTION [XID 91823107]; UPDATE financial.merchant_balance_ledger SET pending_balance = pending_balance + 475.9 WHERE merchant_id = 'MCH_91391'; COMMIT;
[2026-09-29T10:30:17.200+0000] {custom_sql_operator.py:105} DEBUG - Batch 108/450: BEGIN TRANSACTION [XID 91823108]; UPDATE financial.merchant_balance_ledger SET pending_balance = pending_balance + 70.86 WHERE merchant_id = 'MCH_91404'; COMMIT;
[2026-09-29T10:30:17.350+0000] {custom_sql_operator.py:105} DEBUG - Batch 109/450: BEGIN TRANSACTION [XID 91823109]; UPDATE financial.merchant_balance_ledger SET pending_balance = pending_balance + 13.86 WHERE merchant_id = 'MCH_91417'; COMMIT;
[2026-09-29T10:30:17.500+0000] {custom_sql_operator.py:105} DEBUG - Batch 110/450: BEGIN TRANSACTION [XID 91823110]; UPDATE financial.merchant_balance_ledger SET pending_balance = pending_balance + 123.73 WHERE merchant_id = 'MCH_91430'; COMMIT;
[2026-09-29T10:30:17.650+0000] {custom_sql_operator.py:105} DEBUG - Batch 111/450: BEGIN TRANSACTION [XID 91823111]; UPDATE financial.merchant_balance_ledger SET pending_balance = pending_balance + 456.37 WHERE merchant_id = 'MCH_91443'; COMMIT;
[2026-09-29T10:30:17.800+0000] {custom_sql_operator.py:105} DEBUG - Batch 112/450: BEGIN TRANSACTION [XID 91823112]; UPDATE financial.merchant_balance_ledger SET pending_balance = pending_balance + 116.19 WHERE merchant_id = 'MCH_91456'; COMMIT;
[2026-09-29T10:30:17.950+0000] {custom_sql_operator.py:105} DEBUG - Batch 113/450: BEGIN TRANSACTION [XID 91823113]; UPDATE financial.merchant_balance_ledger SET pending_balance = pending_balance + 352.99 WHERE merchant_id = 'MCH_91469'; COMMIT;
[2026-09-29T10:30:18.100+0000] {custom_sql_operator.py:105} DEBUG - Batch 114/450: BEGIN TRANSACTION [XID 91823114]; UPDATE financial.merchant_balance_ledger SET pending_balance = pending_balance + 470.89 WHERE merchant_id = 'MCH_91482'; COMMIT;
[2026-09-29T10:30:18.250+0000] {custom_sql_operator.py:105} DEBUG - Batch 115/450: BEGIN TRANSACTION [XID 91823115]; UPDATE financial.merchant_balance_ledger SET pending_balance = pending_balance + 298.31 WHERE merchant_id = 'MCH_91495'; COMMIT;
[2026-09-29T10:30:18.400+0000] {custom_sql_operator.py:105} DEBUG - Batch 116/450: BEGIN TRANSACTION [XID 91823116]; UPDATE financial.merchant_balance_ledger SET pending_balance = pending_balance + 463.37 WHERE merchant_id = 'MCH_91508'; COMMIT;
[2026-09-29T10:30:18.550+0000] {custom_sql_operator.py:105} DEBUG - Batch 117/450: BEGIN TRANSACTION [XID 91823117]; UPDATE financial.merchant_balance_ledger SET pending_balance = pending_balance + 100.7 WHERE merchant_id = 'MCH_91521'; COMMIT;
[2026-09-29T10:30:18.700+0000] {custom_sql_operator.py:105} DEBUG - Batch 118/450: BEGIN TRANSACTION [XID 91823118]; UPDATE financial.merchant_balance_ledger SET pending_balance = pending_balance + 72.64 WHERE merchant_id = 'MCH_91534'; COMMIT;
[2026-09-29T10:30:18.850+0000] {custom_sql_operator.py:105} DEBUG - Batch 119/450: BEGIN TRANSACTION [XID 91823119]; UPDATE financial.merchant_balance_ledger SET pending_balance = pending_balance + 230.07 WHERE merchant_id = 'MCH_91547'; COMMIT;
[2026-09-29T10:30:19.000+0000] {custom_sql_operator.py:105} DEBUG - Batch 120/450: BEGIN TRANSACTION [XID 91823120]; UPDATE financial.merchant_balance_ledger SET pending_balance = pending_balance + 314.02 WHERE merchant_id = 'MCH_91560'; COMMIT;
[2026-09-29T10:30:19.150+0000] {custom_sql_operator.py:105} DEBUG - Batch 121/450: BEGIN TRANSACTION [XID 91823121]; UPDATE financial.merchant_balance_ledger SET pending_balance = pending_balance + 314.88 WHERE merchant_id = 'MCH_91573'; COMMIT;
[2026-09-29T10:30:19.300+0000] {custom_sql_operator.py:105} DEBUG - Batch 122/450: BEGIN TRANSACTION [XID 91823122]; UPDATE financial.merchant_balance_ledger SET pending_balance = pending_balance + 290.14 WHERE merchant_id = 'MCH_91586'; COMMIT;
[2026-09-29T10:30:19.450+0000] {custom_sql_operator.py:105} DEBUG - Batch 123/450: BEGIN TRANSACTION [XID 91823123]; UPDATE financial.merchant_balance_ledger SET pending_balance = pending_balance + 474.14 WHERE merchant_id = 'MCH_91599'; COMMIT;
[2026-09-29T10:30:19.600+0000] {custom_sql_operator.py:105} DEBUG - Batch 124/450: BEGIN TRANSACTION [XID 91823124]; UPDATE financial.merchant_balance_ledger SET pending_balance = pending_balance + 85.89 WHERE merchant_id = 'MCH_91612'; COMMIT;
[2026-09-29T10:30:19.750+0000] {custom_sql_operator.py:105} DEBUG - Batch 125/450: BEGIN TRANSACTION [XID 91823125]; UPDATE financial.merchant_balance_ledger SET pending_balance = pending_balance + 490.75 WHERE merchant_id = 'MCH_91625'; COMMIT;
[2026-09-29T10:30:19.900+0000] {custom_sql_operator.py:105} DEBUG - Batch 126/450: BEGIN TRANSACTION [XID 91823126]; UPDATE financial.merchant_balance_ledger SET pending_balance = pending_balance + 77.86 WHERE merchant_id = 'MCH_91638'; COMMIT;
[2026-09-29T10:30:20.050+0000] {custom_sql_operator.py:105} DEBUG - Batch 127/450: BEGIN TRANSACTION [XID 91823127]; UPDATE financial.merchant_balance_ledger SET pending_balance = pending_balance + 51.89 WHERE merchant_id = 'MCH_91651'; COMMIT;
[2026-09-29T10:30:20.200+0000] {custom_sql_operator.py:105} DEBUG - Batch 128/450: BEGIN TRANSACTION [XID 91823128]; UPDATE financial.merchant_balance_ledger SET pending_balance = pending_balance + 391.56 WHERE merchant_id = 'MCH_91664'; COMMIT;
[2026-09-29T10:30:20.350+0000] {custom_sql_operator.py:105} DEBUG - Batch 129/450: BEGIN TRANSACTION [XID 91823129]; UPDATE financial.merchant_balance_ledger SET pending_balance = pending_balance + 264.56 WHERE merchant_id = 'MCH_91677'; COMMIT;
[2026-09-29T10:30:20.500+0000] {custom_sql_operator.py:105} DEBUG - Batch 130/450: BEGIN TRANSACTION [XID 91823130]; UPDATE financial.merchant_balance_ledger SET pending_balance = pending_balance + 439.64 WHERE merchant_id = 'MCH_91690'; COMMIT;
[2026-09-29T10:30:20.650+0000] {custom_sql_operator.py:105} DEBUG - Batch 131/450: BEGIN TRANSACTION [XID 91823131]; UPDATE financial.merchant_balance_ledger SET pending_balance = pending_balance + 363.52 WHERE merchant_id = 'MCH_91703'; COMMIT;
[2026-09-29T10:30:20.800+0000] {custom_sql_operator.py:105} DEBUG - Batch 132/450: BEGIN TRANSACTION [XID 91823132]; UPDATE financial.merchant_balance_ledger SET pending_balance = pending_balance + 380.88 WHERE merchant_id = 'MCH_91716'; COMMIT;
[2026-09-29T10:30:20.950+0000] {custom_sql_operator.py:105} DEBUG - Batch 133/450: BEGIN TRANSACTION [XID 91823133]; UPDATE financial.merchant_balance_ledger SET pending_balance = pending_balance + 304.81 WHERE merchant_id = 'MCH_91729'; COMMIT;
[2026-09-29T10:30:21.100+0000] {custom_sql_operator.py:105} DEBUG - Batch 134/450: BEGIN TRANSACTION [XID 91823134]; UPDATE financial.merchant_balance_ledger SET pending_balance = pending_balance + 468.95 WHERE merchant_id = 'MCH_91742'; COMMIT;
[2026-09-29T10:30:21.250+0000] {custom_sql_operator.py:105} DEBUG - Batch 135/450: BEGIN TRANSACTION [XID 91823135]; UPDATE financial.merchant_balance_ledger SET pending_balance = pending_balance + 269.86 WHERE merchant_id = 'MCH_91755'; COMMIT;
[2026-09-29T10:30:21.400+0000] {custom_sql_operator.py:105} DEBUG - Batch 136/450: BEGIN TRANSACTION [XID 91823136]; UPDATE financial.merchant_balance_ledger SET pending_balance = pending_balance + 222.03 WHERE merchant_id = 'MCH_91768'; COMMIT;
[2026-09-29T10:30:21.550+0000] {custom_sql_operator.py:105} DEBUG - Batch 137/450: BEGIN TRANSACTION [XID 91823137]; UPDATE financial.merchant_balance_ledger SET pending_balance = pending_balance + 228.11 WHERE merchant_id = 'MCH_91781'; COMMIT;
[2026-09-29T10:30:21.700+0000] {custom_sql_operator.py:105} DEBUG - Batch 138/450: BEGIN TRANSACTION [XID 91823138]; UPDATE financial.merchant_balance_ledger SET pending_balance = pending_balance + 432.15 WHERE merchant_id = 'MCH_91794'; COMMIT;
[2026-09-29T10:30:21.850+0000] {custom_sql_operator.py:105} DEBUG - Batch 139/450: BEGIN TRANSACTION [XID 91823139]; UPDATE financial.merchant_balance_ledger SET pending_balance = pending_balance + 267.86 WHERE merchant_id = 'MCH_91807'; COMMIT;
[2026-09-29T10:30:22.000+0000] {custom_sql_operator.py:105} DEBUG - Batch 140/450: BEGIN TRANSACTION [XID 91823140]; UPDATE financial.merchant_balance_ledger SET pending_balance = pending_balance + 70.05 WHERE merchant_id = 'MCH_91820'; COMMIT;
[2026-09-29T10:30:22.150+0000] {custom_sql_operator.py:105} DEBUG - Batch 141/450: BEGIN TRANSACTION [XID 91823141]; UPDATE financial.merchant_balance_ledger SET pending_balance = pending_balance + 471.57 WHERE merchant_id = 'MCH_91833'; COMMIT;
[2026-09-29T10:30:22.300+0000] {custom_sql_operator.py:105} DEBUG - Batch 142/450: BEGIN TRANSACTION [XID 91823142]; UPDATE financial.merchant_balance_ledger SET pending_balance = pending_balance + 267.01 WHERE merchant_id = 'MCH_91846'; COMMIT;
[2026-09-29T10:30:22.450+0000] {custom_sql_operator.py:105} DEBUG - Batch 143/450: BEGIN TRANSACTION [XID 91823143]; UPDATE financial.merchant_balance_ledger SET pending_balance = pending_balance + 149.21 WHERE merchant_id = 'MCH_91859'; COMMIT;
[2026-09-29T10:30:22.600+0000] {custom_sql_operator.py:105} DEBUG - Batch 144/450: BEGIN TRANSACTION [XID 91823144]; UPDATE financial.merchant_balance_ledger SET pending_balance = pending_balance + 161.53 WHERE merchant_id = 'MCH_91872'; COMMIT;
[2026-09-29T10:30:22.750+0000] {custom_sql_operator.py:105} DEBUG - Batch 145/450: BEGIN TRANSACTION [XID 91823145]; UPDATE financial.merchant_balance_ledger SET pending_balance = pending_balance + 268.1 WHERE merchant_id = 'MCH_91885'; COMMIT;
[2026-09-29T10:30:22.900+0000] {custom_sql_operator.py:105} DEBUG - Batch 146/450: BEGIN TRANSACTION [XID 91823146]; UPDATE financial.merchant_balance_ledger SET pending_balance = pending_balance + 218.7 WHERE merchant_id = 'MCH_91898'; COMMIT;
[2026-09-29T10:30:23.050+0000] {custom_sql_operator.py:105} DEBUG - Batch 147/450: BEGIN TRANSACTION [XID 91823147]; UPDATE financial.merchant_balance_ledger SET pending_balance = pending_balance + 196.0 WHERE merchant_id = 'MCH_91911'; COMMIT;
[2026-09-29T10:30:23.200+0000] {custom_sql_operator.py:105} DEBUG - Batch 148/450: BEGIN TRANSACTION [XID 91823148]; UPDATE financial.merchant_balance_ledger SET pending_balance = pending_balance + 94.59 WHERE merchant_id = 'MCH_91924'; COMMIT;
[2026-09-29T10:30:23.350+0000] {custom_sql_operator.py:105} DEBUG - Batch 149/450: BEGIN TRANSACTION [XID 91823149]; UPDATE financial.merchant_balance_ledger SET pending_balance = pending_balance + 381.07 WHERE merchant_id = 'MCH_91937'; COMMIT;
[2026-09-29T10:30:23.500+0000] {custom_sql_operator.py:105} DEBUG - Batch 150/450: BEGIN TRANSACTION [XID 91823150]; UPDATE financial.merchant_balance_ledger SET pending_balance = pending_balance + 197.21 WHERE merchant_id = 'MCH_91950'; COMMIT;
[2026-09-29T10:30:23.650+0000] {custom_sql_operator.py:105} DEBUG - Batch 151/450: BEGIN TRANSACTION [XID 91823151]; UPDATE financial.merchant_balance_ledger SET pending_balance = pending_balance + 373.31 WHERE merchant_id = 'MCH_91963'; COMMIT;
[2026-09-29T10:30:23.800+0000] {custom_sql_operator.py:105} DEBUG - Batch 152/450: BEGIN TRANSACTION [XID 91823152]; UPDATE financial.merchant_balance_ledger SET pending_balance = pending_balance + 330.95 WHERE merchant_id = 'MCH_91976'; COMMIT;
[2026-09-29T10:30:23.950+0000] {custom_sql_operator.py:105} DEBUG - Batch 153/450: BEGIN TRANSACTION [XID 91823153]; UPDATE financial.merchant_balance_ledger SET pending_balance = pending_balance + 296.96 WHERE merchant_id = 'MCH_91989'; COMMIT;
[2026-09-29T10:30:24.100+0000] {custom_sql_operator.py:105} DEBUG - Batch 154/450: BEGIN TRANSACTION [XID 91823154]; UPDATE financial.merchant_balance_ledger SET pending_balance = pending_balance + 127.47 WHERE merchant_id = 'MCH_92002'; COMMIT;
[2026-09-29T10:30:24.250+0000] {custom_sql_operator.py:105} DEBUG - Batch 155/450: BEGIN TRANSACTION [XID 91823155]; UPDATE financial.merchant_balance_ledger SET pending_balance = pending_balance + 249.92 WHERE merchant_id = 'MCH_92015'; COMMIT;
[2026-09-29T10:30:24.400+0000] {custom_sql_operator.py:105} DEBUG - Batch 156/450: BEGIN TRANSACTION [XID 91823156]; UPDATE financial.merchant_balance_ledger SET pending_balance = pending_balance + 400.6 WHERE merchant_id = 'MCH_92028'; COMMIT;
[2026-09-29T10:30:24.550+0000] {custom_sql_operator.py:105} DEBUG - Batch 157/450: BEGIN TRANSACTION [XID 91823157]; UPDATE financial.merchant_balance_ledger SET pending_balance = pending_balance + 343.88 WHERE merchant_id = 'MCH_92041'; COMMIT;
[2026-09-29T10:30:24.700+0000] {custom_sql_operator.py:105} DEBUG - Batch 158/450: BEGIN TRANSACTION [XID 91823158]; UPDATE financial.merchant_balance_ledger SET pending_balance = pending_balance + 203.77 WHERE merchant_id = 'MCH_92054'; COMMIT;
[2026-09-29T10:30:24.850+0000] {custom_sql_operator.py:105} DEBUG - Batch 159/450: BEGIN TRANSACTION [XID 91823159]; UPDATE financial.merchant_balance_ledger SET pending_balance = pending_balance + 365.01 WHERE merchant_id = 'MCH_92067'; COMMIT;
[2026-09-29T10:30:25.000+0000] {custom_sql_operator.py:105} DEBUG - Batch 160/450: BEGIN TRANSACTION [XID 91823160]; UPDATE financial.merchant_balance_ledger SET pending_balance = pending_balance + 202.48 WHERE merchant_id = 'MCH_92080'; COMMIT;
[2026-09-29T10:30:25.150+0000] {custom_sql_operator.py:105} DEBUG - Batch 161/450: BEGIN TRANSACTION [XID 91823161]; UPDATE financial.merchant_balance_ledger SET pending_balance = pending_balance + 395.35 WHERE merchant_id = 'MCH_92093'; COMMIT;
[2026-09-29T10:30:25.300+0000] {custom_sql_operator.py:105} DEBUG - Batch 162/450: BEGIN TRANSACTION [XID 91823162]; UPDATE financial.merchant_balance_ledger SET pending_balance = pending_balance + 393.85 WHERE merchant_id = 'MCH_92106'; COMMIT;
[2026-09-29T10:30:25.450+0000] {custom_sql_operator.py:105} DEBUG - Batch 163/450: BEGIN TRANSACTION [XID 91823163]; UPDATE financial.merchant_balance_ledger SET pending_balance = pending_balance + 64.81 WHERE merchant_id = 'MCH_92119'; COMMIT;
[2026-09-29T10:30:25.600+0000] {custom_sql_operator.py:105} DEBUG - Batch 164/450: BEGIN TRANSACTION [XID 91823164]; UPDATE financial.merchant_balance_ledger SET pending_balance = pending_balance + 70.68 WHERE merchant_id = 'MCH_92132'; COMMIT;
[2026-09-29T10:30:25.750+0000] {custom_sql_operator.py:105} DEBUG - Batch 165/450: BEGIN TRANSACTION [XID 91823165]; UPDATE financial.merchant_balance_ledger SET pending_balance = pending_balance + 491.46 WHERE merchant_id = 'MCH_92145'; COMMIT;
[2026-09-29T10:30:25.900+0000] {custom_sql_operator.py:105} DEBUG - Batch 166/450: BEGIN TRANSACTION [XID 91823166]; UPDATE financial.merchant_balance_ledger SET pending_balance = pending_balance + 324.55 WHERE merchant_id = 'MCH_92158'; COMMIT;
[2026-09-29T10:30:26.050+0000] {custom_sql_operator.py:105} DEBUG - Batch 167/450: BEGIN TRANSACTION [XID 91823167]; UPDATE financial.merchant_balance_ledger SET pending_balance = pending_balance + 432.15 WHERE merchant_id = 'MCH_92171'; COMMIT;
[2026-09-29T10:30:26.200+0000] {custom_sql_operator.py:105} DEBUG - Batch 168/450: BEGIN TRANSACTION [XID 91823168]; UPDATE financial.merchant_balance_ledger SET pending_balance = pending_balance + 303.18 WHERE merchant_id = 'MCH_92184'; COMMIT;
[2026-09-29T10:30:26.350+0000] {custom_sql_operator.py:105} DEBUG - Batch 169/450: BEGIN TRANSACTION [XID 91823169]; UPDATE financial.merchant_balance_ledger SET pending_balance = pending_balance + 286.12 WHERE merchant_id = 'MCH_92197'; COMMIT;
[2026-09-29T10:30:26.500+0000] {custom_sql_operator.py:105} DEBUG - Batch 170/450: BEGIN TRANSACTION [XID 91823170]; UPDATE financial.merchant_balance_ledger SET pending_balance = pending_balance + 151.26 WHERE merchant_id = 'MCH_92210'; COMMIT;
[2026-09-29T10:30:26.650+0000] {custom_sql_operator.py:105} DEBUG - Batch 171/450: BEGIN TRANSACTION [XID 91823171]; UPDATE financial.merchant_balance_ledger SET pending_balance = pending_balance + 45.37 WHERE merchant_id = 'MCH_92223'; COMMIT;
[2026-09-29T10:30:26.800+0000] {custom_sql_operator.py:105} DEBUG - Batch 172/450: BEGIN TRANSACTION [XID 91823172]; UPDATE financial.merchant_balance_ledger SET pending_balance = pending_balance + 161.77 WHERE merchant_id = 'MCH_92236'; COMMIT;
[2026-09-29T10:30:26.950+0000] {custom_sql_operator.py:105} DEBUG - Batch 173/450: BEGIN TRANSACTION [XID 91823173]; UPDATE financial.merchant_balance_ledger SET pending_balance = pending_balance + 431.82 WHERE merchant_id = 'MCH_92249'; COMMIT;
[2026-09-29T10:30:27.100+0000] {custom_sql_operator.py:105} DEBUG - Batch 174/450: BEGIN TRANSACTION [XID 91823174]; UPDATE financial.merchant_balance_ledger SET pending_balance = pending_balance + 219.71 WHERE merchant_id = 'MCH_92262'; COMMIT;
[2026-09-29T10:30:27.250+0000] {custom_sql_operator.py:105} DEBUG - Batch 175/450: BEGIN TRANSACTION [XID 91823175]; UPDATE financial.merchant_balance_ledger SET pending_balance = pending_balance + 208.74 WHERE merchant_id = 'MCH_92275'; COMMIT;
[2026-09-29T10:30:27.400+0000] {custom_sql_operator.py:105} DEBUG - Batch 176/450: BEGIN TRANSACTION [XID 91823176]; UPDATE financial.merchant_balance_ledger SET pending_balance = pending_balance + 350.43 WHERE merchant_id = 'MCH_92288'; COMMIT;
[2026-09-29T10:30:27.550+0000] {custom_sql_operator.py:105} DEBUG - Batch 177/450: BEGIN TRANSACTION [XID 91823177]; UPDATE financial.merchant_balance_ledger SET pending_balance = pending_balance + 336.98 WHERE merchant_id = 'MCH_92301'; COMMIT;
[2026-09-29T10:30:27.700+0000] {custom_sql_operator.py:105} DEBUG - Batch 178/450: BEGIN TRANSACTION [XID 91823178]; UPDATE financial.merchant_balance_ledger SET pending_balance = pending_balance + 430.93 WHERE merchant_id = 'MCH_92314'; COMMIT;
[2026-09-29T10:30:27.850+0000] {custom_sql_operator.py:105} DEBUG - Batch 179/450: BEGIN TRANSACTION [XID 91823179]; UPDATE financial.merchant_balance_ledger SET pending_balance = pending_balance + 463.75 WHERE merchant_id = 'MCH_92327'; COMMIT;
[2026-09-29T10:30:28.000+0000] {custom_sql_operator.py:105} DEBUG - Batch 180/450: BEGIN TRANSACTION [XID 91823180]; UPDATE financial.merchant_balance_ledger SET pending_balance = pending_balance + 264.99 WHERE merchant_id = 'MCH_92340'; COMMIT;
[2026-09-29T10:30:28.150+0000] {custom_sql_operator.py:105} DEBUG - Batch 181/450: BEGIN TRANSACTION [XID 91823181]; UPDATE financial.merchant_balance_ledger SET pending_balance = pending_balance + 191.22 WHERE merchant_id = 'MCH_92353'; COMMIT;
[2026-09-29T10:30:28.300+0000] {custom_sql_operator.py:105} DEBUG - Batch 182/450: BEGIN TRANSACTION [XID 91823182]; UPDATE financial.merchant_balance_ledger SET pending_balance = pending_balance + 291.34 WHERE merchant_id = 'MCH_92366'; COMMIT;
[2026-09-29T10:30:28.450+0000] {custom_sql_operator.py:105} DEBUG - Batch 183/450: BEGIN TRANSACTION [XID 91823183]; UPDATE financial.merchant_balance_ledger SET pending_balance = pending_balance + 383.44 WHERE merchant_id = 'MCH_92379'; COMMIT;
[2026-09-29T10:30:28.600+0000] {custom_sql_operator.py:105} DEBUG - Batch 184/450: BEGIN TRANSACTION [XID 91823184]; UPDATE financial.merchant_balance_ledger SET pending_balance = pending_balance + 154.18 WHERE merchant_id = 'MCH_92392'; COMMIT;
[2026-09-29T10:30:28.750+0000] {custom_sql_operator.py:105} DEBUG - Batch 185/450: BEGIN TRANSACTION [XID 91823185]; UPDATE financial.merchant_balance_ledger SET pending_balance = pending_balance + 252.93 WHERE merchant_id = 'MCH_92405'; COMMIT;
[2026-09-29T10:30:28.900+0000] {custom_sql_operator.py:105} DEBUG - Batch 186/450: BEGIN TRANSACTION [XID 91823186]; UPDATE financial.merchant_balance_ledger SET pending_balance = pending_balance + 401.81 WHERE merchant_id = 'MCH_92418'; COMMIT;
[2026-09-29T10:30:29.050+0000] {custom_sql_operator.py:105} DEBUG - Batch 187/450: BEGIN TRANSACTION [XID 91823187]; UPDATE financial.merchant_balance_ledger SET pending_balance = pending_balance + 252.68 WHERE merchant_id = 'MCH_92431'; COMMIT;
[2026-09-29T10:30:29.200+0000] {custom_sql_operator.py:105} DEBUG - Batch 188/450: BEGIN TRANSACTION [XID 91823188]; UPDATE financial.merchant_balance_ledger SET pending_balance = pending_balance + 16.89 WHERE merchant_id = 'MCH_92444'; COMMIT;
[2026-09-29T10:30:29.350+0000] {custom_sql_operator.py:105} DEBUG - Batch 189/450: BEGIN TRANSACTION [XID 91823189]; UPDATE financial.merchant_balance_ledger SET pending_balance = pending_balance + 291.0 WHERE merchant_id = 'MCH_92457'; COMMIT;
[2026-09-29T10:30:29.500+0000] {custom_sql_operator.py:105} DEBUG - Batch 190/450: BEGIN TRANSACTION [XID 91823190]; UPDATE financial.merchant_balance_ledger SET pending_balance = pending_balance + 306.27 WHERE merchant_id = 'MCH_92470'; COMMIT;
[2026-09-29T10:30:29.650+0000] {custom_sql_operator.py:105} DEBUG - Batch 191/450: BEGIN TRANSACTION [XID 91823191]; UPDATE financial.merchant_balance_ledger SET pending_balance = pending_balance + 451.87 WHERE merchant_id = 'MCH_92483'; COMMIT;
[2026-09-29T10:30:29.800+0000] {custom_sql_operator.py:105} DEBUG - Batch 192/450: BEGIN TRANSACTION [XID 91823192]; UPDATE financial.merchant_balance_ledger SET pending_balance = pending_balance + 335.16 WHERE merchant_id = 'MCH_92496'; COMMIT;
[2026-09-29T10:30:29.950+0000] {custom_sql_operator.py:105} DEBUG - Batch 193/450: BEGIN TRANSACTION [XID 91823193]; UPDATE financial.merchant_balance_ledger SET pending_balance = pending_balance + 481.53 WHERE merchant_id = 'MCH_92509'; COMMIT;
[2026-09-29T10:30:30.100+0000] {custom_sql_operator.py:105} DEBUG - Batch 194/450: BEGIN TRANSACTION [XID 91823194]; UPDATE financial.merchant_balance_ledger SET pending_balance = pending_balance + 113.65 WHERE merchant_id = 'MCH_92522'; COMMIT;
[2026-09-29T10:30:30.250+0000] {custom_sql_operator.py:105} DEBUG - Batch 195/450: BEGIN TRANSACTION [XID 91823195]; UPDATE financial.merchant_balance_ledger SET pending_balance = pending_balance + 486.14 WHERE merchant_id = 'MCH_92535'; COMMIT;
[2026-09-29T10:30:30.400+0000] {custom_sql_operator.py:105} DEBUG - Batch 196/450: BEGIN TRANSACTION [XID 91823196]; UPDATE financial.merchant_balance_ledger SET pending_balance = pending_balance + 171.83 WHERE merchant_id = 'MCH_92548'; COMMIT;
[2026-09-29T10:30:30.550+0000] {custom_sql_operator.py:105} DEBUG - Batch 197/450: BEGIN TRANSACTION [XID 91823197]; UPDATE financial.merchant_balance_ledger SET pending_balance = pending_balance + 337.66 WHERE merchant_id = 'MCH_92561'; COMMIT;
[2026-09-29T10:30:30.700+0000] {custom_sql_operator.py:105} DEBUG - Batch 198/450: BEGIN TRANSACTION [XID 91823198]; UPDATE financial.merchant_balance_ledger SET pending_balance = pending_balance + 132.23 WHERE merchant_id = 'MCH_92574'; COMMIT;
[2026-09-29T10:30:30.850+0000] {custom_sql_operator.py:105} DEBUG - Batch 199/450: BEGIN TRANSACTION [XID 91823199]; UPDATE financial.merchant_balance_ledger SET pending_balance = pending_balance + 232.1 WHERE merchant_id = 'MCH_92587'; COMMIT;
[2026-09-29T10:30:31.000+0000] {custom_sql_operator.py:105} DEBUG - Batch 200/450: BEGIN TRANSACTION [XID 91823200]; UPDATE financial.merchant_balance_ledger SET pending_balance = pending_balance + 450.85 WHERE merchant_id = 'MCH_92600'; COMMIT;
[2026-09-29T10:30:31.150+0000] {custom_sql_operator.py:105} DEBUG - Batch 201/450: BEGIN TRANSACTION [XID 91823201]; UPDATE financial.merchant_balance_ledger SET pending_balance = pending_balance + 113.86 WHERE merchant_id = 'MCH_92613'; COMMIT;
[2026-09-29T10:30:31.300+0000] {custom_sql_operator.py:105} DEBUG - Batch 202/450: BEGIN TRANSACTION [XID 91823202]; UPDATE financial.merchant_balance_ledger SET pending_balance = pending_balance + 72.29 WHERE merchant_id = 'MCH_92626'; COMMIT;
[2026-09-29T10:30:31.450+0000] {custom_sql_operator.py:105} DEBUG - Batch 203/450: BEGIN TRANSACTION [XID 91823203]; UPDATE financial.merchant_balance_ledger SET pending_balance = pending_balance + 146.53 WHERE merchant_id = 'MCH_92639'; COMMIT;
[2026-09-29T10:30:31.600+0000] {custom_sql_operator.py:105} DEBUG - Batch 204/450: BEGIN TRANSACTION [XID 91823204]; UPDATE financial.merchant_balance_ledger SET pending_balance = pending_balance + 290.97 WHERE merchant_id = 'MCH_92652'; COMMIT;
[2026-09-29T10:30:31.750+0000] {custom_sql_operator.py:105} DEBUG - Batch 205/450: BEGIN TRANSACTION [XID 91823205]; UPDATE financial.merchant_balance_ledger SET pending_balance = pending_balance + 16.23 WHERE merchant_id = 'MCH_92665'; COMMIT;
[2026-09-29T10:30:31.900+0000] {custom_sql_operator.py:105} DEBUG - Batch 206/450: BEGIN TRANSACTION [XID 91823206]; UPDATE financial.merchant_balance_ledger SET pending_balance = pending_balance + 78.89 WHERE merchant_id = 'MCH_92678'; COMMIT;
[2026-09-29T10:30:32.050+0000] {custom_sql_operator.py:105} DEBUG - Batch 207/450: BEGIN TRANSACTION [XID 91823207]; UPDATE financial.merchant_balance_ledger SET pending_balance = pending_balance + 77.88 WHERE merchant_id = 'MCH_92691'; COMMIT;
[2026-09-29T10:30:32.200+0000] {custom_sql_operator.py:105} DEBUG - Batch 208/450: BEGIN TRANSACTION [XID 91823208]; UPDATE financial.merchant_balance_ledger SET pending_balance = pending_balance + 319.84 WHERE merchant_id = 'MCH_92704'; COMMIT;
[2026-09-29T10:30:32.350+0000] {custom_sql_operator.py:105} DEBUG - Batch 209/450: BEGIN TRANSACTION [XID 91823209]; UPDATE financial.merchant_balance_ledger SET pending_balance = pending_balance + 53.43 WHERE merchant_id = 'MCH_92717'; COMMIT;
[2026-09-29T10:30:32.500+0000] {custom_sql_operator.py:105} DEBUG - Batch 210/450: BEGIN TRANSACTION [XID 91823210]; UPDATE financial.merchant_balance_ledger SET pending_balance = pending_balance + 417.99 WHERE merchant_id = 'MCH_92730'; COMMIT;
[2026-09-29T10:30:32.650+0000] {custom_sql_operator.py:105} DEBUG - Batch 211/450: BEGIN TRANSACTION [XID 91823211]; UPDATE financial.merchant_balance_ledger SET pending_balance = pending_balance + 136.08 WHERE merchant_id = 'MCH_92743'; COMMIT;
[2026-09-29T10:30:32.800+0000] {custom_sql_operator.py:105} DEBUG - Batch 212/450: BEGIN TRANSACTION [XID 91823212]; UPDATE financial.merchant_balance_ledger SET pending_balance = pending_balance + 247.91 WHERE merchant_id = 'MCH_92756'; COMMIT;
[2026-09-29T10:30:32.950+0000] {custom_sql_operator.py:105} DEBUG - Batch 213/450: BEGIN TRANSACTION [XID 91823213]; UPDATE financial.merchant_balance_ledger SET pending_balance = pending_balance + 39.32 WHERE merchant_id = 'MCH_92769'; COMMIT;
[2026-09-29T10:30:33.100+0000] {custom_sql_operator.py:105} DEBUG - Batch 214/450: BEGIN TRANSACTION [XID 91823214]; UPDATE financial.merchant_balance_ledger SET pending_balance = pending_balance + 16.35 WHERE merchant_id = 'MCH_92782'; COMMIT;
[2026-09-29T10:30:33.250+0000] {custom_sql_operator.py:105} DEBUG - Batch 215/450: BEGIN TRANSACTION [XID 91823215]; UPDATE financial.merchant_balance_ledger SET pending_balance = pending_balance + 273.9 WHERE merchant_id = 'MCH_92795'; COMMIT;
[2026-09-29T10:30:33.400+0000] {custom_sql_operator.py:105} DEBUG - Batch 216/450: BEGIN TRANSACTION [XID 91823216]; UPDATE financial.merchant_balance_ledger SET pending_balance = pending_balance + 108.76 WHERE merchant_id = 'MCH_92808'; COMMIT;
[2026-09-29T10:30:33.550+0000] {custom_sql_operator.py:105} DEBUG - Batch 217/450: BEGIN TRANSACTION [XID 91823217]; UPDATE financial.merchant_balance_ledger SET pending_balance = pending_balance + 288.92 WHERE merchant_id = 'MCH_92821'; COMMIT;
[2026-09-29T10:30:33.700+0000] {custom_sql_operator.py:105} DEBUG - Batch 218/450: BEGIN TRANSACTION [XID 91823218]; UPDATE financial.merchant_balance_ledger SET pending_balance = pending_balance + 367.43 WHERE merchant_id = 'MCH_92834'; COMMIT;
[2026-09-29T10:30:33.850+0000] {custom_sql_operator.py:105} DEBUG - Batch 219/450: BEGIN TRANSACTION [XID 91823219]; UPDATE financial.merchant_balance_ledger SET pending_balance = pending_balance + 163.29 WHERE merchant_id = 'MCH_92847'; COMMIT;
[2026-09-29T10:30:34.000+0000] {custom_sql_operator.py:105} DEBUG - Batch 220/450: BEGIN TRANSACTION [XID 91823220]; UPDATE financial.merchant_balance_ledger SET pending_balance = pending_balance + 217.99 WHERE merchant_id = 'MCH_92860'; COMMIT;
[2026-09-29T10:30:34.150+0000] {custom_sql_operator.py:105} DEBUG - Batch 221/450: BEGIN TRANSACTION [XID 91823221]; UPDATE financial.merchant_balance_ledger SET pending_balance = pending_balance + 188.27 WHERE merchant_id = 'MCH_92873'; COMMIT;
[2026-09-29T10:30:34.300+0000] {custom_sql_operator.py:105} DEBUG - Batch 222/450: BEGIN TRANSACTION [XID 91823222]; UPDATE financial.merchant_balance_ledger SET pending_balance = pending_balance + 219.35 WHERE merchant_id = 'MCH_92886'; COMMIT;
[2026-09-29T10:30:34.450+0000] {custom_sql_operator.py:105} DEBUG - Batch 223/450: BEGIN TRANSACTION [XID 91823223]; UPDATE financial.merchant_balance_ledger SET pending_balance = pending_balance + 339.07 WHERE merchant_id = 'MCH_92899'; COMMIT;
[2026-09-29T10:30:34.600+0000] {custom_sql_operator.py:105} DEBUG - Batch 224/450: BEGIN TRANSACTION [XID 91823224]; UPDATE financial.merchant_balance_ledger SET pending_balance = pending_balance + 412.86 WHERE merchant_id = 'MCH_92912'; COMMIT;
[2026-09-29T10:30:34.750+0000] {custom_sql_operator.py:105} DEBUG - Batch 225/450: BEGIN TRANSACTION [XID 91823225]; UPDATE financial.merchant_balance_ledger SET pending_balance = pending_balance + 180.25 WHERE merchant_id = 'MCH_92925'; COMMIT;
[2026-09-29T10:30:34.900+0000] {custom_sql_operator.py:105} DEBUG - Batch 226/450: BEGIN TRANSACTION [XID 91823226]; UPDATE financial.merchant_balance_ledger SET pending_balance = pending_balance + 225.2 WHERE merchant_id = 'MCH_92938'; COMMIT;
[2026-09-29T10:30:35.050+0000] {custom_sql_operator.py:105} DEBUG - Batch 227/450: BEGIN TRANSACTION [XID 91823227]; UPDATE financial.merchant_balance_ledger SET pending_balance = pending_balance + 108.95 WHERE merchant_id = 'MCH_92951'; COMMIT;
[2026-09-29T10:30:35.200+0000] {custom_sql_operator.py:105} DEBUG - Batch 228/450: BEGIN TRANSACTION [XID 91823228]; UPDATE financial.merchant_balance_ledger SET pending_balance = pending_balance + 244.16 WHERE merchant_id = 'MCH_92964'; COMMIT;
[2026-09-29T10:30:35.350+0000] {custom_sql_operator.py:105} DEBUG - Batch 229/450: BEGIN TRANSACTION [XID 91823229]; UPDATE financial.merchant_balance_ledger SET pending_balance = pending_balance + 480.97 WHERE merchant_id = 'MCH_92977'; COMMIT;
[2026-09-29T10:30:35.500+0000] {custom_sql_operator.py:105} DEBUG - Batch 230/450: BEGIN TRANSACTION [XID 91823230]; UPDATE financial.merchant_balance_ledger SET pending_balance = pending_balance + 392.25 WHERE merchant_id = 'MCH_92990'; COMMIT;
[2026-09-29T10:30:35.650+0000] {custom_sql_operator.py:105} DEBUG - Batch 231/450: BEGIN TRANSACTION [XID 91823231]; UPDATE financial.merchant_balance_ledger SET pending_balance = pending_balance + 153.5 WHERE merchant_id = 'MCH_93003'; COMMIT;
[2026-09-29T10:30:35.800+0000] {custom_sql_operator.py:105} DEBUG - Batch 232/450: BEGIN TRANSACTION [XID 91823232]; UPDATE financial.merchant_balance_ledger SET pending_balance = pending_balance + 330.04 WHERE merchant_id = 'MCH_93016'; COMMIT;
[2026-09-29T10:30:35.950+0000] {custom_sql_operator.py:105} DEBUG - Batch 233/450: BEGIN TRANSACTION [XID 91823233]; UPDATE financial.merchant_balance_ledger SET pending_balance = pending_balance + 89.56 WHERE merchant_id = 'MCH_93029'; COMMIT;
[2026-09-29T10:30:36.100+0000] {custom_sql_operator.py:105} DEBUG - Batch 234/450: BEGIN TRANSACTION [XID 91823234]; UPDATE financial.merchant_balance_ledger SET pending_balance = pending_balance + 430.87 WHERE merchant_id = 'MCH_93042'; COMMIT;
[2026-09-29T10:30:36.250+0000] {custom_sql_operator.py:105} DEBUG - Batch 235/450: BEGIN TRANSACTION [XID 91823235]; UPDATE financial.merchant_balance_ledger SET pending_balance = pending_balance + 389.67 WHERE merchant_id = 'MCH_93055'; COMMIT;
[2026-09-29T10:30:36.400+0000] {custom_sql_operator.py:105} DEBUG - Batch 236/450: BEGIN TRANSACTION [XID 91823236]; UPDATE financial.merchant_balance_ledger SET pending_balance = pending_balance + 398.65 WHERE merchant_id = 'MCH_93068'; COMMIT;
[2026-09-29T10:30:36.550+0000] {custom_sql_operator.py:105} DEBUG - Batch 237/450: BEGIN TRANSACTION [XID 91823237]; UPDATE financial.merchant_balance_ledger SET pending_balance = pending_balance + 85.34 WHERE merchant_id = 'MCH_93081'; COMMIT;
[2026-09-29T10:30:36.700+0000] {custom_sql_operator.py:105} DEBUG - Batch 238/450: BEGIN TRANSACTION [XID 91823238]; UPDATE financial.merchant_balance_ledger SET pending_balance = pending_balance + 413.64 WHERE merchant_id = 'MCH_93094'; COMMIT;
[2026-09-29T10:30:36.850+0000] {custom_sql_operator.py:105} DEBUG - Batch 239/450: BEGIN TRANSACTION [XID 91823239]; UPDATE financial.merchant_balance_ledger SET pending_balance = pending_balance + 410.16 WHERE merchant_id = 'MCH_93107'; COMMIT;
[2026-09-29T10:30:37.000+0000] {custom_sql_operator.py:105} DEBUG - Batch 240/450: BEGIN TRANSACTION [XID 91823240]; UPDATE financial.merchant_balance_ledger SET pending_balance = pending_balance + 171.48 WHERE merchant_id = 'MCH_93120'; COMMIT;
[2026-09-29T10:30:37.150+0000] {custom_sql_operator.py:105} DEBUG - Batch 241/450: BEGIN TRANSACTION [XID 91823241]; UPDATE financial.merchant_balance_ledger SET pending_balance = pending_balance + 171.03 WHERE merchant_id = 'MCH_93133'; COMMIT;
[2026-09-29T10:30:37.300+0000] {custom_sql_operator.py:105} DEBUG - Batch 242/450: BEGIN TRANSACTION [XID 91823242]; UPDATE financial.merchant_balance_ledger SET pending_balance = pending_balance + 107.57 WHERE merchant_id = 'MCH_93146'; COMMIT;
[2026-09-29T10:30:37.450+0000] {custom_sql_operator.py:105} DEBUG - Batch 243/450: BEGIN TRANSACTION [XID 91823243]; UPDATE financial.merchant_balance_ledger SET pending_balance = pending_balance + 51.39 WHERE merchant_id = 'MCH_93159'; COMMIT;
[2026-09-29T10:30:37.600+0000] {custom_sql_operator.py:105} DEBUG - Batch 244/450: BEGIN TRANSACTION [XID 91823244]; UPDATE financial.merchant_balance_ledger SET pending_balance = pending_balance + 467.87 WHERE merchant_id = 'MCH_93172'; COMMIT;
[2026-09-29T10:30:37.750+0000] {custom_sql_operator.py:105} DEBUG - Batch 245/450: BEGIN TRANSACTION [XID 91823245]; UPDATE financial.merchant_balance_ledger SET pending_balance = pending_balance + 366.75 WHERE merchant_id = 'MCH_93185'; COMMIT;
[2026-09-29T10:30:37.900+0000] {custom_sql_operator.py:105} DEBUG - Batch 246/450: BEGIN TRANSACTION [XID 91823246]; UPDATE financial.merchant_balance_ledger SET pending_balance = pending_balance + 365.66 WHERE merchant_id = 'MCH_93198'; COMMIT;
[2026-09-29T10:30:38.050+0000] {custom_sql_operator.py:105} DEBUG - Batch 247/450: BEGIN TRANSACTION [XID 91823247]; UPDATE financial.merchant_balance_ledger SET pending_balance = pending_balance + 164.01 WHERE merchant_id = 'MCH_93211'; COMMIT;
[2026-09-29T10:30:38.200+0000] {custom_sql_operator.py:105} DEBUG - Batch 248/450: BEGIN TRANSACTION [XID 91823248]; UPDATE financial.merchant_balance_ledger SET pending_balance = pending_balance + 233.07 WHERE merchant_id = 'MCH_93224'; COMMIT;
[2026-09-29T10:30:38.350+0000] {custom_sql_operator.py:105} DEBUG - Batch 249/450: BEGIN TRANSACTION [XID 91823249]; UPDATE financial.merchant_balance_ledger SET pending_balance = pending_balance + 499.74 WHERE merchant_id = 'MCH_93237'; COMMIT;
[2026-09-29T10:30:38.500+0000] {custom_sql_operator.py:105} DEBUG - Batch 250/450: BEGIN TRANSACTION [XID 91823250]; UPDATE financial.merchant_balance_ledger SET pending_balance = pending_balance + 332.86 WHERE merchant_id = 'MCH_93250'; COMMIT;
[2026-09-29T10:30:38.650+0000] {custom_sql_operator.py:105} DEBUG - Batch 251/450: BEGIN TRANSACTION [XID 91823251]; UPDATE financial.merchant_balance_ledger SET pending_balance = pending_balance + 175.12 WHERE merchant_id = 'MCH_93263'; COMMIT;
[2026-09-29T10:30:38.800+0000] {custom_sql_operator.py:105} DEBUG - Batch 252/450: BEGIN TRANSACTION [XID 91823252]; UPDATE financial.merchant_balance_ledger SET pending_balance = pending_balance + 183.8 WHERE merchant_id = 'MCH_93276'; COMMIT;
[2026-09-29T10:30:38.950+0000] {custom_sql_operator.py:105} DEBUG - Batch 253/450: BEGIN TRANSACTION [XID 91823253]; UPDATE financial.merchant_balance_ledger SET pending_balance = pending_balance + 260.94 WHERE merchant_id = 'MCH_93289'; COMMIT;
[2026-09-29T10:30:39.100+0000] {custom_sql_operator.py:105} DEBUG - Batch 254/450: BEGIN TRANSACTION [XID 91823254]; UPDATE financial.merchant_balance_ledger SET pending_balance = pending_balance + 42.55 WHERE merchant_id = 'MCH_93302'; COMMIT;
[2026-09-29T10:30:39.250+0000] {custom_sql_operator.py:105} DEBUG - Batch 255/450: BEGIN TRANSACTION [XID 91823255]; UPDATE financial.merchant_balance_ledger SET pending_balance = pending_balance + 436.4 WHERE merchant_id = 'MCH_93315'; COMMIT;
[2026-09-29T10:30:39.400+0000] {custom_sql_operator.py:105} DEBUG - Batch 256/450: BEGIN TRANSACTION [XID 91823256]; UPDATE financial.merchant_balance_ledger SET pending_balance = pending_balance + 68.27 WHERE merchant_id = 'MCH_93328'; COMMIT;
[2026-09-29T10:30:39.550+0000] {custom_sql_operator.py:105} DEBUG - Batch 257/450: BEGIN TRANSACTION [XID 91823257]; UPDATE financial.merchant_balance_ledger SET pending_balance = pending_balance + 47.73 WHERE merchant_id = 'MCH_93341'; COMMIT;
[2026-09-29T10:30:39.700+0000] {custom_sql_operator.py:105} DEBUG - Batch 258/450: BEGIN TRANSACTION [XID 91823258]; UPDATE financial.merchant_balance_ledger SET pending_balance = pending_balance + 213.11 WHERE merchant_id = 'MCH_93354'; COMMIT;
[2026-09-29T10:30:39.850+0000] {custom_sql_operator.py:105} DEBUG - Batch 259/450: BEGIN TRANSACTION [XID 91823259]; UPDATE financial.merchant_balance_ledger SET pending_balance = pending_balance + 171.38 WHERE merchant_id = 'MCH_93367'; COMMIT;
[2026-09-29T10:30:40.000+0000] {custom_sql_operator.py:105} DEBUG - Batch 260/450: BEGIN TRANSACTION [XID 91823260]; UPDATE financial.merchant_balance_ledger SET pending_balance = pending_balance + 130.19 WHERE merchant_id = 'MCH_93380'; COMMIT;
[2026-09-29T10:30:40.150+0000] {custom_sql_operator.py:105} DEBUG - Batch 261/450: BEGIN TRANSACTION [XID 91823261]; UPDATE financial.merchant_balance_ledger SET pending_balance = pending_balance + 59.82 WHERE merchant_id = 'MCH_93393'; COMMIT;
[2026-09-29T10:30:40.300+0000] {custom_sql_operator.py:105} DEBUG - Batch 262/450: BEGIN TRANSACTION [XID 91823262]; UPDATE financial.merchant_balance_ledger SET pending_balance = pending_balance + 280.49 WHERE merchant_id = 'MCH_93406'; COMMIT;
[2026-09-29T10:30:40.450+0000] {custom_sql_operator.py:105} DEBUG - Batch 263/450: BEGIN TRANSACTION [XID 91823263]; UPDATE financial.merchant_balance_ledger SET pending_balance = pending_balance + 139.31 WHERE merchant_id = 'MCH_93419'; COMMIT;
[2026-09-29T10:30:40.600+0000] {custom_sql_operator.py:105} DEBUG - Batch 264/450: BEGIN TRANSACTION [XID 91823264]; UPDATE financial.merchant_balance_ledger SET pending_balance = pending_balance + 263.88 WHERE merchant_id = 'MCH_93432'; COMMIT;
[2026-09-29T10:30:40.750+0000] {custom_sql_operator.py:105} DEBUG - Batch 265/450: BEGIN TRANSACTION [XID 91823265]; UPDATE financial.merchant_balance_ledger SET pending_balance = pending_balance + 164.11 WHERE merchant_id = 'MCH_93445'; COMMIT;
[2026-09-29T10:30:40.900+0000] {custom_sql_operator.py:105} DEBUG - Batch 266/450: BEGIN TRANSACTION [XID 91823266]; UPDATE financial.merchant_balance_ledger SET pending_balance = pending_balance + 361.89 WHERE merchant_id = 'MCH_93458'; COMMIT;
[2026-09-29T10:30:41.050+0000] {custom_sql_operator.py:105} DEBUG - Batch 267/450: BEGIN TRANSACTION [XID 91823267]; UPDATE financial.merchant_balance_ledger SET pending_balance = pending_balance + 188.58 WHERE merchant_id = 'MCH_93471'; COMMIT;
[2026-09-29T10:30:41.200+0000] {custom_sql_operator.py:105} DEBUG - Batch 268/450: BEGIN TRANSACTION [XID 91823268]; UPDATE financial.merchant_balance_ledger SET pending_balance = pending_balance + 384.95 WHERE merchant_id = 'MCH_93484'; COMMIT;
[2026-09-29T10:30:41.350+0000] {custom_sql_operator.py:105} DEBUG - Batch 269/450: BEGIN TRANSACTION [XID 91823269]; UPDATE financial.merchant_balance_ledger SET pending_balance = pending_balance + 316.73 WHERE merchant_id = 'MCH_93497'; COMMIT;
[2026-09-29T10:30:41.500+0000] {custom_sql_operator.py:105} DEBUG - Batch 270/450: BEGIN TRANSACTION [XID 91823270]; UPDATE financial.merchant_balance_ledger SET pending_balance = pending_balance + 204.46 WHERE merchant_id = 'MCH_93510'; COMMIT;
[2026-09-29T10:30:41.650+0000] {custom_sql_operator.py:105} DEBUG - Batch 271/450: BEGIN TRANSACTION [XID 91823271]; UPDATE financial.merchant_balance_ledger SET pending_balance = pending_balance + 150.68 WHERE merchant_id = 'MCH_93523'; COMMIT;
[2026-09-29T10:30:41.800+0000] {custom_sql_operator.py:105} DEBUG - Batch 272/450: BEGIN TRANSACTION [XID 91823272]; UPDATE financial.merchant_balance_ledger SET pending_balance = pending_balance + 292.45 WHERE merchant_id = 'MCH_93536'; COMMIT;
[2026-09-29T10:30:41.950+0000] {custom_sql_operator.py:105} DEBUG - Batch 273/450: BEGIN TRANSACTION [XID 91823273]; UPDATE financial.merchant_balance_ledger SET pending_balance = pending_balance + 307.57 WHERE merchant_id = 'MCH_93549'; COMMIT;
[2026-09-29T10:30:42.100+0000] {custom_sql_operator.py:105} DEBUG - Batch 274/450: BEGIN TRANSACTION [XID 91823274]; UPDATE financial.merchant_balance_ledger SET pending_balance = pending_balance + 335.8 WHERE merchant_id = 'MCH_93562'; COMMIT;
[2026-09-29T10:30:42.250+0000] {custom_sql_operator.py:105} DEBUG - Batch 275/450: BEGIN TRANSACTION [XID 91823275]; UPDATE financial.merchant_balance_ledger SET pending_balance = pending_balance + 383.8 WHERE merchant_id = 'MCH_93575'; COMMIT;
[2026-09-29T10:30:42.400+0000] {custom_sql_operator.py:105} DEBUG - Batch 276/450: BEGIN TRANSACTION [XID 91823276]; UPDATE financial.merchant_balance_ledger SET pending_balance = pending_balance + 440.53 WHERE merchant_id = 'MCH_93588'; COMMIT;
[2026-09-29T10:30:42.550+0000] {custom_sql_operator.py:105} DEBUG - Batch 277/450: BEGIN TRANSACTION [XID 91823277]; UPDATE financial.merchant_balance_ledger SET pending_balance = pending_balance + 99.22 WHERE merchant_id = 'MCH_93601'; COMMIT;
[2026-09-29T10:30:42.700+0000] {custom_sql_operator.py:105} DEBUG - Batch 278/450: BEGIN TRANSACTION [XID 91823278]; UPDATE financial.merchant_balance_ledger SET pending_balance = pending_balance + 160.25 WHERE merchant_id = 'MCH_93614'; COMMIT;
[2026-09-29T10:30:42.850+0000] {custom_sql_operator.py:105} DEBUG - Batch 279/450: BEGIN TRANSACTION [XID 91823279]; UPDATE financial.merchant_balance_ledger SET pending_balance = pending_balance + 392.69 WHERE merchant_id = 'MCH_93627'; COMMIT;
[2026-09-29T10:30:43.000+0000] {custom_sql_operator.py:105} DEBUG - Batch 280/450: BEGIN TRANSACTION [XID 91823280]; UPDATE financial.merchant_balance_ledger SET pending_balance = pending_balance + 115.17 WHERE merchant_id = 'MCH_93640'; COMMIT;
[2026-09-29T10:30:43.150+0000] {custom_sql_operator.py:105} DEBUG - Batch 281/450: BEGIN TRANSACTION [XID 91823281]; UPDATE financial.merchant_balance_ledger SET pending_balance = pending_balance + 485.87 WHERE merchant_id = 'MCH_93653'; COMMIT;
[2026-09-29T10:30:43.300+0000] {custom_sql_operator.py:105} DEBUG - Batch 282/450: BEGIN TRANSACTION [XID 91823282]; UPDATE financial.merchant_balance_ledger SET pending_balance = pending_balance + 379.23 WHERE merchant_id = 'MCH_93666'; COMMIT;
[2026-09-29T10:30:43.450+0000] {custom_sql_operator.py:105} DEBUG - Batch 283/450: BEGIN TRANSACTION [XID 91823283]; UPDATE financial.merchant_balance_ledger SET pending_balance = pending_balance + 236.86 WHERE merchant_id = 'MCH_93679'; COMMIT;
[2026-09-29T10:30:43.600+0000] {custom_sql_operator.py:105} DEBUG - Batch 284/450: BEGIN TRANSACTION [XID 91823284]; UPDATE financial.merchant_balance_ledger SET pending_balance = pending_balance + 440.23 WHERE merchant_id = 'MCH_93692'; COMMIT;
[2026-09-29T10:30:43.750+0000] {custom_sql_operator.py:105} DEBUG - Batch 285/450: BEGIN TRANSACTION [XID 91823285]; UPDATE financial.merchant_balance_ledger SET pending_balance = pending_balance + 498.13 WHERE merchant_id = 'MCH_93705'; COMMIT;
[2026-09-29T10:30:43.900+0000] {custom_sql_operator.py:105} DEBUG - Batch 286/450: BEGIN TRANSACTION [XID 91823286]; UPDATE financial.merchant_balance_ledger SET pending_balance = pending_balance + 159.91 WHERE merchant_id = 'MCH_93718'; COMMIT;
[2026-09-29T10:30:44.050+0000] {custom_sql_operator.py:105} DEBUG - Batch 287/450: BEGIN TRANSACTION [XID 91823287]; UPDATE financial.merchant_balance_ledger SET pending_balance = pending_balance + 56.56 WHERE merchant_id = 'MCH_93731'; COMMIT;
[2026-09-29T10:30:44.200+0000] {custom_sql_operator.py:105} DEBUG - Batch 288/450: BEGIN TRANSACTION [XID 91823288]; UPDATE financial.merchant_balance_ledger SET pending_balance = pending_balance + 257.09 WHERE merchant_id = 'MCH_93744'; COMMIT;
[2026-09-29T10:30:44.350+0000] {custom_sql_operator.py:105} DEBUG - Batch 289/450: BEGIN TRANSACTION [XID 91823289]; UPDATE financial.merchant_balance_ledger SET pending_balance = pending_balance + 414.68 WHERE merchant_id = 'MCH_93757'; COMMIT;
[2026-09-29T10:30:44.500+0000] {custom_sql_operator.py:105} DEBUG - Batch 290/450: BEGIN TRANSACTION [XID 91823290]; UPDATE financial.merchant_balance_ledger SET pending_balance = pending_balance + 386.19 WHERE merchant_id = 'MCH_93770'; COMMIT;
[2026-09-29T10:30:44.650+0000] {custom_sql_operator.py:105} DEBUG - Batch 291/450: BEGIN TRANSACTION [XID 91823291]; UPDATE financial.merchant_balance_ledger SET pending_balance = pending_balance + 372.18 WHERE merchant_id = 'MCH_93783'; COMMIT;
[2026-09-29T10:30:44.800+0000] {custom_sql_operator.py:105} DEBUG - Batch 292/450: BEGIN TRANSACTION [XID 91823292]; UPDATE financial.merchant_balance_ledger SET pending_balance = pending_balance + 365.45 WHERE merchant_id = 'MCH_93796'; COMMIT;
[2026-09-29T10:30:44.950+0000] {custom_sql_operator.py:105} DEBUG - Batch 293/450: BEGIN TRANSACTION [XID 91823293]; UPDATE financial.merchant_balance_ledger SET pending_balance = pending_balance + 269.87 WHERE merchant_id = 'MCH_93809'; COMMIT;
[2026-09-29T10:30:45.100+0000] {custom_sql_operator.py:105} DEBUG - Batch 294/450: BEGIN TRANSACTION [XID 91823294]; UPDATE financial.merchant_balance_ledger SET pending_balance = pending_balance + 387.87 WHERE merchant_id = 'MCH_93822'; COMMIT;
[2026-09-29T10:30:45.250+0000] {custom_sql_operator.py:105} DEBUG - Batch 295/450: BEGIN TRANSACTION [XID 91823295]; UPDATE financial.merchant_balance_ledger SET pending_balance = pending_balance + 264.26 WHERE merchant_id = 'MCH_93835'; COMMIT;
[2026-09-29T10:30:45.400+0000] {custom_sql_operator.py:105} DEBUG - Batch 296/450: BEGIN TRANSACTION [XID 91823296]; UPDATE financial.merchant_balance_ledger SET pending_balance = pending_balance + 315.35 WHERE merchant_id = 'MCH_93848'; COMMIT;
[2026-09-29T10:30:45.550+0000] {custom_sql_operator.py:105} DEBUG - Batch 297/450: BEGIN TRANSACTION [XID 91823297]; UPDATE financial.merchant_balance_ledger SET pending_balance = pending_balance + 268.1 WHERE merchant_id = 'MCH_93861'; COMMIT;
[2026-09-29T10:30:45.700+0000] {custom_sql_operator.py:105} DEBUG - Batch 298/450: BEGIN TRANSACTION [XID 91823298]; UPDATE financial.merchant_balance_ledger SET pending_balance = pending_balance + 151.06 WHERE merchant_id = 'MCH_93874'; COMMIT;
[2026-09-29T10:30:45.850+0000] {custom_sql_operator.py:105} DEBUG - Batch 299/450: BEGIN TRANSACTION [XID 91823299]; UPDATE financial.merchant_balance_ledger SET pending_balance = pending_balance + 13.36 WHERE merchant_id = 'MCH_93887'; COMMIT;
[2026-09-29T10:30:46.000+0000] {custom_sql_operator.py:105} DEBUG - Batch 300/450: BEGIN TRANSACTION [XID 91823300]; UPDATE financial.merchant_balance_ledger SET pending_balance = pending_balance + 350.22 WHERE merchant_id = 'MCH_93900'; COMMIT;
[2026-09-29T10:30:46.150+0000] {custom_sql_operator.py:105} DEBUG - Batch 301/450: BEGIN TRANSACTION [XID 91823301]; UPDATE financial.merchant_balance_ledger SET pending_balance = pending_balance + 189.41 WHERE merchant_id = 'MCH_93913'; COMMIT;
[2026-09-29T10:30:46.300+0000] {custom_sql_operator.py:105} DEBUG - Batch 302/450: BEGIN TRANSACTION [XID 91823302]; UPDATE financial.merchant_balance_ledger SET pending_balance = pending_balance + 460.14 WHERE merchant_id = 'MCH_93926'; COMMIT;
[2026-09-29T10:30:46.450+0000] {custom_sql_operator.py:105} DEBUG - Batch 303/450: BEGIN TRANSACTION [XID 91823303]; UPDATE financial.merchant_balance_ledger SET pending_balance = pending_balance + 45.88 WHERE merchant_id = 'MCH_93939'; COMMIT;
[2026-09-29T10:30:46.600+0000] {custom_sql_operator.py:105} DEBUG - Batch 304/450: BEGIN TRANSACTION [XID 91823304]; UPDATE financial.merchant_balance_ledger SET pending_balance = pending_balance + 330.43 WHERE merchant_id = 'MCH_93952'; COMMIT;
[2026-09-29T10:30:46.750+0000] {custom_sql_operator.py:105} DEBUG - Batch 305/450: BEGIN TRANSACTION [XID 91823305]; UPDATE financial.merchant_balance_ledger SET pending_balance = pending_balance + 147.5 WHERE merchant_id = 'MCH_93965'; COMMIT;
[2026-09-29T10:30:46.900+0000] {custom_sql_operator.py:105} DEBUG - Batch 306/450: BEGIN TRANSACTION [XID 91823306]; UPDATE financial.merchant_balance_ledger SET pending_balance = pending_balance + 162.24 WHERE merchant_id = 'MCH_93978'; COMMIT;
[2026-09-29T10:30:47.050+0000] {custom_sql_operator.py:105} DEBUG - Batch 307/450: BEGIN TRANSACTION [XID 91823307]; UPDATE financial.merchant_balance_ledger SET pending_balance = pending_balance + 418.02 WHERE merchant_id = 'MCH_93991'; COMMIT;
[2026-09-29T10:30:47.200+0000] {custom_sql_operator.py:105} DEBUG - Batch 308/450: BEGIN TRANSACTION [XID 91823308]; UPDATE financial.merchant_balance_ledger SET pending_balance = pending_balance + 288.12 WHERE merchant_id = 'MCH_94004'; COMMIT;
[2026-09-29T10:30:47.350+0000] {custom_sql_operator.py:105} DEBUG - Batch 309/450: BEGIN TRANSACTION [XID 91823309]; UPDATE financial.merchant_balance_ledger SET pending_balance = pending_balance + 463.72 WHERE merchant_id = 'MCH_94017'; COMMIT;
[2026-09-29T10:30:47.500+0000] {custom_sql_operator.py:105} DEBUG - Batch 310/450: BEGIN TRANSACTION [XID 91823310]; UPDATE financial.merchant_balance_ledger SET pending_balance = pending_balance + 489.19 WHERE merchant_id = 'MCH_94030'; COMMIT;
[2026-09-29T10:30:47.650+0000] {custom_sql_operator.py:105} DEBUG - Batch 311/450: BEGIN TRANSACTION [XID 91823311]; UPDATE financial.merchant_balance_ledger SET pending_balance = pending_balance + 351.64 WHERE merchant_id = 'MCH_94043'; COMMIT;
[2026-09-29T10:30:47.800+0000] {custom_sql_operator.py:105} DEBUG - Batch 312/450: BEGIN TRANSACTION [XID 91823312]; UPDATE financial.merchant_balance_ledger SET pending_balance = pending_balance + 176.59 WHERE merchant_id = 'MCH_94056'; COMMIT;
[2026-09-29T10:30:47.950+0000] {custom_sql_operator.py:105} DEBUG - Batch 313/450: BEGIN TRANSACTION [XID 91823313]; UPDATE financial.merchant_balance_ledger SET pending_balance = pending_balance + 461.19 WHERE merchant_id = 'MCH_94069'; COMMIT;
[2026-09-29T10:30:48.100+0000] {custom_sql_operator.py:105} DEBUG - Batch 314/450: BEGIN TRANSACTION [XID 91823314]; UPDATE financial.merchant_balance_ledger SET pending_balance = pending_balance + 97.95 WHERE merchant_id = 'MCH_94082'; COMMIT;
[2026-09-29T10:30:48.250+0000] {custom_sql_operator.py:105} DEBUG - Batch 315/450: BEGIN TRANSACTION [XID 91823315]; UPDATE financial.merchant_balance_ledger SET pending_balance = pending_balance + 318.85 WHERE merchant_id = 'MCH_94095'; COMMIT;
[2026-09-29T10:30:48.400+0000] {custom_sql_operator.py:105} DEBUG - Batch 316/450: BEGIN TRANSACTION [XID 91823316]; UPDATE financial.merchant_balance_ledger SET pending_balance = pending_balance + 12.26 WHERE merchant_id = 'MCH_94108'; COMMIT;
[2026-09-29T10:30:48.550+0000] {custom_sql_operator.py:105} DEBUG - Batch 317/450: BEGIN TRANSACTION [XID 91823317]; UPDATE financial.merchant_balance_ledger SET pending_balance = pending_balance + 15.04 WHERE merchant_id = 'MCH_94121'; COMMIT;
[2026-09-29T10:30:48.700+0000] {custom_sql_operator.py:105} DEBUG - Batch 318/450: BEGIN TRANSACTION [XID 91823318]; UPDATE financial.merchant_balance_ledger SET pending_balance = pending_balance + 143.22 WHERE merchant_id = 'MCH_94134'; COMMIT;
[2026-09-29T10:30:48.850+0000] {custom_sql_operator.py:105} DEBUG - Batch 319/450: BEGIN TRANSACTION [XID 91823319]; UPDATE financial.merchant_balance_ledger SET pending_balance = pending_balance + 214.93 WHERE merchant_id = 'MCH_94147'; COMMIT;
[2026-09-29T10:30:49.000+0000] {custom_sql_operator.py:105} DEBUG - Batch 320/450: BEGIN TRANSACTION [XID 91823320]; UPDATE financial.merchant_balance_ledger SET pending_balance = pending_balance + 436.48 WHERE merchant_id = 'MCH_94160'; COMMIT;
[2026-09-29T10:30:49.150+0000] {custom_sql_operator.py:105} DEBUG - Batch 321/450: BEGIN TRANSACTION [XID 91823321]; UPDATE financial.merchant_balance_ledger SET pending_balance = pending_balance + 71.14 WHERE merchant_id = 'MCH_94173'; COMMIT;
[2026-09-29T10:30:49.300+0000] {custom_sql_operator.py:105} DEBUG - Batch 322/450: BEGIN TRANSACTION [XID 91823322]; UPDATE financial.merchant_balance_ledger SET pending_balance = pending_balance + 492.78 WHERE merchant_id = 'MCH_94186'; COMMIT;
[2026-09-29T10:30:49.450+0000] {custom_sql_operator.py:105} DEBUG - Batch 323/450: BEGIN TRANSACTION [XID 91823323]; UPDATE financial.merchant_balance_ledger SET pending_balance = pending_balance + 265.86 WHERE merchant_id = 'MCH_94199'; COMMIT;
[2026-09-29T10:30:49.600+0000] {custom_sql_operator.py:105} DEBUG - Batch 324/450: BEGIN TRANSACTION [XID 91823324]; UPDATE financial.merchant_balance_ledger SET pending_balance = pending_balance + 341.13 WHERE merchant_id = 'MCH_94212'; COMMIT;
[2026-09-29T10:30:49.750+0000] {custom_sql_operator.py:105} DEBUG - Batch 325/450: BEGIN TRANSACTION [XID 91823325]; UPDATE financial.merchant_balance_ledger SET pending_balance = pending_balance + 385.75 WHERE merchant_id = 'MCH_94225'; COMMIT;
[2026-09-29T10:30:49.900+0000] {custom_sql_operator.py:105} DEBUG - Batch 326/450: BEGIN TRANSACTION [XID 91823326]; UPDATE financial.merchant_balance_ledger SET pending_balance = pending_balance + 199.71 WHERE merchant_id = 'MCH_94238'; COMMIT;
[2026-09-29T10:30:50.050+0000] {custom_sql_operator.py:105} DEBUG - Batch 327/450: BEGIN TRANSACTION [XID 91823327]; UPDATE financial.merchant_balance_ledger SET pending_balance = pending_balance + 318.27 WHERE merchant_id = 'MCH_94251'; COMMIT;
[2026-09-29T10:30:50.200+0000] {custom_sql_operator.py:105} DEBUG - Batch 328/450: BEGIN TRANSACTION [XID 91823328]; UPDATE financial.merchant_balance_ledger SET pending_balance = pending_balance + 436.8 WHERE merchant_id = 'MCH_94264'; COMMIT;
[2026-09-29T10:30:50.350+0000] {custom_sql_operator.py:105} DEBUG - Batch 329/450: BEGIN TRANSACTION [XID 91823329]; UPDATE financial.merchant_balance_ledger SET pending_balance = pending_balance + 354.6 WHERE merchant_id = 'MCH_94277'; COMMIT;
[2026-09-29T10:30:50.500+0000] {custom_sql_operator.py:105} DEBUG - Batch 330/450: BEGIN TRANSACTION [XID 91823330]; UPDATE financial.merchant_balance_ledger SET pending_balance = pending_balance + 74.21 WHERE merchant_id = 'MCH_94290'; COMMIT;
[2026-09-29T10:30:50.650+0000] {custom_sql_operator.py:105} DEBUG - Batch 331/450: BEGIN TRANSACTION [XID 91823331]; UPDATE financial.merchant_balance_ledger SET pending_balance = pending_balance + 387.45 WHERE merchant_id = 'MCH_94303'; COMMIT;
[2026-09-29T10:30:50.800+0000] {custom_sql_operator.py:105} DEBUG - Batch 332/450: BEGIN TRANSACTION [XID 91823332]; UPDATE financial.merchant_balance_ledger SET pending_balance = pending_balance + 188.63 WHERE merchant_id = 'MCH_94316'; COMMIT;
[2026-09-29T10:30:50.950+0000] {custom_sql_operator.py:105} DEBUG - Batch 333/450: BEGIN TRANSACTION [XID 91823333]; UPDATE financial.merchant_balance_ledger SET pending_balance = pending_balance + 434.5 WHERE merchant_id = 'MCH_94329'; COMMIT;
[2026-09-29T10:30:51.100+0000] {custom_sql_operator.py:105} DEBUG - Batch 334/450: BEGIN TRANSACTION [XID 91823334]; UPDATE financial.merchant_balance_ledger SET pending_balance = pending_balance + 18.72 WHERE merchant_id = 'MCH_94342'; COMMIT;
[2026-09-29T10:30:51.250+0000] {custom_sql_operator.py:105} DEBUG - Batch 335/450: BEGIN TRANSACTION [XID 91823335]; UPDATE financial.merchant_balance_ledger SET pending_balance = pending_balance + 381.86 WHERE merchant_id = 'MCH_94355'; COMMIT;
[2026-09-29T10:30:51.400+0000] {custom_sql_operator.py:105} DEBUG - Batch 336/450: BEGIN TRANSACTION [XID 91823336]; UPDATE financial.merchant_balance_ledger SET pending_balance = pending_balance + 211.61 WHERE merchant_id = 'MCH_94368'; COMMIT;
[2026-09-29T10:30:51.550+0000] {custom_sql_operator.py:105} DEBUG - Batch 337/450: BEGIN TRANSACTION [XID 91823337]; UPDATE financial.merchant_balance_ledger SET pending_balance = pending_balance + 348.24 WHERE merchant_id = 'MCH_94381'; COMMIT;
[2026-09-29T10:30:51.700+0000] {custom_sql_operator.py:105} DEBUG - Batch 338/450: BEGIN TRANSACTION [XID 91823338]; UPDATE financial.merchant_balance_ledger SET pending_balance = pending_balance + 496.25 WHERE merchant_id = 'MCH_94394'; COMMIT;
[2026-09-29T10:30:51.850+0000] {custom_sql_operator.py:105} DEBUG - Batch 339/450: BEGIN TRANSACTION [XID 91823339]; UPDATE financial.merchant_balance_ledger SET pending_balance = pending_balance + 330.86 WHERE merchant_id = 'MCH_94407'; COMMIT;
[2026-09-29T10:30:52.000+0000] {custom_sql_operator.py:105} DEBUG - Batch 340/450: BEGIN TRANSACTION [XID 91823340]; UPDATE financial.merchant_balance_ledger SET pending_balance = pending_balance + 204.46 WHERE merchant_id = 'MCH_94420'; COMMIT;
[2026-09-29T10:30:52.150+0000] {custom_sql_operator.py:105} DEBUG - Batch 341/450: BEGIN TRANSACTION [XID 91823341]; UPDATE financial.merchant_balance_ledger SET pending_balance = pending_balance + 130.04 WHERE merchant_id = 'MCH_94433'; COMMIT;
[2026-09-29T10:30:52.300+0000] {custom_sql_operator.py:105} DEBUG - Batch 342/450: BEGIN TRANSACTION [XID 91823342]; UPDATE financial.merchant_balance_ledger SET pending_balance = pending_balance + 299.06 WHERE merchant_id = 'MCH_94446'; COMMIT;
[2026-09-29T10:30:52.450+0000] {custom_sql_operator.py:105} DEBUG - Batch 343/450: BEGIN TRANSACTION [XID 91823343]; UPDATE financial.merchant_balance_ledger SET pending_balance = pending_balance + 38.86 WHERE merchant_id = 'MCH_94459'; COMMIT;
[2026-09-29T10:30:52.600+0000] {custom_sql_operator.py:105} DEBUG - Batch 344/450: BEGIN TRANSACTION [XID 91823344]; UPDATE financial.merchant_balance_ledger SET pending_balance = pending_balance + 324.51 WHERE merchant_id = 'MCH_94472'; COMMIT;
[2026-09-29T10:30:52.750+0000] {custom_sql_operator.py:105} DEBUG - Batch 345/450: BEGIN TRANSACTION [XID 91823345]; UPDATE financial.merchant_balance_ledger SET pending_balance = pending_balance + 110.11 WHERE merchant_id = 'MCH_94485'; COMMIT;
[2026-09-29T10:30:52.900+0000] {custom_sql_operator.py:105} DEBUG - Batch 346/450: BEGIN TRANSACTION [XID 91823346]; UPDATE financial.merchant_balance_ledger SET pending_balance = pending_balance + 390.27 WHERE merchant_id = 'MCH_94498'; COMMIT;
[2026-09-29T10:30:53.050+0000] {custom_sql_operator.py:105} DEBUG - Batch 347/450: BEGIN TRANSACTION [XID 91823347]; UPDATE financial.merchant_balance_ledger SET pending_balance = pending_balance + 163.15 WHERE merchant_id = 'MCH_94511'; COMMIT;
[2026-09-29T10:30:53.200+0000] {custom_sql_operator.py:105} DEBUG - Batch 348/450: BEGIN TRANSACTION [XID 91823348]; UPDATE financial.merchant_balance_ledger SET pending_balance = pending_balance + 184.97 WHERE merchant_id = 'MCH_94524'; COMMIT;
[2026-09-29T10:30:53.350+0000] {custom_sql_operator.py:105} DEBUG - Batch 349/450: BEGIN TRANSACTION [XID 91823349]; UPDATE financial.merchant_balance_ledger SET pending_balance = pending_balance + 384.86 WHERE merchant_id = 'MCH_94537'; COMMIT;
[2026-09-29T10:30:53.500+0000] {custom_sql_operator.py:105} DEBUG - Batch 350/450: BEGIN TRANSACTION [XID 91823350]; UPDATE financial.merchant_balance_ledger SET pending_balance = pending_balance + 45.94 WHERE merchant_id = 'MCH_94550'; COMMIT;
[2026-09-29T10:30:53.650+0000] {custom_sql_operator.py:105} DEBUG - Batch 351/450: BEGIN TRANSACTION [XID 91823351]; UPDATE financial.merchant_balance_ledger SET pending_balance = pending_balance + 485.89 WHERE merchant_id = 'MCH_94563'; COMMIT;
[2026-09-29T10:30:53.800+0000] {custom_sql_operator.py:105} DEBUG - Batch 352/450: BEGIN TRANSACTION [XID 91823352]; UPDATE financial.merchant_balance_ledger SET pending_balance = pending_balance + 369.17 WHERE merchant_id = 'MCH_94576'; COMMIT;
[2026-09-29T10:30:53.950+0000] {custom_sql_operator.py:105} DEBUG - Batch 353/450: BEGIN TRANSACTION [XID 91823353]; UPDATE financial.merchant_balance_ledger SET pending_balance = pending_balance + 45.72 WHERE merchant_id = 'MCH_94589'; COMMIT;
[2026-09-29T10:30:54.100+0000] {custom_sql_operator.py:105} DEBUG - Batch 354/450: BEGIN TRANSACTION [XID 91823354]; UPDATE financial.merchant_balance_ledger SET pending_balance = pending_balance + 126.77 WHERE merchant_id = 'MCH_94602'; COMMIT;
[2026-09-29T10:30:54.250+0000] {custom_sql_operator.py:105} DEBUG - Batch 355/450: BEGIN TRANSACTION [XID 91823355]; UPDATE financial.merchant_balance_ledger SET pending_balance = pending_balance + 11.67 WHERE merchant_id = 'MCH_94615'; COMMIT;
[2026-09-29T10:30:54.400+0000] {custom_sql_operator.py:105} DEBUG - Batch 356/450: BEGIN TRANSACTION [XID 91823356]; UPDATE financial.merchant_balance_ledger SET pending_balance = pending_balance + 412.51 WHERE merchant_id = 'MCH_94628'; COMMIT;
[2026-09-29T10:30:54.550+0000] {custom_sql_operator.py:105} DEBUG - Batch 357/450: BEGIN TRANSACTION [XID 91823357]; UPDATE financial.merchant_balance_ledger SET pending_balance = pending_balance + 393.7 WHERE merchant_id = 'MCH_94641'; COMMIT;
[2026-09-29T10:30:54.700+0000] {custom_sql_operator.py:105} DEBUG - Batch 358/450: BEGIN TRANSACTION [XID 91823358]; UPDATE financial.merchant_balance_ledger SET pending_balance = pending_balance + 426.1 WHERE merchant_id = 'MCH_94654'; COMMIT;
[2026-09-29T10:30:54.850+0000] {custom_sql_operator.py:105} DEBUG - Batch 359/450: BEGIN TRANSACTION [XID 91823359]; UPDATE financial.merchant_balance_ledger SET pending_balance = pending_balance + 125.56 WHERE merchant_id = 'MCH_94667'; COMMIT;
[2026-09-29T10:30:55.000+0000] {custom_sql_operator.py:105} DEBUG - Batch 360/450: BEGIN TRANSACTION [XID 91823360]; UPDATE financial.merchant_balance_ledger SET pending_balance = pending_balance + 305.4 WHERE merchant_id = 'MCH_94680'; COMMIT;
[2026-09-29T10:30:55.150+0000] {custom_sql_operator.py:105} DEBUG - Batch 361/450: BEGIN TRANSACTION [XID 91823361]; UPDATE financial.merchant_balance_ledger SET pending_balance = pending_balance + 370.27 WHERE merchant_id = 'MCH_94693'; COMMIT;
[2026-09-29T10:30:55.300+0000] {custom_sql_operator.py:105} DEBUG - Batch 362/450: BEGIN TRANSACTION [XID 91823362]; UPDATE financial.merchant_balance_ledger SET pending_balance = pending_balance + 215.83 WHERE merchant_id = 'MCH_94706'; COMMIT;
[2026-09-29T10:30:55.450+0000] {custom_sql_operator.py:105} DEBUG - Batch 363/450: BEGIN TRANSACTION [XID 91823363]; UPDATE financial.merchant_balance_ledger SET pending_balance = pending_balance + 368.01 WHERE merchant_id = 'MCH_94719'; COMMIT;
[2026-09-29T10:30:55.600+0000] {custom_sql_operator.py:105} DEBUG - Batch 364/450: BEGIN TRANSACTION [XID 91823364]; UPDATE financial.merchant_balance_ledger SET pending_balance = pending_balance + 496.6 WHERE merchant_id = 'MCH_94732'; COMMIT;
[2026-09-29T10:30:55.750+0000] {custom_sql_operator.py:105} DEBUG - Batch 365/450: BEGIN TRANSACTION [XID 91823365]; UPDATE financial.merchant_balance_ledger SET pending_balance = pending_balance + 281.99 WHERE merchant_id = 'MCH_94745'; COMMIT;
[2026-09-29T10:30:55.900+0000] {custom_sql_operator.py:105} DEBUG - Batch 366/450: BEGIN TRANSACTION [XID 91823366]; UPDATE financial.merchant_balance_ledger SET pending_balance = pending_balance + 347.25 WHERE merchant_id = 'MCH_94758'; COMMIT;
[2026-09-29T10:30:56.050+0000] {custom_sql_operator.py:105} DEBUG - Batch 367/450: BEGIN TRANSACTION [XID 91823367]; UPDATE financial.merchant_balance_ledger SET pending_balance = pending_balance + 225.64 WHERE merchant_id = 'MCH_94771'; COMMIT;
[2026-09-29T10:30:56.200+0000] {custom_sql_operator.py:105} DEBUG - Batch 368/450: BEGIN TRANSACTION [XID 91823368]; UPDATE financial.merchant_balance_ledger SET pending_balance = pending_balance + 484.62 WHERE merchant_id = 'MCH_94784'; COMMIT;
[2026-09-29T10:30:56.350+0000] {custom_sql_operator.py:105} DEBUG - Batch 369/450: BEGIN TRANSACTION [XID 91823369]; UPDATE financial.merchant_balance_ledger SET pending_balance = pending_balance + 120.06 WHERE merchant_id = 'MCH_94797'; COMMIT;
[2026-09-29T10:30:56.500+0000] {custom_sql_operator.py:105} DEBUG - Batch 370/450: BEGIN TRANSACTION [XID 91823370]; UPDATE financial.merchant_balance_ledger SET pending_balance = pending_balance + 159.21 WHERE merchant_id = 'MCH_94810'; COMMIT;
[2026-09-29T10:30:56.650+0000] {custom_sql_operator.py:105} DEBUG - Batch 371/450: BEGIN TRANSACTION [XID 91823371]; UPDATE financial.merchant_balance_ledger SET pending_balance = pending_balance + 420.32 WHERE merchant_id = 'MCH_94823'; COMMIT;
[2026-09-29T10:30:56.800+0000] {custom_sql_operator.py:105} DEBUG - Batch 372/450: BEGIN TRANSACTION [XID 91823372]; UPDATE financial.merchant_balance_ledger SET pending_balance = pending_balance + 402.17 WHERE merchant_id = 'MCH_94836'; COMMIT;
[2026-09-29T10:30:56.950+0000] {custom_sql_operator.py:105} DEBUG - Batch 373/450: BEGIN TRANSACTION [XID 91823373]; UPDATE financial.merchant_balance_ledger SET pending_balance = pending_balance + 445.27 WHERE merchant_id = 'MCH_94849'; COMMIT;
[2026-09-29T10:30:57.100+0000] {custom_sql_operator.py:105} DEBUG - Batch 374/450: BEGIN TRANSACTION [XID 91823374]; UPDATE financial.merchant_balance_ledger SET pending_balance = pending_balance + 485.0 WHERE merchant_id = 'MCH_94862'; COMMIT;
[2026-09-29T10:30:57.250+0000] {custom_sql_operator.py:105} DEBUG - Batch 375/450: BEGIN TRANSACTION [XID 91823375]; UPDATE financial.merchant_balance_ledger SET pending_balance = pending_balance + 259.97 WHERE merchant_id = 'MCH_94875'; COMMIT;
[2026-09-29T10:30:57.400+0000] {custom_sql_operator.py:105} DEBUG - Batch 376/450: BEGIN TRANSACTION [XID 91823376]; UPDATE financial.merchant_balance_ledger SET pending_balance = pending_balance + 386.53 WHERE merchant_id = 'MCH_94888'; COMMIT;
[2026-09-29T10:30:57.550+0000] {custom_sql_operator.py:105} DEBUG - Batch 377/450: BEGIN TRANSACTION [XID 91823377]; UPDATE financial.merchant_balance_ledger SET pending_balance = pending_balance + 283.09 WHERE merchant_id = 'MCH_94901'; COMMIT;
[2026-09-29T10:30:57.700+0000] {custom_sql_operator.py:105} DEBUG - Batch 378/450: BEGIN TRANSACTION [XID 91823378]; UPDATE financial.merchant_balance_ledger SET pending_balance = pending_balance + 494.89 WHERE merchant_id = 'MCH_94914'; COMMIT;
[2026-09-29T10:30:57.850+0000] {custom_sql_operator.py:105} DEBUG - Batch 379/450: BEGIN TRANSACTION [XID 91823379]; UPDATE financial.merchant_balance_ledger SET pending_balance = pending_balance + 248.95 WHERE merchant_id = 'MCH_94927'; COMMIT;
[2026-09-29T10:30:58.000+0000] {custom_sql_operator.py:105} DEBUG - Batch 380/450: BEGIN TRANSACTION [XID 91823380]; UPDATE financial.merchant_balance_ledger SET pending_balance = pending_balance + 310.89 WHERE merchant_id = 'MCH_94940'; COMMIT;
[2026-09-29T10:30:58.150+0000] {custom_sql_operator.py:105} DEBUG - Batch 381/450: BEGIN TRANSACTION [XID 91823381]; UPDATE financial.merchant_balance_ledger SET pending_balance = pending_balance + 444.42 WHERE merchant_id = 'MCH_94953'; COMMIT;
[2026-09-29T10:30:58.300+0000] {custom_sql_operator.py:105} DEBUG - Batch 382/450: BEGIN TRANSACTION [XID 91823382]; UPDATE financial.merchant_balance_ledger SET pending_balance = pending_balance + 140.79 WHERE merchant_id = 'MCH_94966'; COMMIT;
[2026-09-29T10:30:58.450+0000] {custom_sql_operator.py:105} DEBUG - Batch 383/450: BEGIN TRANSACTION [XID 91823383]; UPDATE financial.merchant_balance_ledger SET pending_balance = pending_balance + 142.67 WHERE merchant_id = 'MCH_94979'; COMMIT;
[2026-09-29T10:30:58.600+0000] {custom_sql_operator.py:105} DEBUG - Batch 384/450: BEGIN TRANSACTION [XID 91823384]; UPDATE financial.merchant_balance_ledger SET pending_balance = pending_balance + 49.81 WHERE merchant_id = 'MCH_94992'; COMMIT;
[2026-09-29T10:30:58.750+0000] {custom_sql_operator.py:105} DEBUG - Batch 385/450: BEGIN TRANSACTION [XID 91823385]; UPDATE financial.merchant_balance_ledger SET pending_balance = pending_balance + 279.0 WHERE merchant_id = 'MCH_95005'; COMMIT;
[2026-09-29T10:30:58.900+0000] {custom_sql_operator.py:105} DEBUG - Batch 386/450: BEGIN TRANSACTION [XID 91823386]; UPDATE financial.merchant_balance_ledger SET pending_balance = pending_balance + 117.3 WHERE merchant_id = 'MCH_95018'; COMMIT;
[2026-09-29T10:30:59.050+0000] {custom_sql_operator.py:105} DEBUG - Batch 387/450: BEGIN TRANSACTION [XID 91823387]; UPDATE financial.merchant_balance_ledger SET pending_balance = pending_balance + 318.22 WHERE merchant_id = 'MCH_95031'; COMMIT;
[2026-09-29T10:30:59.200+0000] {custom_sql_operator.py:105} DEBUG - Batch 388/450: BEGIN TRANSACTION [XID 91823388]; UPDATE financial.merchant_balance_ledger SET pending_balance = pending_balance + 336.08 WHERE merchant_id = 'MCH_95044'; COMMIT;
[2026-09-29T10:30:59.350+0000] {custom_sql_operator.py:105} DEBUG - Batch 389/450: BEGIN TRANSACTION [XID 91823389]; UPDATE financial.merchant_balance_ledger SET pending_balance = pending_balance + 314.61 WHERE merchant_id = 'MCH_95057'; COMMIT;
[2026-09-29T10:30:59.500+0000] {custom_sql_operator.py:105} DEBUG - Batch 390/450: BEGIN TRANSACTION [XID 91823390]; UPDATE financial.merchant_balance_ledger SET pending_balance = pending_balance + 58.79 WHERE merchant_id = 'MCH_95070'; COMMIT;
[2026-09-29T10:30:59.650+0000] {custom_sql_operator.py:105} DEBUG - Batch 391/450: BEGIN TRANSACTION [XID 91823391]; UPDATE financial.merchant_balance_ledger SET pending_balance = pending_balance + 198.31 WHERE merchant_id = 'MCH_95083'; COMMIT;
[2026-09-29T10:30:59.800+0000] {custom_sql_operator.py:105} DEBUG - Batch 392/450: BEGIN TRANSACTION [XID 91823392]; UPDATE financial.merchant_balance_ledger SET pending_balance = pending_balance + 120.09 WHERE merchant_id = 'MCH_95096'; COMMIT;
[2026-09-29T10:30:59.950+0000] {custom_sql_operator.py:105} DEBUG - Batch 393/450: BEGIN TRANSACTION [XID 91823393]; UPDATE financial.merchant_balance_ledger SET pending_balance = pending_balance + 95.32 WHERE merchant_id = 'MCH_95109'; COMMIT;
[2026-09-29T10:31:00.100+0000] {custom_sql_operator.py:105} DEBUG - Batch 394/450: BEGIN TRANSACTION [XID 91823394]; UPDATE financial.merchant_balance_ledger SET pending_balance = pending_balance + 381.03 WHERE merchant_id = 'MCH_95122'; COMMIT;
[2026-09-29T10:31:00.250+0000] {custom_sql_operator.py:105} DEBUG - Batch 395/450: BEGIN TRANSACTION [XID 91823395]; UPDATE financial.merchant_balance_ledger SET pending_balance = pending_balance + 207.74 WHERE merchant_id = 'MCH_95135'; COMMIT;
[2026-09-29T10:31:00.400+0000] {custom_sql_operator.py:105} DEBUG - Batch 396/450: BEGIN TRANSACTION [XID 91823396]; UPDATE financial.merchant_balance_ledger SET pending_balance = pending_balance + 125.49 WHERE merchant_id = 'MCH_95148'; COMMIT;
[2026-09-29T10:31:00.550+0000] {custom_sql_operator.py:105} DEBUG - Batch 397/450: BEGIN TRANSACTION [XID 91823397]; UPDATE financial.merchant_balance_ledger SET pending_balance = pending_balance + 282.16 WHERE merchant_id = 'MCH_95161'; COMMIT;
[2026-09-29T10:31:00.700+0000] {custom_sql_operator.py:105} DEBUG - Batch 398/450: BEGIN TRANSACTION [XID 91823398]; UPDATE financial.merchant_balance_ledger SET pending_balance = pending_balance + 63.38 WHERE merchant_id = 'MCH_95174'; COMMIT;
[2026-09-29T10:31:00.850+0000] {custom_sql_operator.py:105} DEBUG - Batch 399/450: BEGIN TRANSACTION [XID 91823399]; UPDATE financial.merchant_balance_ledger SET pending_balance = pending_balance + 267.31 WHERE merchant_id = 'MCH_95187'; COMMIT;
[2026-09-29T10:31:01.000+0000] {custom_sql_operator.py:105} DEBUG - Batch 400/450: BEGIN TRANSACTION [XID 91823400]; UPDATE financial.merchant_balance_ledger SET pending_balance = pending_balance + 259.21 WHERE merchant_id = 'MCH_95200'; COMMIT;
[2026-09-29T10:31:02.000+0000] {custom_sql_operator.py:105} INFO - Batch 401/450: BEGIN TRANSACTION [XID 91823401]
[2026-09-29T10:31:02.000+0000] {custom_sql_operator.py:108} INFO - Batch 401/450: Acquiring row exclusive locks on financial.merchant_balance_ledger for merchant_id IN ('MCH_98214', 'MCH_11094', 'MCH_44812')...
[2026-09-29T10:31:02.200+0000] {custom_sql_operator.py:122} WARNING - Lock wait tick 1/100: Waiting on tuple lock for merchant_id in ('MCH_98214') held by backend process 28119 (payout_worker_4)...
[2026-09-29T10:31:02.400+0000] {custom_sql_operator.py:122} WARNING - Lock wait tick 2/100: Waiting on tuple lock for merchant_id in ('MCH_98214') held by backend process 28119 (payout_worker_4)...
[2026-09-29T10:31:02.600+0000] {custom_sql_operator.py:122} WARNING - Lock wait tick 3/100: Waiting on tuple lock for merchant_id in ('MCH_98214') held by backend process 28119 (payout_worker_4)...
[2026-09-29T10:31:02.800+0000] {custom_sql_operator.py:122} WARNING - Lock wait tick 4/100: Waiting on tuple lock for merchant_id in ('MCH_98214') held by backend process 28119 (payout_worker_4)...
[2026-09-29T10:31:03.000+0000] {custom_sql_operator.py:122} WARNING - Lock wait tick 5/100: Waiting on tuple lock for merchant_id in ('MCH_98214') held by backend process 28119 (payout_worker_4)...
[2026-09-29T10:31:03.200+0000] {custom_sql_operator.py:122} WARNING - Lock wait tick 6/100: Waiting on tuple lock for merchant_id in ('MCH_98214') held by backend process 28119 (payout_worker_4)...
[2026-09-29T10:31:03.400+0000] {custom_sql_operator.py:122} WARNING - Lock wait tick 7/100: Waiting on tuple lock for merchant_id in ('MCH_98214') held by backend process 28119 (payout_worker_4)...
[2026-09-29T10:31:03.600+0000] {custom_sql_operator.py:122} WARNING - Lock wait tick 8/100: Waiting on tuple lock for merchant_id in ('MCH_98214') held by backend process 28119 (payout_worker_4)...
[2026-09-29T10:31:03.800+0000] {custom_sql_operator.py:122} WARNING - Lock wait tick 9/100: Waiting on tuple lock for merchant_id in ('MCH_98214') held by backend process 28119 (payout_worker_4)...
[2026-09-29T10:31:04.000+0000] {custom_sql_operator.py:122} WARNING - Lock wait tick 10/100: Waiting on tuple lock for merchant_id in ('MCH_98214') held by backend process 28119 (payout_worker_4)...
[2026-09-29T10:31:04.200+0000] {custom_sql_operator.py:122} WARNING - Lock wait tick 11/100: Waiting on tuple lock for merchant_id in ('MCH_98214') held by backend process 28119 (payout_worker_4)...
[2026-09-29T10:31:04.400+0000] {custom_sql_operator.py:122} WARNING - Lock wait tick 12/100: Waiting on tuple lock for merchant_id in ('MCH_98214') held by backend process 28119 (payout_worker_4)...
[2026-09-29T10:31:04.600+0000] {custom_sql_operator.py:122} WARNING - Lock wait tick 13/100: Waiting on tuple lock for merchant_id in ('MCH_98214') held by backend process 28119 (payout_worker_4)...
[2026-09-29T10:31:04.800+0000] {custom_sql_operator.py:122} WARNING - Lock wait tick 14/100: Waiting on tuple lock for merchant_id in ('MCH_98214') held by backend process 28119 (payout_worker_4)...
[2026-09-29T10:31:05.000+0000] {custom_sql_operator.py:122} WARNING - Lock wait tick 15/100: Waiting on tuple lock for merchant_id in ('MCH_98214') held by backend process 28119 (payout_worker_4)...
[2026-09-29T10:31:05.200+0000] {custom_sql_operator.py:122} WARNING - Lock wait tick 16/100: Waiting on tuple lock for merchant_id in ('MCH_98214') held by backend process 28119 (payout_worker_4)...
[2026-09-29T10:31:05.400+0000] {custom_sql_operator.py:122} WARNING - Lock wait tick 17/100: Waiting on tuple lock for merchant_id in ('MCH_98214') held by backend process 28119 (payout_worker_4)...
[2026-09-29T10:31:05.600+0000] {custom_sql_operator.py:122} WARNING - Lock wait tick 18/100: Waiting on tuple lock for merchant_id in ('MCH_98214') held by backend process 28119 (payout_worker_4)...
[2026-09-29T10:31:05.800+0000] {custom_sql_operator.py:122} WARNING - Lock wait tick 19/100: Waiting on tuple lock for merchant_id in ('MCH_98214') held by backend process 28119 (payout_worker_4)...
[2026-09-29T10:31:06.000+0000] {custom_sql_operator.py:122} WARNING - Lock wait tick 20/100: Waiting on tuple lock for merchant_id in ('MCH_98214') held by backend process 28119 (payout_worker_4)...
[2026-09-29T10:31:06.200+0000] {custom_sql_operator.py:122} WARNING - Lock wait tick 21/100: Waiting on tuple lock for merchant_id in ('MCH_98214') held by backend process 28119 (payout_worker_4)...
[2026-09-29T10:31:06.400+0000] {custom_sql_operator.py:122} WARNING - Lock wait tick 22/100: Waiting on tuple lock for merchant_id in ('MCH_98214') held by backend process 28119 (payout_worker_4)...
[2026-09-29T10:31:06.600+0000] {custom_sql_operator.py:122} WARNING - Lock wait tick 23/100: Waiting on tuple lock for merchant_id in ('MCH_98214') held by backend process 28119 (payout_worker_4)...
[2026-09-29T10:31:06.800+0000] {custom_sql_operator.py:122} WARNING - Lock wait tick 24/100: Waiting on tuple lock for merchant_id in ('MCH_98214') held by backend process 28119 (payout_worker_4)...
[2026-09-29T10:31:07.000+0000] {custom_sql_operator.py:122} WARNING - Lock wait tick 25/100: Waiting on tuple lock for merchant_id in ('MCH_98214') held by backend process 28119 (payout_worker_4)...
[2026-09-29T10:31:07.200+0000] {custom_sql_operator.py:122} WARNING - Lock wait tick 26/100: Waiting on tuple lock for merchant_id in ('MCH_98214') held by backend process 28119 (payout_worker_4)...
[2026-09-29T10:31:07.400+0000] {custom_sql_operator.py:122} WARNING - Lock wait tick 27/100: Waiting on tuple lock for merchant_id in ('MCH_98214') held by backend process 28119 (payout_worker_4)...
[2026-09-29T10:31:07.600+0000] {custom_sql_operator.py:122} WARNING - Lock wait tick 28/100: Waiting on tuple lock for merchant_id in ('MCH_98214') held by backend process 28119 (payout_worker_4)...
[2026-09-29T10:31:07.800+0000] {custom_sql_operator.py:122} WARNING - Lock wait tick 29/100: Waiting on tuple lock for merchant_id in ('MCH_98214') held by backend process 28119 (payout_worker_4)...
[2026-09-29T10:31:08.000+0000] {custom_sql_operator.py:122} WARNING - Lock wait tick 30/100: Waiting on tuple lock for merchant_id in ('MCH_98214') held by backend process 28119 (payout_worker_4)...
[2026-09-29T10:31:08.200+0000] {custom_sql_operator.py:122} WARNING - Lock wait tick 31/100: Waiting on tuple lock for merchant_id in ('MCH_98214') held by backend process 28119 (payout_worker_4)...
[2026-09-29T10:31:08.400+0000] {custom_sql_operator.py:122} WARNING - Lock wait tick 32/100: Waiting on tuple lock for merchant_id in ('MCH_98214') held by backend process 28119 (payout_worker_4)...
[2026-09-29T10:31:08.600+0000] {custom_sql_operator.py:122} WARNING - Lock wait tick 33/100: Waiting on tuple lock for merchant_id in ('MCH_98214') held by backend process 28119 (payout_worker_4)...
[2026-09-29T10:31:08.800+0000] {custom_sql_operator.py:122} WARNING - Lock wait tick 34/100: Waiting on tuple lock for merchant_id in ('MCH_98214') held by backend process 28119 (payout_worker_4)...
[2026-09-29T10:31:09.000+0000] {custom_sql_operator.py:122} WARNING - Lock wait tick 35/100: Waiting on tuple lock for merchant_id in ('MCH_98214') held by backend process 28119 (payout_worker_4)...
[2026-09-29T10:31:09.200+0000] {custom_sql_operator.py:122} WARNING - Lock wait tick 36/100: Waiting on tuple lock for merchant_id in ('MCH_98214') held by backend process 28119 (payout_worker_4)...
[2026-09-29T10:31:09.400+0000] {custom_sql_operator.py:122} WARNING - Lock wait tick 37/100: Waiting on tuple lock for merchant_id in ('MCH_98214') held by backend process 28119 (payout_worker_4)...
[2026-09-29T10:31:09.600+0000] {custom_sql_operator.py:122} WARNING - Lock wait tick 38/100: Waiting on tuple lock for merchant_id in ('MCH_98214') held by backend process 28119 (payout_worker_4)...
[2026-09-29T10:31:09.800+0000] {custom_sql_operator.py:122} WARNING - Lock wait tick 39/100: Waiting on tuple lock for merchant_id in ('MCH_98214') held by backend process 28119 (payout_worker_4)...
[2026-09-29T10:31:10.000+0000] {custom_sql_operator.py:122} WARNING - Lock wait tick 40/100: Waiting on tuple lock for merchant_id in ('MCH_98214') held by backend process 28119 (payout_worker_4)...
[2026-09-29T10:31:10.200+0000] {custom_sql_operator.py:122} WARNING - Lock wait tick 41/100: Waiting on tuple lock for merchant_id in ('MCH_98214') held by backend process 28119 (payout_worker_4)...
[2026-09-29T10:31:10.400+0000] {custom_sql_operator.py:122} WARNING - Lock wait tick 42/100: Waiting on tuple lock for merchant_id in ('MCH_98214') held by backend process 28119 (payout_worker_4)...
[2026-09-29T10:31:10.600+0000] {custom_sql_operator.py:122} WARNING - Lock wait tick 43/100: Waiting on tuple lock for merchant_id in ('MCH_98214') held by backend process 28119 (payout_worker_4)...
[2026-09-29T10:31:10.800+0000] {custom_sql_operator.py:122} WARNING - Lock wait tick 44/100: Waiting on tuple lock for merchant_id in ('MCH_98214') held by backend process 28119 (payout_worker_4)...
[2026-09-29T10:31:11.000+0000] {custom_sql_operator.py:122} WARNING - Lock wait tick 45/100: Waiting on tuple lock for merchant_id in ('MCH_98214') held by backend process 28119 (payout_worker_4)...
[2026-09-29T10:31:11.200+0000] {custom_sql_operator.py:122} WARNING - Lock wait tick 46/100: Waiting on tuple lock for merchant_id in ('MCH_98214') held by backend process 28119 (payout_worker_4)...
[2026-09-29T10:31:11.400+0000] {custom_sql_operator.py:122} WARNING - Lock wait tick 47/100: Waiting on tuple lock for merchant_id in ('MCH_98214') held by backend process 28119 (payout_worker_4)...
[2026-09-29T10:31:11.600+0000] {custom_sql_operator.py:122} WARNING - Lock wait tick 48/100: Waiting on tuple lock for merchant_id in ('MCH_98214') held by backend process 28119 (payout_worker_4)...
[2026-09-29T10:31:11.800+0000] {custom_sql_operator.py:122} WARNING - Lock wait tick 49/100: Waiting on tuple lock for merchant_id in ('MCH_98214') held by backend process 28119 (payout_worker_4)...
[2026-09-29T10:31:12.000+0000] {custom_sql_operator.py:122} WARNING - Lock wait tick 50/100: Waiting on tuple lock for merchant_id in ('MCH_98214') held by backend process 28119 (payout_worker_4)...
[2026-09-29T10:31:12.200+0000] {custom_sql_operator.py:122} WARNING - Lock wait tick 51/100: Waiting on tuple lock for merchant_id in ('MCH_98214') held by backend process 28119 (payout_worker_4)...
[2026-09-29T10:31:12.400+0000] {custom_sql_operator.py:122} WARNING - Lock wait tick 52/100: Waiting on tuple lock for merchant_id in ('MCH_98214') held by backend process 28119 (payout_worker_4)...
[2026-09-29T10:31:12.600+0000] {custom_sql_operator.py:122} WARNING - Lock wait tick 53/100: Waiting on tuple lock for merchant_id in ('MCH_98214') held by backend process 28119 (payout_worker_4)...
[2026-09-29T10:31:12.800+0000] {custom_sql_operator.py:122} WARNING - Lock wait tick 54/100: Waiting on tuple lock for merchant_id in ('MCH_98214') held by backend process 28119 (payout_worker_4)...
[2026-09-29T10:31:13.000+0000] {custom_sql_operator.py:122} WARNING - Lock wait tick 55/100: Waiting on tuple lock for merchant_id in ('MCH_98214') held by backend process 28119 (payout_worker_4)...
[2026-09-29T10:31:13.200+0000] {custom_sql_operator.py:122} WARNING - Lock wait tick 56/100: Waiting on tuple lock for merchant_id in ('MCH_98214') held by backend process 28119 (payout_worker_4)...
[2026-09-29T10:31:13.400+0000] {custom_sql_operator.py:122} WARNING - Lock wait tick 57/100: Waiting on tuple lock for merchant_id in ('MCH_98214') held by backend process 28119 (payout_worker_4)...
[2026-09-29T10:31:13.600+0000] {custom_sql_operator.py:122} WARNING - Lock wait tick 58/100: Waiting on tuple lock for merchant_id in ('MCH_98214') held by backend process 28119 (payout_worker_4)...
[2026-09-29T10:31:13.800+0000] {custom_sql_operator.py:122} WARNING - Lock wait tick 59/100: Waiting on tuple lock for merchant_id in ('MCH_98214') held by backend process 28119 (payout_worker_4)...
[2026-09-29T10:31:14.000+0000] {custom_sql_operator.py:122} WARNING - Lock wait tick 60/100: Waiting on tuple lock for merchant_id in ('MCH_98214') held by backend process 28119 (payout_worker_4)...
[2026-09-29T10:31:14.200+0000] {custom_sql_operator.py:122} WARNING - Lock wait tick 61/100: Waiting on tuple lock for merchant_id in ('MCH_98214') held by backend process 28119 (payout_worker_4)...
[2026-09-29T10:31:14.400+0000] {custom_sql_operator.py:122} WARNING - Lock wait tick 62/100: Waiting on tuple lock for merchant_id in ('MCH_98214') held by backend process 28119 (payout_worker_4)...
[2026-09-29T10:31:14.600+0000] {custom_sql_operator.py:122} WARNING - Lock wait tick 63/100: Waiting on tuple lock for merchant_id in ('MCH_98214') held by backend process 28119 (payout_worker_4)...
[2026-09-29T10:31:14.800+0000] {custom_sql_operator.py:122} WARNING - Lock wait tick 64/100: Waiting on tuple lock for merchant_id in ('MCH_98214') held by backend process 28119 (payout_worker_4)...
[2026-09-29T10:31:15.000+0000] {custom_sql_operator.py:122} WARNING - Lock wait tick 65/100: Waiting on tuple lock for merchant_id in ('MCH_98214') held by backend process 28119 (payout_worker_4)...
[2026-09-29T10:31:15.200+0000] {custom_sql_operator.py:122} WARNING - Lock wait tick 66/100: Waiting on tuple lock for merchant_id in ('MCH_98214') held by backend process 28119 (payout_worker_4)...
[2026-09-29T10:31:15.400+0000] {custom_sql_operator.py:122} WARNING - Lock wait tick 67/100: Waiting on tuple lock for merchant_id in ('MCH_98214') held by backend process 28119 (payout_worker_4)...
[2026-09-29T10:31:15.600+0000] {custom_sql_operator.py:122} WARNING - Lock wait tick 68/100: Waiting on tuple lock for merchant_id in ('MCH_98214') held by backend process 28119 (payout_worker_4)...
[2026-09-29T10:31:15.800+0000] {custom_sql_operator.py:122} WARNING - Lock wait tick 69/100: Waiting on tuple lock for merchant_id in ('MCH_98214') held by backend process 28119 (payout_worker_4)...
[2026-09-29T10:31:16.000+0000] {custom_sql_operator.py:122} WARNING - Lock wait tick 70/100: Waiting on tuple lock for merchant_id in ('MCH_98214') held by backend process 28119 (payout_worker_4)...
[2026-09-29T10:31:16.200+0000] {custom_sql_operator.py:122} WARNING - Lock wait tick 71/100: Waiting on tuple lock for merchant_id in ('MCH_98214') held by backend process 28119 (payout_worker_4)...
[2026-09-29T10:31:16.400+0000] {custom_sql_operator.py:122} WARNING - Lock wait tick 72/100: Waiting on tuple lock for merchant_id in ('MCH_98214') held by backend process 28119 (payout_worker_4)...
[2026-09-29T10:31:16.600+0000] {custom_sql_operator.py:122} WARNING - Lock wait tick 73/100: Waiting on tuple lock for merchant_id in ('MCH_98214') held by backend process 28119 (payout_worker_4)...
[2026-09-29T10:31:16.800+0000] {custom_sql_operator.py:122} WARNING - Lock wait tick 74/100: Waiting on tuple lock for merchant_id in ('MCH_98214') held by backend process 28119 (payout_worker_4)...
[2026-09-29T10:31:17.000+0000] {custom_sql_operator.py:122} WARNING - Lock wait tick 75/100: Waiting on tuple lock for merchant_id in ('MCH_98214') held by backend process 28119 (payout_worker_4)...
[2026-09-29T10:31:17.200+0000] {custom_sql_operator.py:122} WARNING - Lock wait tick 76/100: Waiting on tuple lock for merchant_id in ('MCH_98214') held by backend process 28119 (payout_worker_4)...
[2026-09-29T10:31:17.400+0000] {custom_sql_operator.py:122} WARNING - Lock wait tick 77/100: Waiting on tuple lock for merchant_id in ('MCH_98214') held by backend process 28119 (payout_worker_4)...
[2026-09-29T10:31:17.600+0000] {custom_sql_operator.py:122} WARNING - Lock wait tick 78/100: Waiting on tuple lock for merchant_id in ('MCH_98214') held by backend process 28119 (payout_worker_4)...
[2026-09-29T10:31:17.800+0000] {custom_sql_operator.py:122} WARNING - Lock wait tick 79/100: Waiting on tuple lock for merchant_id in ('MCH_98214') held by backend process 28119 (payout_worker_4)...
[2026-09-29T10:31:18.000+0000] {custom_sql_operator.py:122} WARNING - Lock wait tick 80/100: Waiting on tuple lock for merchant_id in ('MCH_98214') held by backend process 28119 (payout_worker_4)...
[2026-09-29T10:31:18.200+0000] {custom_sql_operator.py:122} WARNING - Lock wait tick 81/100: Waiting on tuple lock for merchant_id in ('MCH_98214') held by backend process 28119 (payout_worker_4)...
[2026-09-29T10:31:18.400+0000] {custom_sql_operator.py:122} WARNING - Lock wait tick 82/100: Waiting on tuple lock for merchant_id in ('MCH_98214') held by backend process 28119 (payout_worker_4)...
[2026-09-29T10:31:18.600+0000] {custom_sql_operator.py:122} WARNING - Lock wait tick 83/100: Waiting on tuple lock for merchant_id in ('MCH_98214') held by backend process 28119 (payout_worker_4)...
[2026-09-29T10:31:18.800+0000] {custom_sql_operator.py:122} WARNING - Lock wait tick 84/100: Waiting on tuple lock for merchant_id in ('MCH_98214') held by backend process 28119 (payout_worker_4)...
[2026-09-29T10:31:19.000+0000] {custom_sql_operator.py:122} WARNING - Lock wait tick 85/100: Waiting on tuple lock for merchant_id in ('MCH_98214') held by backend process 28119 (payout_worker_4)...
[2026-09-29T10:31:19.200+0000] {custom_sql_operator.py:122} WARNING - Lock wait tick 86/100: Waiting on tuple lock for merchant_id in ('MCH_98214') held by backend process 28119 (payout_worker_4)...
[2026-09-29T10:31:19.400+0000] {custom_sql_operator.py:122} WARNING - Lock wait tick 87/100: Waiting on tuple lock for merchant_id in ('MCH_98214') held by backend process 28119 (payout_worker_4)...
[2026-09-29T10:31:19.600+0000] {custom_sql_operator.py:122} WARNING - Lock wait tick 88/100: Waiting on tuple lock for merchant_id in ('MCH_98214') held by backend process 28119 (payout_worker_4)...
[2026-09-29T10:31:19.800+0000] {custom_sql_operator.py:122} WARNING - Lock wait tick 89/100: Waiting on tuple lock for merchant_id in ('MCH_98214') held by backend process 28119 (payout_worker_4)...
[2026-09-29T10:31:20.000+0000] {custom_sql_operator.py:122} WARNING - Lock wait tick 90/100: Waiting on tuple lock for merchant_id in ('MCH_98214') held by backend process 28119 (payout_worker_4)...
[2026-09-29T10:31:20.200+0000] {custom_sql_operator.py:122} WARNING - Lock wait tick 91/100: Waiting on tuple lock for merchant_id in ('MCH_98214') held by backend process 28119 (payout_worker_4)...
[2026-09-29T10:31:20.400+0000] {custom_sql_operator.py:122} WARNING - Lock wait tick 92/100: Waiting on tuple lock for merchant_id in ('MCH_98214') held by backend process 28119 (payout_worker_4)...
[2026-09-29T10:31:20.600+0000] {custom_sql_operator.py:122} WARNING - Lock wait tick 93/100: Waiting on tuple lock for merchant_id in ('MCH_98214') held by backend process 28119 (payout_worker_4)...
[2026-09-29T10:31:20.800+0000] {custom_sql_operator.py:122} WARNING - Lock wait tick 94/100: Waiting on tuple lock for merchant_id in ('MCH_98214') held by backend process 28119 (payout_worker_4)...
[2026-09-29T10:31:21.000+0000] {custom_sql_operator.py:122} WARNING - Lock wait tick 95/100: Waiting on tuple lock for merchant_id in ('MCH_98214') held by backend process 28119 (payout_worker_4)...
[2026-09-29T10:31:21.200+0000] {custom_sql_operator.py:122} WARNING - Lock wait tick 96/100: Waiting on tuple lock for merchant_id in ('MCH_98214') held by backend process 28119 (payout_worker_4)...
[2026-09-29T10:31:21.400+0000] {custom_sql_operator.py:122} WARNING - Lock wait tick 97/100: Waiting on tuple lock for merchant_id in ('MCH_98214') held by backend process 28119 (payout_worker_4)...
[2026-09-29T10:31:21.600+0000] {custom_sql_operator.py:122} WARNING - Lock wait tick 98/100: Waiting on tuple lock for merchant_id in ('MCH_98214') held by backend process 28119 (payout_worker_4)...
[2026-09-29T10:31:21.800+0000] {custom_sql_operator.py:122} WARNING - Lock wait tick 99/100: Waiting on tuple lock for merchant_id in ('MCH_98214') held by backend process 28119 (payout_worker_4)...
[2026-09-29T10:31:22.000+0000] {custom_sql_operator.py:122} WARNING - Lock wait tick 100/100: Waiting on tuple lock for merchant_id in ('MCH_98214') held by backend process 28119 (payout_worker_4)...
[2026-09-29T10:31:23.000+0000] {taskinstance.py:1898} ERROR - Task failed with exception
Traceback (most recent call last):
  File "/opt/airflow/dags/plugins/custom_sql_framework/executor.py", line 184, in execute_transaction
    cursor.execute(sql_chunk, parameters)
  File "/usr/local/lib/python3.11/site-packages/psycopg2/extras.py", line 313, in execute
    return super().execute(query, vars)
psycopg2.errors.DeadlockDetected: deadlock detected
DETAIL:  Process 28104 waits for ShareLock on transaction 91823901; blocked by process 28119.
Process 28119 waits for ExclusiveLock on relation 'merchant_balance_ledger'; blocked by process 28104.
HINT:  See server log for query details.
CONTEXT:  while updating tuple (412, 18) in relation "merchant_balance_ledger"
QUERY:  UPDATE financial.merchant_balance_ledger SET pending_balance = pending_balance + 482.10 WHERE merchant_id = 'MCH_98214';

[2026-09-29T10:31:23.000+0000] {taskinstance.py:1406} ERROR - Marking task as FAILED.
[2026-09-29T10:31:23.000+0000] {taskinstance.py:1467} INFO - Invoking failure callback: airdoctor_failure_callback