*** Reading remote log from Cloud Logging / S3: s3://airdoctor-data-platform-logs-prod/airflow-logs/cluster=gke-prod-us-central1/dag_id=analytics_daily_etl/task_id=run_dbt_heavy_aggregation/execution_date=2026-09-29T10:00:00+00:00/attempt=1.log
[2026-09-29T10:00:00.000+0000] {taskinstance.py:1165} INFO - Dependencies all met for <TaskInstance: analytics_daily_etl.run_dbt_heavy_aggregation manual__2026-09-29T10:00:00+00:00 [queued]>
[2026-09-29T10:00:00.000+0000] {taskinstance.py:1418} INFO - Starting attempt 1 of 2 on Celery/KubernetesExecutor
[2026-09-29T10:00:00.000+0000] {taskinstance.py:1439} INFO - Executing <Task(KubernetesPodOperator): run_dbt_heavy_aggregation> on queue default
[2026-09-29T10:00:00.000+0000] {kubernetes_pod.py:461} INFO - Validating pod template with GKE admission controller...
[2026-09-29T10:00:00.000+0000] {kubernetes_pod.py:488} INFO - Pod spec configured resources: requests={'cpu': '1000m', 'memory': '1024Mi'}, limits={'cpu': '2000m', 'memory': '2048Mi'}
[2026-09-29T10:00:01.000+0000] {pod_manager.py:214} INFO - Pod scheduled on GKE node gke-prod-us-central1-n2-standard-4-pool-8f4b12-x7w9 (zone: us-central1-a)
[2026-09-29T10:00:02.000+0000] {pod_manager.py:219} INFO - Pulling image 'eu.gcr.io/company-analytics/dbt-executor:v3.1.0' (sha256:8f9214b7e1920ac3490b)
[2026-09-29T10:00:04.000+0000] {pod_manager.py:225} INFO - Successfully pulled image in 2.14s
[2026-09-29T10:00:05.000+0000] {pod_manager.py:240} INFO - Pod airflow-worker-dbt-heavy-join-4f892a enters phase Running
[2026-09-29T10:00:06.400+0000] {pod_manager.py:315} INFO - [base] 10:00:06 | Thread 1: START sql view model staging.stg_stream_events_partition_001 [RUN]
[2026-09-29T10:00:06.400+0000] {pod_manager.py:315} INFO - [base] 10:00:06 | Thread 1: EXPLAIN (ANALYZE, BUFFERS) SELECT event_id, user_id, amount FROM raw.events_001 WHERE dt = '2026-09-29';
[2026-09-29T10:00:06.400+0000] {pod_manager.py:315} INFO - [base] 10:00:06 | Thread 1: Seq Scan on events_001 (cost=0.00..1842.10 rows=48210 width=48) (actual time=0.04..12.14 rows=48210 loops=1) Buffers: shared hit=482 read=12
[2026-09-29T10:00:06.400+0000] {pod_manager.py:315} INFO - [base] 10:00:06 | Thread 1: OK created sql view model staging.stg_stream_events_partition_001 [SUCCESS in 0.38s]
[2026-09-29T10:00:06.800+0000] {pod_manager.py:315} INFO - [base] 10:00:06 | Thread 1: START sql view model staging.stg_stream_events_partition_002 [RUN]
[2026-09-29T10:00:06.800+0000] {pod_manager.py:315} INFO - [base] 10:00:06 | Thread 1: EXPLAIN (ANALYZE, BUFFERS) SELECT event_id, user_id, amount FROM raw.events_002 WHERE dt = '2026-09-29';
[2026-09-29T10:00:06.800+0000] {pod_manager.py:315} INFO - [base] 10:00:06 | Thread 1: Seq Scan on events_002 (cost=0.00..1842.10 rows=48210 width=48) (actual time=0.04..12.14 rows=48210 loops=1) Buffers: shared hit=482 read=12
[2026-09-29T10:00:06.800+0000] {pod_manager.py:315} INFO - [base] 10:00:06 | Thread 1: OK created sql view model staging.stg_stream_events_partition_002 [SUCCESS in 0.38s]
[2026-09-29T10:00:07.200+0000] {pod_manager.py:315} INFO - [base] 10:00:07 | Thread 1: START sql view model staging.stg_stream_events_partition_003 [RUN]
[2026-09-29T10:00:07.200+0000] {pod_manager.py:315} INFO - [base] 10:00:07 | Thread 1: EXPLAIN (ANALYZE, BUFFERS) SELECT event_id, user_id, amount FROM raw.events_003 WHERE dt = '2026-09-29';
[2026-09-29T10:00:07.200+0000] {pod_manager.py:315} INFO - [base] 10:00:07 | Thread 1: Seq Scan on events_003 (cost=0.00..1842.10 rows=48210 width=48) (actual time=0.04..12.14 rows=48210 loops=1) Buffers: shared hit=482 read=12
[2026-09-29T10:00:07.200+0000] {pod_manager.py:315} INFO - [base] 10:00:07 | Thread 1: OK created sql view model staging.stg_stream_events_partition_003 [SUCCESS in 0.38s]
[2026-09-29T10:00:07.600+0000] {pod_manager.py:315} INFO - [base] 10:00:07 | Thread 1: START sql view model staging.stg_stream_events_partition_004 [RUN]
[2026-09-29T10:00:07.600+0000] {pod_manager.py:315} INFO - [base] 10:00:07 | Thread 1: EXPLAIN (ANALYZE, BUFFERS) SELECT event_id, user_id, amount FROM raw.events_004 WHERE dt = '2026-09-29';
[2026-09-29T10:00:07.600+0000] {pod_manager.py:315} INFO - [base] 10:00:07 | Thread 1: Seq Scan on events_004 (cost=0.00..1842.10 rows=48210 width=48) (actual time=0.04..12.14 rows=48210 loops=1) Buffers: shared hit=482 read=12
[2026-09-29T10:00:07.600+0000] {pod_manager.py:315} INFO - [base] 10:00:07 | Thread 1: OK created sql view model staging.stg_stream_events_partition_004 [SUCCESS in 0.38s]
[2026-09-29T10:00:08.000+0000] {pod_manager.py:315} INFO - [base] 10:00:08 | Thread 1: START sql view model staging.stg_stream_events_partition_005 [RUN]
[2026-09-29T10:00:08.000+0000] {pod_manager.py:315} INFO - [base] 10:00:08 | Thread 1: EXPLAIN (ANALYZE, BUFFERS) SELECT event_id, user_id, amount FROM raw.events_005 WHERE dt = '2026-09-29';
[2026-09-29T10:00:08.000+0000] {pod_manager.py:315} INFO - [base] 10:00:08 | Thread 1: Seq Scan on events_005 (cost=0.00..1842.10 rows=48210 width=48) (actual time=0.04..12.14 rows=48210 loops=1) Buffers: shared hit=482 read=12
[2026-09-29T10:00:08.000+0000] {pod_manager.py:315} INFO - [base] 10:00:08 | Thread 1: OK created sql view model staging.stg_stream_events_partition_005 [SUCCESS in 0.38s]
[2026-09-29T10:00:08.400+0000] {pod_manager.py:315} INFO - [base] 10:00:08 | Thread 1: START sql view model staging.stg_stream_events_partition_006 [RUN]
[2026-09-29T10:00:08.400+0000] {pod_manager.py:315} INFO - [base] 10:00:08 | Thread 1: EXPLAIN (ANALYZE, BUFFERS) SELECT event_id, user_id, amount FROM raw.events_006 WHERE dt = '2026-09-29';
[2026-09-29T10:00:08.400+0000] {pod_manager.py:315} INFO - [base] 10:00:08 | Thread 1: Seq Scan on events_006 (cost=0.00..1842.10 rows=48210 width=48) (actual time=0.04..12.14 rows=48210 loops=1) Buffers: shared hit=482 read=12
[2026-09-29T10:00:08.400+0000] {pod_manager.py:315} INFO - [base] 10:00:08 | Thread 1: OK created sql view model staging.stg_stream_events_partition_006 [SUCCESS in 0.38s]
[2026-09-29T10:00:08.800+0000] {pod_manager.py:315} INFO - [base] 10:00:08 | Thread 1: START sql view model staging.stg_stream_events_partition_007 [RUN]
[2026-09-29T10:00:08.800+0000] {pod_manager.py:315} INFO - [base] 10:00:08 | Thread 1: EXPLAIN (ANALYZE, BUFFERS) SELECT event_id, user_id, amount FROM raw.events_007 WHERE dt = '2026-09-29';
[2026-09-29T10:00:08.800+0000] {pod_manager.py:315} INFO - [base] 10:00:08 | Thread 1: Seq Scan on events_007 (cost=0.00..1842.10 rows=48210 width=48) (actual time=0.04..12.14 rows=48210 loops=1) Buffers: shared hit=482 read=12
[2026-09-29T10:00:08.800+0000] {pod_manager.py:315} INFO - [base] 10:00:08 | Thread 1: OK created sql view model staging.stg_stream_events_partition_007 [SUCCESS in 0.38s]
[2026-09-29T10:00:09.200+0000] {pod_manager.py:315} INFO - [base] 10:00:09 | Thread 1: START sql view model staging.stg_stream_events_partition_008 [RUN]
[2026-09-29T10:00:09.200+0000] {pod_manager.py:315} INFO - [base] 10:00:09 | Thread 1: EXPLAIN (ANALYZE, BUFFERS) SELECT event_id, user_id, amount FROM raw.events_008 WHERE dt = '2026-09-29';
[2026-09-29T10:00:09.200+0000] {pod_manager.py:315} INFO - [base] 10:00:09 | Thread 1: Seq Scan on events_008 (cost=0.00..1842.10 rows=48210 width=48) (actual time=0.04..12.14 rows=48210 loops=1) Buffers: shared hit=482 read=12
[2026-09-29T10:00:09.200+0000] {pod_manager.py:315} INFO - [base] 10:00:09 | Thread 1: OK created sql view model staging.stg_stream_events_partition_008 [SUCCESS in 0.38s]
[2026-09-29T10:00:09.600+0000] {pod_manager.py:315} INFO - [base] 10:00:09 | Thread 1: START sql view model staging.stg_stream_events_partition_009 [RUN]
[2026-09-29T10:00:09.600+0000] {pod_manager.py:315} INFO - [base] 10:00:09 | Thread 1: EXPLAIN (ANALYZE, BUFFERS) SELECT event_id, user_id, amount FROM raw.events_009 WHERE dt = '2026-09-29';
[2026-09-29T10:00:09.600+0000] {pod_manager.py:315} INFO - [base] 10:00:09 | Thread 1: Seq Scan on events_009 (cost=0.00..1842.10 rows=48210 width=48) (actual time=0.04..12.14 rows=48210 loops=1) Buffers: shared hit=482 read=12
[2026-09-29T10:00:09.600+0000] {pod_manager.py:315} INFO - [base] 10:00:09 | Thread 1: OK created sql view model staging.stg_stream_events_partition_009 [SUCCESS in 0.38s]
[2026-09-29T10:00:10.000+0000] {pod_manager.py:315} INFO - [base] 10:00:10 | Thread 1: START sql view model staging.stg_stream_events_partition_010 [RUN]
[2026-09-29T10:00:10.000+0000] {pod_manager.py:315} INFO - [base] 10:00:10 | Thread 1: EXPLAIN (ANALYZE, BUFFERS) SELECT event_id, user_id, amount FROM raw.events_010 WHERE dt = '2026-09-29';
[2026-09-29T10:00:10.000+0000] {pod_manager.py:315} INFO - [base] 10:00:10 | Thread 1: Seq Scan on events_010 (cost=0.00..1842.10 rows=48210 width=48) (actual time=0.04..12.14 rows=48210 loops=1) Buffers: shared hit=482 read=12
[2026-09-29T10:00:10.000+0000] {pod_manager.py:315} INFO - [base] 10:00:10 | Thread 1: OK created sql view model staging.stg_stream_events_partition_010 [SUCCESS in 0.38s]
[2026-09-29T10:00:10.400+0000] {pod_manager.py:315} INFO - [base] 10:00:10 | Thread 1: START sql view model staging.stg_stream_events_partition_011 [RUN]
[2026-09-29T10:00:10.400+0000] {pod_manager.py:315} INFO - [base] 10:00:10 | Thread 1: EXPLAIN (ANALYZE, BUFFERS) SELECT event_id, user_id, amount FROM raw.events_011 WHERE dt = '2026-09-29';
[2026-09-29T10:00:10.400+0000] {pod_manager.py:315} INFO - [base] 10:00:10 | Thread 1: Seq Scan on events_011 (cost=0.00..1842.10 rows=48210 width=48) (actual time=0.04..12.14 rows=48210 loops=1) Buffers: shared hit=482 read=12
[2026-09-29T10:00:10.400+0000] {pod_manager.py:315} INFO - [base] 10:00:10 | Thread 1: OK created sql view model staging.stg_stream_events_partition_011 [SUCCESS in 0.38s]
[2026-09-29T10:00:10.800+0000] {pod_manager.py:315} INFO - [base] 10:00:10 | Thread 1: START sql view model staging.stg_stream_events_partition_012 [RUN]
[2026-09-29T10:00:10.800+0000] {pod_manager.py:315} INFO - [base] 10:00:10 | Thread 1: EXPLAIN (ANALYZE, BUFFERS) SELECT event_id, user_id, amount FROM raw.events_012 WHERE dt = '2026-09-29';
[2026-09-29T10:00:10.800+0000] {pod_manager.py:315} INFO - [base] 10:00:10 | Thread 1: Seq Scan on events_012 (cost=0.00..1842.10 rows=48210 width=48) (actual time=0.04..12.14 rows=48210 loops=1) Buffers: shared hit=482 read=12
[2026-09-29T10:00:10.800+0000] {pod_manager.py:315} INFO - [base] 10:00:10 | Thread 1: OK created sql view model staging.stg_stream_events_partition_012 [SUCCESS in 0.38s]
[2026-09-29T10:00:11.200+0000] {pod_manager.py:315} INFO - [base] 10:00:11 | Thread 1: START sql view model staging.stg_stream_events_partition_013 [RUN]
[2026-09-29T10:00:11.200+0000] {pod_manager.py:315} INFO - [base] 10:00:11 | Thread 1: EXPLAIN (ANALYZE, BUFFERS) SELECT event_id, user_id, amount FROM raw.events_013 WHERE dt = '2026-09-29';
[2026-09-29T10:00:11.200+0000] {pod_manager.py:315} INFO - [base] 10:00:11 | Thread 1: Seq Scan on events_013 (cost=0.00..1842.10 rows=48210 width=48) (actual time=0.04..12.14 rows=48210 loops=1) Buffers: shared hit=482 read=12
[2026-09-29T10:00:11.200+0000] {pod_manager.py:315} INFO - [base] 10:00:11 | Thread 1: OK created sql view model staging.stg_stream_events_partition_013 [SUCCESS in 0.38s]
[2026-09-29T10:00:11.600+0000] {pod_manager.py:315} INFO - [base] 10:00:11 | Thread 1: START sql view model staging.stg_stream_events_partition_014 [RUN]
[2026-09-29T10:00:11.600+0000] {pod_manager.py:315} INFO - [base] 10:00:11 | Thread 1: EXPLAIN (ANALYZE, BUFFERS) SELECT event_id, user_id, amount FROM raw.events_014 WHERE dt = '2026-09-29';
[2026-09-29T10:00:11.600+0000] {pod_manager.py:315} INFO - [base] 10:00:11 | Thread 1: Seq Scan on events_014 (cost=0.00..1842.10 rows=48210 width=48) (actual time=0.04..12.14 rows=48210 loops=1) Buffers: shared hit=482 read=12
[2026-09-29T10:00:11.600+0000] {pod_manager.py:315} INFO - [base] 10:00:11 | Thread 1: OK created sql view model staging.stg_stream_events_partition_014 [SUCCESS in 0.38s]
[2026-09-29T10:00:12.000+0000] {pod_manager.py:315} INFO - [base] 10:00:12 | Thread 1: START sql view model staging.stg_stream_events_partition_015 [RUN]
[2026-09-29T10:00:12.000+0000] {pod_manager.py:315} INFO - [base] 10:00:12 | Thread 1: EXPLAIN (ANALYZE, BUFFERS) SELECT event_id, user_id, amount FROM raw.events_015 WHERE dt = '2026-09-29';
[2026-09-29T10:00:12.000+0000] {pod_manager.py:315} INFO - [base] 10:00:12 | Thread 1: Seq Scan on events_015 (cost=0.00..1842.10 rows=48210 width=48) (actual time=0.04..12.14 rows=48210 loops=1) Buffers: shared hit=482 read=12
[2026-09-29T10:00:12.000+0000] {pod_manager.py:315} INFO - [base] 10:00:12 | Thread 1: OK created sql view model staging.stg_stream_events_partition_015 [SUCCESS in 0.38s]
[2026-09-29T10:00:12.400+0000] {pod_manager.py:315} INFO - [base] 10:00:12 | Thread 1: START sql view model staging.stg_stream_events_partition_016 [RUN]
[2026-09-29T10:00:12.400+0000] {pod_manager.py:315} INFO - [base] 10:00:12 | Thread 1: EXPLAIN (ANALYZE, BUFFERS) SELECT event_id, user_id, amount FROM raw.events_016 WHERE dt = '2026-09-29';
[2026-09-29T10:00:12.400+0000] {pod_manager.py:315} INFO - [base] 10:00:12 | Thread 1: Seq Scan on events_016 (cost=0.00..1842.10 rows=48210 width=48) (actual time=0.04..12.14 rows=48210 loops=1) Buffers: shared hit=482 read=12
[2026-09-29T10:00:12.400+0000] {pod_manager.py:315} INFO - [base] 10:00:12 | Thread 1: OK created sql view model staging.stg_stream_events_partition_016 [SUCCESS in 0.38s]
[2026-09-29T10:00:12.800+0000] {pod_manager.py:315} INFO - [base] 10:00:12 | Thread 1: START sql view model staging.stg_stream_events_partition_017 [RUN]
[2026-09-29T10:00:12.800+0000] {pod_manager.py:315} INFO - [base] 10:00:12 | Thread 1: EXPLAIN (ANALYZE, BUFFERS) SELECT event_id, user_id, amount FROM raw.events_017 WHERE dt = '2026-09-29';
[2026-09-29T10:00:12.800+0000] {pod_manager.py:315} INFO - [base] 10:00:12 | Thread 1: Seq Scan on events_017 (cost=0.00..1842.10 rows=48210 width=48) (actual time=0.04..12.14 rows=48210 loops=1) Buffers: shared hit=482 read=12
[2026-09-29T10:00:12.800+0000] {pod_manager.py:315} INFO - [base] 10:00:12 | Thread 1: OK created sql view model staging.stg_stream_events_partition_017 [SUCCESS in 0.38s]
[2026-09-29T10:00:13.200+0000] {pod_manager.py:315} INFO - [base] 10:00:13 | Thread 1: START sql view model staging.stg_stream_events_partition_018 [RUN]
[2026-09-29T10:00:13.200+0000] {pod_manager.py:315} INFO - [base] 10:00:13 | Thread 1: EXPLAIN (ANALYZE, BUFFERS) SELECT event_id, user_id, amount FROM raw.events_018 WHERE dt = '2026-09-29';
[2026-09-29T10:00:13.200+0000] {pod_manager.py:315} INFO - [base] 10:00:13 | Thread 1: Seq Scan on events_018 (cost=0.00..1842.10 rows=48210 width=48) (actual time=0.04..12.14 rows=48210 loops=1) Buffers: shared hit=482 read=12
[2026-09-29T10:00:13.200+0000] {pod_manager.py:315} INFO - [base] 10:00:13 | Thread 1: OK created sql view model staging.stg_stream_events_partition_018 [SUCCESS in 0.38s]
[2026-09-29T10:00:13.600+0000] {pod_manager.py:315} INFO - [base] 10:00:13 | Thread 1: START sql view model staging.stg_stream_events_partition_019 [RUN]
[2026-09-29T10:00:13.600+0000] {pod_manager.py:315} INFO - [base] 10:00:13 | Thread 1: EXPLAIN (ANALYZE, BUFFERS) SELECT event_id, user_id, amount FROM raw.events_019 WHERE dt = '2026-09-29';
[2026-09-29T10:00:13.600+0000] {pod_manager.py:315} INFO - [base] 10:00:13 | Thread 1: Seq Scan on events_019 (cost=0.00..1842.10 rows=48210 width=48) (actual time=0.04..12.14 rows=48210 loops=1) Buffers: shared hit=482 read=12
[2026-09-29T10:00:13.600+0000] {pod_manager.py:315} INFO - [base] 10:00:13 | Thread 1: OK created sql view model staging.stg_stream_events_partition_019 [SUCCESS in 0.38s]
[2026-09-29T10:00:14.000+0000] {pod_manager.py:315} INFO - [base] 10:00:14 | Thread 1: START sql view model staging.stg_stream_events_partition_020 [RUN]
[2026-09-29T10:00:14.000+0000] {pod_manager.py:315} INFO - [base] 10:00:14 | Thread 1: EXPLAIN (ANALYZE, BUFFERS) SELECT event_id, user_id, amount FROM raw.events_020 WHERE dt = '2026-09-29';
[2026-09-29T10:00:14.000+0000] {pod_manager.py:315} INFO - [base] 10:00:14 | Thread 1: Seq Scan on events_020 (cost=0.00..1842.10 rows=48210 width=48) (actual time=0.04..12.14 rows=48210 loops=1) Buffers: shared hit=482 read=12
[2026-09-29T10:00:14.000+0000] {pod_manager.py:315} INFO - [base] 10:00:14 | Thread 1: OK created sql view model staging.stg_stream_events_partition_020 [SUCCESS in 0.38s]
[2026-09-29T10:00:14.400+0000] {pod_manager.py:315} INFO - [base] 10:00:14 | Thread 1: START sql view model staging.stg_stream_events_partition_021 [RUN]
[2026-09-29T10:00:14.400+0000] {pod_manager.py:315} INFO - [base] 10:00:14 | Thread 1: EXPLAIN (ANALYZE, BUFFERS) SELECT event_id, user_id, amount FROM raw.events_021 WHERE dt = '2026-09-29';
[2026-09-29T10:00:14.400+0000] {pod_manager.py:315} INFO - [base] 10:00:14 | Thread 1: Seq Scan on events_021 (cost=0.00..1842.10 rows=48210 width=48) (actual time=0.04..12.14 rows=48210 loops=1) Buffers: shared hit=482 read=12
[2026-09-29T10:00:14.400+0000] {pod_manager.py:315} INFO - [base] 10:00:14 | Thread 1: OK created sql view model staging.stg_stream_events_partition_021 [SUCCESS in 0.38s]
[2026-09-29T10:00:14.800+0000] {pod_manager.py:315} INFO - [base] 10:00:14 | Thread 1: START sql view model staging.stg_stream_events_partition_022 [RUN]
[2026-09-29T10:00:14.800+0000] {pod_manager.py:315} INFO - [base] 10:00:14 | Thread 1: EXPLAIN (ANALYZE, BUFFERS) SELECT event_id, user_id, amount FROM raw.events_022 WHERE dt = '2026-09-29';
[2026-09-29T10:00:14.800+0000] {pod_manager.py:315} INFO - [base] 10:00:14 | Thread 1: Seq Scan on events_022 (cost=0.00..1842.10 rows=48210 width=48) (actual time=0.04..12.14 rows=48210 loops=1) Buffers: shared hit=482 read=12
[2026-09-29T10:00:14.800+0000] {pod_manager.py:315} INFO - [base] 10:00:14 | Thread 1: OK created sql view model staging.stg_stream_events_partition_022 [SUCCESS in 0.38s]
[2026-09-29T10:00:15.200+0000] {pod_manager.py:315} INFO - [base] 10:00:15 | Thread 1: START sql view model staging.stg_stream_events_partition_023 [RUN]
[2026-09-29T10:00:15.200+0000] {pod_manager.py:315} INFO - [base] 10:00:15 | Thread 1: EXPLAIN (ANALYZE, BUFFERS) SELECT event_id, user_id, amount FROM raw.events_023 WHERE dt = '2026-09-29';
[2026-09-29T10:00:15.200+0000] {pod_manager.py:315} INFO - [base] 10:00:15 | Thread 1: Seq Scan on events_023 (cost=0.00..1842.10 rows=48210 width=48) (actual time=0.04..12.14 rows=48210 loops=1) Buffers: shared hit=482 read=12
[2026-09-29T10:00:15.200+0000] {pod_manager.py:315} INFO - [base] 10:00:15 | Thread 1: OK created sql view model staging.stg_stream_events_partition_023 [SUCCESS in 0.38s]
[2026-09-29T10:00:15.600+0000] {pod_manager.py:315} INFO - [base] 10:00:15 | Thread 1: START sql view model staging.stg_stream_events_partition_024 [RUN]
[2026-09-29T10:00:15.600+0000] {pod_manager.py:315} INFO - [base] 10:00:15 | Thread 1: EXPLAIN (ANALYZE, BUFFERS) SELECT event_id, user_id, amount FROM raw.events_024 WHERE dt = '2026-09-29';
[2026-09-29T10:00:15.600+0000] {pod_manager.py:315} INFO - [base] 10:00:15 | Thread 1: Seq Scan on events_024 (cost=0.00..1842.10 rows=48210 width=48) (actual time=0.04..12.14 rows=48210 loops=1) Buffers: shared hit=482 read=12
[2026-09-29T10:00:15.600+0000] {pod_manager.py:315} INFO - [base] 10:00:15 | Thread 1: OK created sql view model staging.stg_stream_events_partition_024 [SUCCESS in 0.38s]
[2026-09-29T10:00:16.000+0000] {pod_manager.py:315} INFO - [base] 10:00:16 | Thread 1: START sql view model staging.stg_stream_events_partition_025 [RUN]
[2026-09-29T10:00:16.000+0000] {pod_manager.py:315} INFO - [base] 10:00:16 | Thread 1: EXPLAIN (ANALYZE, BUFFERS) SELECT event_id, user_id, amount FROM raw.events_025 WHERE dt = '2026-09-29';
[2026-09-29T10:00:16.000+0000] {pod_manager.py:315} INFO - [base] 10:00:16 | Thread 1: Seq Scan on events_025 (cost=0.00..1842.10 rows=48210 width=48) (actual time=0.04..12.14 rows=48210 loops=1) Buffers: shared hit=482 read=12
[2026-09-29T10:00:16.000+0000] {pod_manager.py:315} INFO - [base] 10:00:16 | Thread 1: OK created sql view model staging.stg_stream_events_partition_025 [SUCCESS in 0.38s]
[2026-09-29T10:00:16.400+0000] {pod_manager.py:315} INFO - [base] 10:00:16 | Thread 1: START sql view model staging.stg_stream_events_partition_026 [RUN]
[2026-09-29T10:00:16.400+0000] {pod_manager.py:315} INFO - [base] 10:00:16 | Thread 1: EXPLAIN (ANALYZE, BUFFERS) SELECT event_id, user_id, amount FROM raw.events_026 WHERE dt = '2026-09-29';
[2026-09-29T10:00:16.400+0000] {pod_manager.py:315} INFO - [base] 10:00:16 | Thread 1: Seq Scan on events_026 (cost=0.00..1842.10 rows=48210 width=48) (actual time=0.04..12.14 rows=48210 loops=1) Buffers: shared hit=482 read=12
[2026-09-29T10:00:16.400+0000] {pod_manager.py:315} INFO - [base] 10:00:16 | Thread 1: OK created sql view model staging.stg_stream_events_partition_026 [SUCCESS in 0.38s]
[2026-09-29T10:00:16.800+0000] {pod_manager.py:315} INFO - [base] 10:00:16 | Thread 1: START sql view model staging.stg_stream_events_partition_027 [RUN]
[2026-09-29T10:00:16.800+0000] {pod_manager.py:315} INFO - [base] 10:00:16 | Thread 1: EXPLAIN (ANALYZE, BUFFERS) SELECT event_id, user_id, amount FROM raw.events_027 WHERE dt = '2026-09-29';
[2026-09-29T10:00:16.800+0000] {pod_manager.py:315} INFO - [base] 10:00:16 | Thread 1: Seq Scan on events_027 (cost=0.00..1842.10 rows=48210 width=48) (actual time=0.04..12.14 rows=48210 loops=1) Buffers: shared hit=482 read=12
[2026-09-29T10:00:16.800+0000] {pod_manager.py:315} INFO - [base] 10:00:16 | Thread 1: OK created sql view model staging.stg_stream_events_partition_027 [SUCCESS in 0.38s]
[2026-09-29T10:00:17.200+0000] {pod_manager.py:315} INFO - [base] 10:00:17 | Thread 1: START sql view model staging.stg_stream_events_partition_028 [RUN]
[2026-09-29T10:00:17.200+0000] {pod_manager.py:315} INFO - [base] 10:00:17 | Thread 1: EXPLAIN (ANALYZE, BUFFERS) SELECT event_id, user_id, amount FROM raw.events_028 WHERE dt = '2026-09-29';
[2026-09-29T10:00:17.200+0000] {pod_manager.py:315} INFO - [base] 10:00:17 | Thread 1: Seq Scan on events_028 (cost=0.00..1842.10 rows=48210 width=48) (actual time=0.04..12.14 rows=48210 loops=1) Buffers: shared hit=482 read=12
[2026-09-29T10:00:17.200+0000] {pod_manager.py:315} INFO - [base] 10:00:17 | Thread 1: OK created sql view model staging.stg_stream_events_partition_028 [SUCCESS in 0.38s]
[2026-09-29T10:00:17.600+0000] {pod_manager.py:315} INFO - [base] 10:00:17 | Thread 1: START sql view model staging.stg_stream_events_partition_029 [RUN]
[2026-09-29T10:00:17.600+0000] {pod_manager.py:315} INFO - [base] 10:00:17 | Thread 1: EXPLAIN (ANALYZE, BUFFERS) SELECT event_id, user_id, amount FROM raw.events_029 WHERE dt = '2026-09-29';
[2026-09-29T10:00:17.600+0000] {pod_manager.py:315} INFO - [base] 10:00:17 | Thread 1: Seq Scan on events_029 (cost=0.00..1842.10 rows=48210 width=48) (actual time=0.04..12.14 rows=48210 loops=1) Buffers: shared hit=482 read=12
[2026-09-29T10:00:17.600+0000] {pod_manager.py:315} INFO - [base] 10:00:17 | Thread 1: OK created sql view model staging.stg_stream_events_partition_029 [SUCCESS in 0.38s]
[2026-09-29T10:00:18.000+0000] {pod_manager.py:315} INFO - [base] 10:00:18 | Thread 1: START sql view model staging.stg_stream_events_partition_030 [RUN]
[2026-09-29T10:00:18.000+0000] {pod_manager.py:315} INFO - [base] 10:00:18 | Thread 1: EXPLAIN (ANALYZE, BUFFERS) SELECT event_id, user_id, amount FROM raw.events_030 WHERE dt = '2026-09-29';
[2026-09-29T10:00:18.000+0000] {pod_manager.py:315} INFO - [base] 10:00:18 | Thread 1: Seq Scan on events_030 (cost=0.00..1842.10 rows=48210 width=48) (actual time=0.04..12.14 rows=48210 loops=1) Buffers: shared hit=482 read=12
[2026-09-29T10:00:18.000+0000] {pod_manager.py:315} INFO - [base] 10:00:18 | Thread 1: OK created sql view model staging.stg_stream_events_partition_030 [SUCCESS in 0.38s]
[2026-09-29T10:00:18.400+0000] {pod_manager.py:315} INFO - [base] 10:00:18 | Thread 1: START sql view model staging.stg_stream_events_partition_031 [RUN]
[2026-09-29T10:00:18.400+0000] {pod_manager.py:315} INFO - [base] 10:00:18 | Thread 1: EXPLAIN (ANALYZE, BUFFERS) SELECT event_id, user_id, amount FROM raw.events_031 WHERE dt = '2026-09-29';
[2026-09-29T10:00:18.400+0000] {pod_manager.py:315} INFO - [base] 10:00:18 | Thread 1: Seq Scan on events_031 (cost=0.00..1842.10 rows=48210 width=48) (actual time=0.04..12.14 rows=48210 loops=1) Buffers: shared hit=482 read=12
[2026-09-29T10:00:18.400+0000] {pod_manager.py:315} INFO - [base] 10:00:18 | Thread 1: OK created sql view model staging.stg_stream_events_partition_031 [SUCCESS in 0.38s]
[2026-09-29T10:00:18.800+0000] {pod_manager.py:315} INFO - [base] 10:00:18 | Thread 1: START sql view model staging.stg_stream_events_partition_032 [RUN]
[2026-09-29T10:00:18.800+0000] {pod_manager.py:315} INFO - [base] 10:00:18 | Thread 1: EXPLAIN (ANALYZE, BUFFERS) SELECT event_id, user_id, amount FROM raw.events_032 WHERE dt = '2026-09-29';
[2026-09-29T10:00:18.800+0000] {pod_manager.py:315} INFO - [base] 10:00:18 | Thread 1: Seq Scan on events_032 (cost=0.00..1842.10 rows=48210 width=48) (actual time=0.04..12.14 rows=48210 loops=1) Buffers: shared hit=482 read=12
[2026-09-29T10:00:18.800+0000] {pod_manager.py:315} INFO - [base] 10:00:18 | Thread 1: OK created sql view model staging.stg_stream_events_partition_032 [SUCCESS in 0.38s]
[2026-09-29T10:00:19.200+0000] {pod_manager.py:315} INFO - [base] 10:00:19 | Thread 1: START sql view model staging.stg_stream_events_partition_033 [RUN]
[2026-09-29T10:00:19.200+0000] {pod_manager.py:315} INFO - [base] 10:00:19 | Thread 1: EXPLAIN (ANALYZE, BUFFERS) SELECT event_id, user_id, amount FROM raw.events_033 WHERE dt = '2026-09-29';
[2026-09-29T10:00:19.200+0000] {pod_manager.py:315} INFO - [base] 10:00:19 | Thread 1: Seq Scan on events_033 (cost=0.00..1842.10 rows=48210 width=48) (actual time=0.04..12.14 rows=48210 loops=1) Buffers: shared hit=482 read=12
[2026-09-29T10:00:19.200+0000] {pod_manager.py:315} INFO - [base] 10:00:19 | Thread 1: OK created sql view model staging.stg_stream_events_partition_033 [SUCCESS in 0.38s]
[2026-09-29T10:00:19.600+0000] {pod_manager.py:315} INFO - [base] 10:00:19 | Thread 1: START sql view model staging.stg_stream_events_partition_034 [RUN]
[2026-09-29T10:00:19.600+0000] {pod_manager.py:315} INFO - [base] 10:00:19 | Thread 1: EXPLAIN (ANALYZE, BUFFERS) SELECT event_id, user_id, amount FROM raw.events_034 WHERE dt = '2026-09-29';
[2026-09-29T10:00:19.600+0000] {pod_manager.py:315} INFO - [base] 10:00:19 | Thread 1: Seq Scan on events_034 (cost=0.00..1842.10 rows=48210 width=48) (actual time=0.04..12.14 rows=48210 loops=1) Buffers: shared hit=482 read=12
[2026-09-29T10:00:19.600+0000] {pod_manager.py:315} INFO - [base] 10:00:19 | Thread 1: OK created sql view model staging.stg_stream_events_partition_034 [SUCCESS in 0.38s]
[2026-09-29T10:00:20.000+0000] {pod_manager.py:315} INFO - [base] 10:00:20 | Thread 1: START sql view model staging.stg_stream_events_partition_035 [RUN]
[2026-09-29T10:00:20.000+0000] {pod_manager.py:315} INFO - [base] 10:00:20 | Thread 1: EXPLAIN (ANALYZE, BUFFERS) SELECT event_id, user_id, amount FROM raw.events_035 WHERE dt = '2026-09-29';
[2026-09-29T10:00:20.000+0000] {pod_manager.py:315} INFO - [base] 10:00:20 | Thread 1: Seq Scan on events_035 (cost=0.00..1842.10 rows=48210 width=48) (actual time=0.04..12.14 rows=48210 loops=1) Buffers: shared hit=482 read=12
[2026-09-29T10:00:20.000+0000] {pod_manager.py:315} INFO - [base] 10:00:20 | Thread 1: OK created sql view model staging.stg_stream_events_partition_035 [SUCCESS in 0.38s]
[2026-09-29T10:00:20.400+0000] {pod_manager.py:315} INFO - [base] 10:00:20 | Thread 1: START sql view model staging.stg_stream_events_partition_036 [RUN]
[2026-09-29T10:00:20.400+0000] {pod_manager.py:315} INFO - [base] 10:00:20 | Thread 1: EXPLAIN (ANALYZE, BUFFERS) SELECT event_id, user_id, amount FROM raw.events_036 WHERE dt = '2026-09-29';
[2026-09-29T10:00:20.400+0000] {pod_manager.py:315} INFO - [base] 10:00:20 | Thread 1: Seq Scan on events_036 (cost=0.00..1842.10 rows=48210 width=48) (actual time=0.04..12.14 rows=48210 loops=1) Buffers: shared hit=482 read=12
[2026-09-29T10:00:20.400+0000] {pod_manager.py:315} INFO - [base] 10:00:20 | Thread 1: OK created sql view model staging.stg_stream_events_partition_036 [SUCCESS in 0.38s]
[2026-09-29T10:00:20.800+0000] {pod_manager.py:315} INFO - [base] 10:00:20 | Thread 1: START sql view model staging.stg_stream_events_partition_037 [RUN]
[2026-09-29T10:00:20.800+0000] {pod_manager.py:315} INFO - [base] 10:00:20 | Thread 1: EXPLAIN (ANALYZE, BUFFERS) SELECT event_id, user_id, amount FROM raw.events_037 WHERE dt = '2026-09-29';
[2026-09-29T10:00:20.800+0000] {pod_manager.py:315} INFO - [base] 10:00:20 | Thread 1: Seq Scan on events_037 (cost=0.00..1842.10 rows=48210 width=48) (actual time=0.04..12.14 rows=48210 loops=1) Buffers: shared hit=482 read=12
[2026-09-29T10:00:20.800+0000] {pod_manager.py:315} INFO - [base] 10:00:20 | Thread 1: OK created sql view model staging.stg_stream_events_partition_037 [SUCCESS in 0.38s]
[2026-09-29T10:00:21.200+0000] {pod_manager.py:315} INFO - [base] 10:00:21 | Thread 1: START sql view model staging.stg_stream_events_partition_038 [RUN]
[2026-09-29T10:00:21.200+0000] {pod_manager.py:315} INFO - [base] 10:00:21 | Thread 1: EXPLAIN (ANALYZE, BUFFERS) SELECT event_id, user_id, amount FROM raw.events_038 WHERE dt = '2026-09-29';
[2026-09-29T10:00:21.200+0000] {pod_manager.py:315} INFO - [base] 10:00:21 | Thread 1: Seq Scan on events_038 (cost=0.00..1842.10 rows=48210 width=48) (actual time=0.04..12.14 rows=48210 loops=1) Buffers: shared hit=482 read=12
[2026-09-29T10:00:21.200+0000] {pod_manager.py:315} INFO - [base] 10:00:21 | Thread 1: OK created sql view model staging.stg_stream_events_partition_038 [SUCCESS in 0.38s]
[2026-09-29T10:00:21.600+0000] {pod_manager.py:315} INFO - [base] 10:00:21 | Thread 1: START sql view model staging.stg_stream_events_partition_039 [RUN]
[2026-09-29T10:00:21.600+0000] {pod_manager.py:315} INFO - [base] 10:00:21 | Thread 1: EXPLAIN (ANALYZE, BUFFERS) SELECT event_id, user_id, amount FROM raw.events_039 WHERE dt = '2026-09-29';
[2026-09-29T10:00:21.600+0000] {pod_manager.py:315} INFO - [base] 10:00:21 | Thread 1: Seq Scan on events_039 (cost=0.00..1842.10 rows=48210 width=48) (actual time=0.04..12.14 rows=48210 loops=1) Buffers: shared hit=482 read=12
[2026-09-29T10:00:21.600+0000] {pod_manager.py:315} INFO - [base] 10:00:21 | Thread 1: OK created sql view model staging.stg_stream_events_partition_039 [SUCCESS in 0.38s]
[2026-09-29T10:00:22.000+0000] {pod_manager.py:315} INFO - [base] 10:00:22 | Thread 1: START sql view model staging.stg_stream_events_partition_040 [RUN]
[2026-09-29T10:00:22.000+0000] {pod_manager.py:315} INFO - [base] 10:00:22 | Thread 1: EXPLAIN (ANALYZE, BUFFERS) SELECT event_id, user_id, amount FROM raw.events_040 WHERE dt = '2026-09-29';
[2026-09-29T10:00:22.000+0000] {pod_manager.py:315} INFO - [base] 10:00:22 | Thread 1: Seq Scan on events_040 (cost=0.00..1842.10 rows=48210 width=48) (actual time=0.04..12.14 rows=48210 loops=1) Buffers: shared hit=482 read=12
[2026-09-29T10:00:22.000+0000] {pod_manager.py:315} INFO - [base] 10:00:22 | Thread 1: OK created sql view model staging.stg_stream_events_partition_040 [SUCCESS in 0.38s]
[2026-09-29T10:00:22.400+0000] {pod_manager.py:315} INFO - [base] 10:00:22 | Thread 1: START sql view model staging.stg_stream_events_partition_041 [RUN]
[2026-09-29T10:00:22.400+0000] {pod_manager.py:315} INFO - [base] 10:00:22 | Thread 1: EXPLAIN (ANALYZE, BUFFERS) SELECT event_id, user_id, amount FROM raw.events_041 WHERE dt = '2026-09-29';
[2026-09-29T10:00:22.400+0000] {pod_manager.py:315} INFO - [base] 10:00:22 | Thread 1: Seq Scan on events_041 (cost=0.00..1842.10 rows=48210 width=48) (actual time=0.04..12.14 rows=48210 loops=1) Buffers: shared hit=482 read=12
[2026-09-29T10:00:22.400+0000] {pod_manager.py:315} INFO - [base] 10:00:22 | Thread 1: OK created sql view model staging.stg_stream_events_partition_041 [SUCCESS in 0.38s]
[2026-09-29T10:00:22.800+0000] {pod_manager.py:315} INFO - [base] 10:00:22 | Thread 1: START sql view model staging.stg_stream_events_partition_042 [RUN]
[2026-09-29T10:00:22.800+0000] {pod_manager.py:315} INFO - [base] 10:00:22 | Thread 1: EXPLAIN (ANALYZE, BUFFERS) SELECT event_id, user_id, amount FROM raw.events_042 WHERE dt = '2026-09-29';
[2026-09-29T10:00:22.800+0000] {pod_manager.py:315} INFO - [base] 10:00:22 | Thread 1: Seq Scan on events_042 (cost=0.00..1842.10 rows=48210 width=48) (actual time=0.04..12.14 rows=48210 loops=1) Buffers: shared hit=482 read=12
[2026-09-29T10:00:22.800+0000] {pod_manager.py:315} INFO - [base] 10:00:22 | Thread 1: OK created sql view model staging.stg_stream_events_partition_042 [SUCCESS in 0.38s]
[2026-09-29T10:00:23.200+0000] {pod_manager.py:315} INFO - [base] 10:00:23 | Thread 1: START sql view model staging.stg_stream_events_partition_043 [RUN]
[2026-09-29T10:00:23.200+0000] {pod_manager.py:315} INFO - [base] 10:00:23 | Thread 1: EXPLAIN (ANALYZE, BUFFERS) SELECT event_id, user_id, amount FROM raw.events_043 WHERE dt = '2026-09-29';
[2026-09-29T10:00:23.200+0000] {pod_manager.py:315} INFO - [base] 10:00:23 | Thread 1: Seq Scan on events_043 (cost=0.00..1842.10 rows=48210 width=48) (actual time=0.04..12.14 rows=48210 loops=1) Buffers: shared hit=482 read=12
[2026-09-29T10:00:23.200+0000] {pod_manager.py:315} INFO - [base] 10:00:23 | Thread 1: OK created sql view model staging.stg_stream_events_partition_043 [SUCCESS in 0.38s]
[2026-09-29T10:00:23.600+0000] {pod_manager.py:315} INFO - [base] 10:00:23 | Thread 1: START sql view model staging.stg_stream_events_partition_044 [RUN]
[2026-09-29T10:00:23.600+0000] {pod_manager.py:315} INFO - [base] 10:00:23 | Thread 1: EXPLAIN (ANALYZE, BUFFERS) SELECT event_id, user_id, amount FROM raw.events_044 WHERE dt = '2026-09-29';
[2026-09-29T10:00:23.600+0000] {pod_manager.py:315} INFO - [base] 10:00:23 | Thread 1: Seq Scan on events_044 (cost=0.00..1842.10 rows=48210 width=48) (actual time=0.04..12.14 rows=48210 loops=1) Buffers: shared hit=482 read=12
[2026-09-29T10:00:23.600+0000] {pod_manager.py:315} INFO - [base] 10:00:23 | Thread 1: OK created sql view model staging.stg_stream_events_partition_044 [SUCCESS in 0.38s]
[2026-09-29T10:00:24.000+0000] {pod_manager.py:315} INFO - [base] 10:00:24 | Thread 1: START sql view model staging.stg_stream_events_partition_045 [RUN]
[2026-09-29T10:00:24.000+0000] {pod_manager.py:315} INFO - [base] 10:00:24 | Thread 1: EXPLAIN (ANALYZE, BUFFERS) SELECT event_id, user_id, amount FROM raw.events_045 WHERE dt = '2026-09-29';
[2026-09-29T10:00:24.000+0000] {pod_manager.py:315} INFO - [base] 10:00:24 | Thread 1: Seq Scan on events_045 (cost=0.00..1842.10 rows=48210 width=48) (actual time=0.04..12.14 rows=48210 loops=1) Buffers: shared hit=482 read=12
[2026-09-29T10:00:24.000+0000] {pod_manager.py:315} INFO - [base] 10:00:24 | Thread 1: OK created sql view model staging.stg_stream_events_partition_045 [SUCCESS in 0.38s]
[2026-09-29T10:00:24.400+0000] {pod_manager.py:315} INFO - [base] 10:00:24 | Thread 1: START sql view model staging.stg_stream_events_partition_046 [RUN]
[2026-09-29T10:00:24.400+0000] {pod_manager.py:315} INFO - [base] 10:00:24 | Thread 1: EXPLAIN (ANALYZE, BUFFERS) SELECT event_id, user_id, amount FROM raw.events_046 WHERE dt = '2026-09-29';
[2026-09-29T10:00:24.400+0000] {pod_manager.py:315} INFO - [base] 10:00:24 | Thread 1: Seq Scan on events_046 (cost=0.00..1842.10 rows=48210 width=48) (actual time=0.04..12.14 rows=48210 loops=1) Buffers: shared hit=482 read=12
[2026-09-29T10:00:24.400+0000] {pod_manager.py:315} INFO - [base] 10:00:24 | Thread 1: OK created sql view model staging.stg_stream_events_partition_046 [SUCCESS in 0.38s]
[2026-09-29T10:00:24.800+0000] {pod_manager.py:315} INFO - [base] 10:00:24 | Thread 1: START sql view model staging.stg_stream_events_partition_047 [RUN]
[2026-09-29T10:00:24.800+0000] {pod_manager.py:315} INFO - [base] 10:00:24 | Thread 1: EXPLAIN (ANALYZE, BUFFERS) SELECT event_id, user_id, amount FROM raw.events_047 WHERE dt = '2026-09-29';
[2026-09-29T10:00:24.800+0000] {pod_manager.py:315} INFO - [base] 10:00:24 | Thread 1: Seq Scan on events_047 (cost=0.00..1842.10 rows=48210 width=48) (actual time=0.04..12.14 rows=48210 loops=1) Buffers: shared hit=482 read=12
[2026-09-29T10:00:24.800+0000] {pod_manager.py:315} INFO - [base] 10:00:24 | Thread 1: OK created sql view model staging.stg_stream_events_partition_047 [SUCCESS in 0.38s]
[2026-09-29T10:00:25.200+0000] {pod_manager.py:315} INFO - [base] 10:00:25 | Thread 1: START sql view model staging.stg_stream_events_partition_048 [RUN]
[2026-09-29T10:00:25.200+0000] {pod_manager.py:315} INFO - [base] 10:00:25 | Thread 1: EXPLAIN (ANALYZE, BUFFERS) SELECT event_id, user_id, amount FROM raw.events_048 WHERE dt = '2026-09-29';
[2026-09-29T10:00:25.200+0000] {pod_manager.py:315} INFO - [base] 10:00:25 | Thread 1: Seq Scan on events_048 (cost=0.00..1842.10 rows=48210 width=48) (actual time=0.04..12.14 rows=48210 loops=1) Buffers: shared hit=482 read=12
[2026-09-29T10:00:25.200+0000] {pod_manager.py:315} INFO - [base] 10:00:25 | Thread 1: OK created sql view model staging.stg_stream_events_partition_048 [SUCCESS in 0.38s]
[2026-09-29T10:00:25.600+0000] {pod_manager.py:315} INFO - [base] 10:00:25 | Thread 1: START sql view model staging.stg_stream_events_partition_049 [RUN]
[2026-09-29T10:00:25.600+0000] {pod_manager.py:315} INFO - [base] 10:00:25 | Thread 1: EXPLAIN (ANALYZE, BUFFERS) SELECT event_id, user_id, amount FROM raw.events_049 WHERE dt = '2026-09-29';
[2026-09-29T10:00:25.600+0000] {pod_manager.py:315} INFO - [base] 10:00:25 | Thread 1: Seq Scan on events_049 (cost=0.00..1842.10 rows=48210 width=48) (actual time=0.04..12.14 rows=48210 loops=1) Buffers: shared hit=482 read=12
[2026-09-29T10:00:25.600+0000] {pod_manager.py:315} INFO - [base] 10:00:25 | Thread 1: OK created sql view model staging.stg_stream_events_partition_049 [SUCCESS in 0.38s]
[2026-09-29T10:00:26.000+0000] {pod_manager.py:315} INFO - [base] 10:00:26 | Thread 1: START sql view model staging.stg_stream_events_partition_050 [RUN]
[2026-09-29T10:00:26.000+0000] {pod_manager.py:315} INFO - [base] 10:00:26 | Thread 1: EXPLAIN (ANALYZE, BUFFERS) SELECT event_id, user_id, amount FROM raw.events_050 WHERE dt = '2026-09-29';
[2026-09-29T10:00:26.000+0000] {pod_manager.py:315} INFO - [base] 10:00:26 | Thread 1: Seq Scan on events_050 (cost=0.00..1842.10 rows=48210 width=48) (actual time=0.04..12.14 rows=48210 loops=1) Buffers: shared hit=482 read=12
[2026-09-29T10:00:26.000+0000] {pod_manager.py:315} INFO - [base] 10:00:26 | Thread 1: OK created sql view model staging.stg_stream_events_partition_050 [SUCCESS in 0.38s]
[2026-09-29T10:00:26.400+0000] {pod_manager.py:315} INFO - [base] 10:00:26 | Thread 1: START sql view model staging.stg_stream_events_partition_051 [RUN]
[2026-09-29T10:00:26.400+0000] {pod_manager.py:315} INFO - [base] 10:00:26 | Thread 1: EXPLAIN (ANALYZE, BUFFERS) SELECT event_id, user_id, amount FROM raw.events_051 WHERE dt = '2026-09-29';
[2026-09-29T10:00:26.400+0000] {pod_manager.py:315} INFO - [base] 10:00:26 | Thread 1: Seq Scan on events_051 (cost=0.00..1842.10 rows=48210 width=48) (actual time=0.04..12.14 rows=48210 loops=1) Buffers: shared hit=482 read=12
[2026-09-29T10:00:26.400+0000] {pod_manager.py:315} INFO - [base] 10:00:26 | Thread 1: OK created sql view model staging.stg_stream_events_partition_051 [SUCCESS in 0.38s]
[2026-09-29T10:00:26.800+0000] {pod_manager.py:315} INFO - [base] 10:00:26 | Thread 1: START sql view model staging.stg_stream_events_partition_052 [RUN]
[2026-09-29T10:00:26.800+0000] {pod_manager.py:315} INFO - [base] 10:00:26 | Thread 1: EXPLAIN (ANALYZE, BUFFERS) SELECT event_id, user_id, amount FROM raw.events_052 WHERE dt = '2026-09-29';
[2026-09-29T10:00:26.800+0000] {pod_manager.py:315} INFO - [base] 10:00:26 | Thread 1: Seq Scan on events_052 (cost=0.00..1842.10 rows=48210 width=48) (actual time=0.04..12.14 rows=48210 loops=1) Buffers: shared hit=482 read=12
[2026-09-29T10:00:26.800+0000] {pod_manager.py:315} INFO - [base] 10:00:26 | Thread 1: OK created sql view model staging.stg_stream_events_partition_052 [SUCCESS in 0.38s]
[2026-09-29T10:00:27.200+0000] {pod_manager.py:315} INFO - [base] 10:00:27 | Thread 1: START sql view model staging.stg_stream_events_partition_053 [RUN]
[2026-09-29T10:00:27.200+0000] {pod_manager.py:315} INFO - [base] 10:00:27 | Thread 1: EXPLAIN (ANALYZE, BUFFERS) SELECT event_id, user_id, amount FROM raw.events_053 WHERE dt = '2026-09-29';
[2026-09-29T10:00:27.200+0000] {pod_manager.py:315} INFO - [base] 10:00:27 | Thread 1: Seq Scan on events_053 (cost=0.00..1842.10 rows=48210 width=48) (actual time=0.04..12.14 rows=48210 loops=1) Buffers: shared hit=482 read=12
[2026-09-29T10:00:27.200+0000] {pod_manager.py:315} INFO - [base] 10:00:27 | Thread 1: OK created sql view model staging.stg_stream_events_partition_053 [SUCCESS in 0.38s]
[2026-09-29T10:00:27.600+0000] {pod_manager.py:315} INFO - [base] 10:00:27 | Thread 1: START sql view model staging.stg_stream_events_partition_054 [RUN]
[2026-09-29T10:00:27.600+0000] {pod_manager.py:315} INFO - [base] 10:00:27 | Thread 1: EXPLAIN (ANALYZE, BUFFERS) SELECT event_id, user_id, amount FROM raw.events_054 WHERE dt = '2026-09-29';
[2026-09-29T10:00:27.600+0000] {pod_manager.py:315} INFO - [base] 10:00:27 | Thread 1: Seq Scan on events_054 (cost=0.00..1842.10 rows=48210 width=48) (actual time=0.04..12.14 rows=48210 loops=1) Buffers: shared hit=482 read=12
[2026-09-29T10:00:27.600+0000] {pod_manager.py:315} INFO - [base] 10:00:27 | Thread 1: OK created sql view model staging.stg_stream_events_partition_054 [SUCCESS in 0.38s]
[2026-09-29T10:00:28.000+0000] {pod_manager.py:315} INFO - [base] 10:00:28 | Thread 1: START sql view model staging.stg_stream_events_partition_055 [RUN]
[2026-09-29T10:00:28.000+0000] {pod_manager.py:315} INFO - [base] 10:00:28 | Thread 1: EXPLAIN (ANALYZE, BUFFERS) SELECT event_id, user_id, amount FROM raw.events_055 WHERE dt = '2026-09-29';
[2026-09-29T10:00:28.000+0000] {pod_manager.py:315} INFO - [base] 10:00:28 | Thread 1: Seq Scan on events_055 (cost=0.00..1842.10 rows=48210 width=48) (actual time=0.04..12.14 rows=48210 loops=1) Buffers: shared hit=482 read=12
[2026-09-29T10:00:28.000+0000] {pod_manager.py:315} INFO - [base] 10:00:28 | Thread 1: OK created sql view model staging.stg_stream_events_partition_055 [SUCCESS in 0.38s]
[2026-09-29T10:00:28.400+0000] {pod_manager.py:315} INFO - [base] 10:00:28 | Thread 1: START sql view model staging.stg_stream_events_partition_056 [RUN]
[2026-09-29T10:00:28.400+0000] {pod_manager.py:315} INFO - [base] 10:00:28 | Thread 1: EXPLAIN (ANALYZE, BUFFERS) SELECT event_id, user_id, amount FROM raw.events_056 WHERE dt = '2026-09-29';
[2026-09-29T10:00:28.400+0000] {pod_manager.py:315} INFO - [base] 10:00:28 | Thread 1: Seq Scan on events_056 (cost=0.00..1842.10 rows=48210 width=48) (actual time=0.04..12.14 rows=48210 loops=1) Buffers: shared hit=482 read=12
[2026-09-29T10:00:28.400+0000] {pod_manager.py:315} INFO - [base] 10:00:28 | Thread 1: OK created sql view model staging.stg_stream_events_partition_056 [SUCCESS in 0.38s]
[2026-09-29T10:00:28.800+0000] {pod_manager.py:315} INFO - [base] 10:00:28 | Thread 1: START sql view model staging.stg_stream_events_partition_057 [RUN]
[2026-09-29T10:00:28.800+0000] {pod_manager.py:315} INFO - [base] 10:00:28 | Thread 1: EXPLAIN (ANALYZE, BUFFERS) SELECT event_id, user_id, amount FROM raw.events_057 WHERE dt = '2026-09-29';
[2026-09-29T10:00:28.800+0000] {pod_manager.py:315} INFO - [base] 10:00:28 | Thread 1: Seq Scan on events_057 (cost=0.00..1842.10 rows=48210 width=48) (actual time=0.04..12.14 rows=48210 loops=1) Buffers: shared hit=482 read=12
[2026-09-29T10:00:28.800+0000] {pod_manager.py:315} INFO - [base] 10:00:28 | Thread 1: OK created sql view model staging.stg_stream_events_partition_057 [SUCCESS in 0.38s]
[2026-09-29T10:00:29.200+0000] {pod_manager.py:315} INFO - [base] 10:00:29 | Thread 1: START sql view model staging.stg_stream_events_partition_058 [RUN]
[2026-09-29T10:00:29.200+0000] {pod_manager.py:315} INFO - [base] 10:00:29 | Thread 1: EXPLAIN (ANALYZE, BUFFERS) SELECT event_id, user_id, amount FROM raw.events_058 WHERE dt = '2026-09-29';
[2026-09-29T10:00:29.200+0000] {pod_manager.py:315} INFO - [base] 10:00:29 | Thread 1: Seq Scan on events_058 (cost=0.00..1842.10 rows=48210 width=48) (actual time=0.04..12.14 rows=48210 loops=1) Buffers: shared hit=482 read=12
[2026-09-29T10:00:29.200+0000] {pod_manager.py:315} INFO - [base] 10:00:29 | Thread 1: OK created sql view model staging.stg_stream_events_partition_058 [SUCCESS in 0.38s]
[2026-09-29T10:00:29.600+0000] {pod_manager.py:315} INFO - [base] 10:00:29 | Thread 1: START sql view model staging.stg_stream_events_partition_059 [RUN]
[2026-09-29T10:00:29.600+0000] {pod_manager.py:315} INFO - [base] 10:00:29 | Thread 1: EXPLAIN (ANALYZE, BUFFERS) SELECT event_id, user_id, amount FROM raw.events_059 WHERE dt = '2026-09-29';
[2026-09-29T10:00:29.600+0000] {pod_manager.py:315} INFO - [base] 10:00:29 | Thread 1: Seq Scan on events_059 (cost=0.00..1842.10 rows=48210 width=48) (actual time=0.04..12.14 rows=48210 loops=1) Buffers: shared hit=482 read=12
[2026-09-29T10:00:29.600+0000] {pod_manager.py:315} INFO - [base] 10:00:29 | Thread 1: OK created sql view model staging.stg_stream_events_partition_059 [SUCCESS in 0.38s]
[2026-09-29T10:00:30.000+0000] {pod_manager.py:315} INFO - [base] 10:00:30 | Thread 1: START sql view model staging.stg_stream_events_partition_060 [RUN]
[2026-09-29T10:00:30.000+0000] {pod_manager.py:315} INFO - [base] 10:00:30 | Thread 1: EXPLAIN (ANALYZE, BUFFERS) SELECT event_id, user_id, amount FROM raw.events_060 WHERE dt = '2026-09-29';
[2026-09-29T10:00:30.000+0000] {pod_manager.py:315} INFO - [base] 10:00:30 | Thread 1: Seq Scan on events_060 (cost=0.00..1842.10 rows=48210 width=48) (actual time=0.04..12.14 rows=48210 loops=1) Buffers: shared hit=482 read=12
[2026-09-29T10:00:30.000+0000] {pod_manager.py:315} INFO - [base] 10:00:30 | Thread 1: OK created sql view model staging.stg_stream_events_partition_060 [SUCCESS in 0.38s]
[2026-09-29T10:00:30.400+0000] {pod_manager.py:315} INFO - [base] 10:00:30 | Thread 1: START sql view model staging.stg_stream_events_partition_061 [RUN]
[2026-09-29T10:00:30.400+0000] {pod_manager.py:315} INFO - [base] 10:00:30 | Thread 1: EXPLAIN (ANALYZE, BUFFERS) SELECT event_id, user_id, amount FROM raw.events_061 WHERE dt = '2026-09-29';
[2026-09-29T10:00:30.400+0000] {pod_manager.py:315} INFO - [base] 10:00:30 | Thread 1: Seq Scan on events_061 (cost=0.00..1842.10 rows=48210 width=48) (actual time=0.04..12.14 rows=48210 loops=1) Buffers: shared hit=482 read=12
[2026-09-29T10:00:30.400+0000] {pod_manager.py:315} INFO - [base] 10:00:30 | Thread 1: OK created sql view model staging.stg_stream_events_partition_061 [SUCCESS in 0.38s]
[2026-09-29T10:00:30.800+0000] {pod_manager.py:315} INFO - [base] 10:00:30 | Thread 1: START sql view model staging.stg_stream_events_partition_062 [RUN]
[2026-09-29T10:00:30.800+0000] {pod_manager.py:315} INFO - [base] 10:00:30 | Thread 1: EXPLAIN (ANALYZE, BUFFERS) SELECT event_id, user_id, amount FROM raw.events_062 WHERE dt = '2026-09-29';
[2026-09-29T10:00:30.800+0000] {pod_manager.py:315} INFO - [base] 10:00:30 | Thread 1: Seq Scan on events_062 (cost=0.00..1842.10 rows=48210 width=48) (actual time=0.04..12.14 rows=48210 loops=1) Buffers: shared hit=482 read=12
[2026-09-29T10:00:30.800+0000] {pod_manager.py:315} INFO - [base] 10:00:30 | Thread 1: OK created sql view model staging.stg_stream_events_partition_062 [SUCCESS in 0.38s]
[2026-09-29T10:00:31.200+0000] {pod_manager.py:315} INFO - [base] 10:00:31 | Thread 1: START sql view model staging.stg_stream_events_partition_063 [RUN]
[2026-09-29T10:00:31.200+0000] {pod_manager.py:315} INFO - [base] 10:00:31 | Thread 1: EXPLAIN (ANALYZE, BUFFERS) SELECT event_id, user_id, amount FROM raw.events_063 WHERE dt = '2026-09-29';
[2026-09-29T10:00:31.200+0000] {pod_manager.py:315} INFO - [base] 10:00:31 | Thread 1: Seq Scan on events_063 (cost=0.00..1842.10 rows=48210 width=48) (actual time=0.04..12.14 rows=48210 loops=1) Buffers: shared hit=482 read=12
[2026-09-29T10:00:31.200+0000] {pod_manager.py:315} INFO - [base] 10:00:31 | Thread 1: OK created sql view model staging.stg_stream_events_partition_063 [SUCCESS in 0.38s]
[2026-09-29T10:00:31.600+0000] {pod_manager.py:315} INFO - [base] 10:00:31 | Thread 1: START sql view model staging.stg_stream_events_partition_064 [RUN]
[2026-09-29T10:00:31.600+0000] {pod_manager.py:315} INFO - [base] 10:00:31 | Thread 1: EXPLAIN (ANALYZE, BUFFERS) SELECT event_id, user_id, amount FROM raw.events_064 WHERE dt = '2026-09-29';
[2026-09-29T10:00:31.600+0000] {pod_manager.py:315} INFO - [base] 10:00:31 | Thread 1: Seq Scan on events_064 (cost=0.00..1842.10 rows=48210 width=48) (actual time=0.04..12.14 rows=48210 loops=1) Buffers: shared hit=482 read=12
[2026-09-29T10:00:31.600+0000] {pod_manager.py:315} INFO - [base] 10:00:31 | Thread 1: OK created sql view model staging.stg_stream_events_partition_064 [SUCCESS in 0.38s]
[2026-09-29T10:00:32.000+0000] {pod_manager.py:315} INFO - [base] 10:00:32 | Thread 1: START sql view model staging.stg_stream_events_partition_065 [RUN]
[2026-09-29T10:00:32.000+0000] {pod_manager.py:315} INFO - [base] 10:00:32 | Thread 1: EXPLAIN (ANALYZE, BUFFERS) SELECT event_id, user_id, amount FROM raw.events_065 WHERE dt = '2026-09-29';
[2026-09-29T10:00:32.000+0000] {pod_manager.py:315} INFO - [base] 10:00:32 | Thread 1: Seq Scan on events_065 (cost=0.00..1842.10 rows=48210 width=48) (actual time=0.04..12.14 rows=48210 loops=1) Buffers: shared hit=482 read=12
[2026-09-29T10:00:32.000+0000] {pod_manager.py:315} INFO - [base] 10:00:32 | Thread 1: OK created sql view model staging.stg_stream_events_partition_065 [SUCCESS in 0.38s]
[2026-09-29T10:00:32.400+0000] {pod_manager.py:315} INFO - [base] 10:00:32 | Thread 1: START sql view model staging.stg_stream_events_partition_066 [RUN]
[2026-09-29T10:00:32.400+0000] {pod_manager.py:315} INFO - [base] 10:00:32 | Thread 1: EXPLAIN (ANALYZE, BUFFERS) SELECT event_id, user_id, amount FROM raw.events_066 WHERE dt = '2026-09-29';
[2026-09-29T10:00:32.400+0000] {pod_manager.py:315} INFO - [base] 10:00:32 | Thread 1: Seq Scan on events_066 (cost=0.00..1842.10 rows=48210 width=48) (actual time=0.04..12.14 rows=48210 loops=1) Buffers: shared hit=482 read=12
[2026-09-29T10:00:32.400+0000] {pod_manager.py:315} INFO - [base] 10:00:32 | Thread 1: OK created sql view model staging.stg_stream_events_partition_066 [SUCCESS in 0.38s]
[2026-09-29T10:00:32.800+0000] {pod_manager.py:315} INFO - [base] 10:00:32 | Thread 1: START sql view model staging.stg_stream_events_partition_067 [RUN]
[2026-09-29T10:00:32.800+0000] {pod_manager.py:315} INFO - [base] 10:00:32 | Thread 1: EXPLAIN (ANALYZE, BUFFERS) SELECT event_id, user_id, amount FROM raw.events_067 WHERE dt = '2026-09-29';
[2026-09-29T10:00:32.800+0000] {pod_manager.py:315} INFO - [base] 10:00:32 | Thread 1: Seq Scan on events_067 (cost=0.00..1842.10 rows=48210 width=48) (actual time=0.04..12.14 rows=48210 loops=1) Buffers: shared hit=482 read=12
[2026-09-29T10:00:32.800+0000] {pod_manager.py:315} INFO - [base] 10:00:32 | Thread 1: OK created sql view model staging.stg_stream_events_partition_067 [SUCCESS in 0.38s]
[2026-09-29T10:00:33.200+0000] {pod_manager.py:315} INFO - [base] 10:00:33 | Thread 1: START sql view model staging.stg_stream_events_partition_068 [RUN]
[2026-09-29T10:00:33.200+0000] {pod_manager.py:315} INFO - [base] 10:00:33 | Thread 1: EXPLAIN (ANALYZE, BUFFERS) SELECT event_id, user_id, amount FROM raw.events_068 WHERE dt = '2026-09-29';
[2026-09-29T10:00:33.200+0000] {pod_manager.py:315} INFO - [base] 10:00:33 | Thread 1: Seq Scan on events_068 (cost=0.00..1842.10 rows=48210 width=48) (actual time=0.04..12.14 rows=48210 loops=1) Buffers: shared hit=482 read=12
[2026-09-29T10:00:33.200+0000] {pod_manager.py:315} INFO - [base] 10:00:33 | Thread 1: OK created sql view model staging.stg_stream_events_partition_068 [SUCCESS in 0.38s]
[2026-09-29T10:00:33.600+0000] {pod_manager.py:315} INFO - [base] 10:00:33 | Thread 1: START sql view model staging.stg_stream_events_partition_069 [RUN]
[2026-09-29T10:00:33.600+0000] {pod_manager.py:315} INFO - [base] 10:00:33 | Thread 1: EXPLAIN (ANALYZE, BUFFERS) SELECT event_id, user_id, amount FROM raw.events_069 WHERE dt = '2026-09-29';
[2026-09-29T10:00:33.600+0000] {pod_manager.py:315} INFO - [base] 10:00:33 | Thread 1: Seq Scan on events_069 (cost=0.00..1842.10 rows=48210 width=48) (actual time=0.04..12.14 rows=48210 loops=1) Buffers: shared hit=482 read=12
[2026-09-29T10:00:33.600+0000] {pod_manager.py:315} INFO - [base] 10:00:33 | Thread 1: OK created sql view model staging.stg_stream_events_partition_069 [SUCCESS in 0.38s]
[2026-09-29T10:00:34.000+0000] {pod_manager.py:315} INFO - [base] 10:00:34 | Thread 1: START sql view model staging.stg_stream_events_partition_070 [RUN]
[2026-09-29T10:00:34.000+0000] {pod_manager.py:315} INFO - [base] 10:00:34 | Thread 1: EXPLAIN (ANALYZE, BUFFERS) SELECT event_id, user_id, amount FROM raw.events_070 WHERE dt = '2026-09-29';
[2026-09-29T10:00:34.000+0000] {pod_manager.py:315} INFO - [base] 10:00:34 | Thread 1: Seq Scan on events_070 (cost=0.00..1842.10 rows=48210 width=48) (actual time=0.04..12.14 rows=48210 loops=1) Buffers: shared hit=482 read=12
[2026-09-29T10:00:34.000+0000] {pod_manager.py:315} INFO - [base] 10:00:34 | Thread 1: OK created sql view model staging.stg_stream_events_partition_070 [SUCCESS in 0.38s]
[2026-09-29T10:00:34.400+0000] {pod_manager.py:315} INFO - [base] 10:00:34 | Thread 1: START sql view model staging.stg_stream_events_partition_071 [RUN]
[2026-09-29T10:00:34.400+0000] {pod_manager.py:315} INFO - [base] 10:00:34 | Thread 1: EXPLAIN (ANALYZE, BUFFERS) SELECT event_id, user_id, amount FROM raw.events_071 WHERE dt = '2026-09-29';
[2026-09-29T10:00:34.400+0000] {pod_manager.py:315} INFO - [base] 10:00:34 | Thread 1: Seq Scan on events_071 (cost=0.00..1842.10 rows=48210 width=48) (actual time=0.04..12.14 rows=48210 loops=1) Buffers: shared hit=482 read=12
[2026-09-29T10:00:34.400+0000] {pod_manager.py:315} INFO - [base] 10:00:34 | Thread 1: OK created sql view model staging.stg_stream_events_partition_071 [SUCCESS in 0.38s]
[2026-09-29T10:00:34.800+0000] {pod_manager.py:315} INFO - [base] 10:00:34 | Thread 1: START sql view model staging.stg_stream_events_partition_072 [RUN]
[2026-09-29T10:00:34.800+0000] {pod_manager.py:315} INFO - [base] 10:00:34 | Thread 1: EXPLAIN (ANALYZE, BUFFERS) SELECT event_id, user_id, amount FROM raw.events_072 WHERE dt = '2026-09-29';
[2026-09-29T10:00:34.800+0000] {pod_manager.py:315} INFO - [base] 10:00:34 | Thread 1: Seq Scan on events_072 (cost=0.00..1842.10 rows=48210 width=48) (actual time=0.04..12.14 rows=48210 loops=1) Buffers: shared hit=482 read=12
[2026-09-29T10:00:34.800+0000] {pod_manager.py:315} INFO - [base] 10:00:34 | Thread 1: OK created sql view model staging.stg_stream_events_partition_072 [SUCCESS in 0.38s]
[2026-09-29T10:00:35.200+0000] {pod_manager.py:315} INFO - [base] 10:00:35 | Thread 1: START sql view model staging.stg_stream_events_partition_073 [RUN]
[2026-09-29T10:00:35.200+0000] {pod_manager.py:315} INFO - [base] 10:00:35 | Thread 1: EXPLAIN (ANALYZE, BUFFERS) SELECT event_id, user_id, amount FROM raw.events_073 WHERE dt = '2026-09-29';
[2026-09-29T10:00:35.200+0000] {pod_manager.py:315} INFO - [base] 10:00:35 | Thread 1: Seq Scan on events_073 (cost=0.00..1842.10 rows=48210 width=48) (actual time=0.04..12.14 rows=48210 loops=1) Buffers: shared hit=482 read=12
[2026-09-29T10:00:35.200+0000] {pod_manager.py:315} INFO - [base] 10:00:35 | Thread 1: OK created sql view model staging.stg_stream_events_partition_073 [SUCCESS in 0.38s]
[2026-09-29T10:00:35.600+0000] {pod_manager.py:315} INFO - [base] 10:00:35 | Thread 1: START sql view model staging.stg_stream_events_partition_074 [RUN]
[2026-09-29T10:00:35.600+0000] {pod_manager.py:315} INFO - [base] 10:00:35 | Thread 1: EXPLAIN (ANALYZE, BUFFERS) SELECT event_id, user_id, amount FROM raw.events_074 WHERE dt = '2026-09-29';
[2026-09-29T10:00:35.600+0000] {pod_manager.py:315} INFO - [base] 10:00:35 | Thread 1: Seq Scan on events_074 (cost=0.00..1842.10 rows=48210 width=48) (actual time=0.04..12.14 rows=48210 loops=1) Buffers: shared hit=482 read=12
[2026-09-29T10:00:35.600+0000] {pod_manager.py:315} INFO - [base] 10:00:35 | Thread 1: OK created sql view model staging.stg_stream_events_partition_074 [SUCCESS in 0.38s]
[2026-09-29T10:00:36.000+0000] {pod_manager.py:315} INFO - [base] 10:00:36 | Thread 1: START sql view model staging.stg_stream_events_partition_075 [RUN]
[2026-09-29T10:00:36.000+0000] {pod_manager.py:315} INFO - [base] 10:00:36 | Thread 1: EXPLAIN (ANALYZE, BUFFERS) SELECT event_id, user_id, amount FROM raw.events_075 WHERE dt = '2026-09-29';
[2026-09-29T10:00:36.000+0000] {pod_manager.py:315} INFO - [base] 10:00:36 | Thread 1: Seq Scan on events_075 (cost=0.00..1842.10 rows=48210 width=48) (actual time=0.04..12.14 rows=48210 loops=1) Buffers: shared hit=482 read=12
[2026-09-29T10:00:36.000+0000] {pod_manager.py:315} INFO - [base] 10:00:36 | Thread 1: OK created sql view model staging.stg_stream_events_partition_075 [SUCCESS in 0.38s]
[2026-09-29T10:00:36.400+0000] {pod_manager.py:315} INFO - [base] 10:00:36 | Thread 1: START sql view model staging.stg_stream_events_partition_076 [RUN]
[2026-09-29T10:00:36.400+0000] {pod_manager.py:315} INFO - [base] 10:00:36 | Thread 1: EXPLAIN (ANALYZE, BUFFERS) SELECT event_id, user_id, amount FROM raw.events_076 WHERE dt = '2026-09-29';
[2026-09-29T10:00:36.400+0000] {pod_manager.py:315} INFO - [base] 10:00:36 | Thread 1: Seq Scan on events_076 (cost=0.00..1842.10 rows=48210 width=48) (actual time=0.04..12.14 rows=48210 loops=1) Buffers: shared hit=482 read=12
[2026-09-29T10:00:36.400+0000] {pod_manager.py:315} INFO - [base] 10:00:36 | Thread 1: OK created sql view model staging.stg_stream_events_partition_076 [SUCCESS in 0.38s]
[2026-09-29T10:00:36.800+0000] {pod_manager.py:315} INFO - [base] 10:00:36 | Thread 1: START sql view model staging.stg_stream_events_partition_077 [RUN]
[2026-09-29T10:00:36.800+0000] {pod_manager.py:315} INFO - [base] 10:00:36 | Thread 1: EXPLAIN (ANALYZE, BUFFERS) SELECT event_id, user_id, amount FROM raw.events_077 WHERE dt = '2026-09-29';
[2026-09-29T10:00:36.800+0000] {pod_manager.py:315} INFO - [base] 10:00:36 | Thread 1: Seq Scan on events_077 (cost=0.00..1842.10 rows=48210 width=48) (actual time=0.04..12.14 rows=48210 loops=1) Buffers: shared hit=482 read=12
[2026-09-29T10:00:36.800+0000] {pod_manager.py:315} INFO - [base] 10:00:36 | Thread 1: OK created sql view model staging.stg_stream_events_partition_077 [SUCCESS in 0.38s]
[2026-09-29T10:00:37.200+0000] {pod_manager.py:315} INFO - [base] 10:00:37 | Thread 1: START sql view model staging.stg_stream_events_partition_078 [RUN]
[2026-09-29T10:00:37.200+0000] {pod_manager.py:315} INFO - [base] 10:00:37 | Thread 1: EXPLAIN (ANALYZE, BUFFERS) SELECT event_id, user_id, amount FROM raw.events_078 WHERE dt = '2026-09-29';
[2026-09-29T10:00:37.200+0000] {pod_manager.py:315} INFO - [base] 10:00:37 | Thread 1: Seq Scan on events_078 (cost=0.00..1842.10 rows=48210 width=48) (actual time=0.04..12.14 rows=48210 loops=1) Buffers: shared hit=482 read=12
[2026-09-29T10:00:37.200+0000] {pod_manager.py:315} INFO - [base] 10:00:37 | Thread 1: OK created sql view model staging.stg_stream_events_partition_078 [SUCCESS in 0.38s]
[2026-09-29T10:00:37.600+0000] {pod_manager.py:315} INFO - [base] 10:00:37 | Thread 1: START sql view model staging.stg_stream_events_partition_079 [RUN]
[2026-09-29T10:00:37.600+0000] {pod_manager.py:315} INFO - [base] 10:00:37 | Thread 1: EXPLAIN (ANALYZE, BUFFERS) SELECT event_id, user_id, amount FROM raw.events_079 WHERE dt = '2026-09-29';
[2026-09-29T10:00:37.600+0000] {pod_manager.py:315} INFO - [base] 10:00:37 | Thread 1: Seq Scan on events_079 (cost=0.00..1842.10 rows=48210 width=48) (actual time=0.04..12.14 rows=48210 loops=1) Buffers: shared hit=482 read=12
[2026-09-29T10:00:37.600+0000] {pod_manager.py:315} INFO - [base] 10:00:37 | Thread 1: OK created sql view model staging.stg_stream_events_partition_079 [SUCCESS in 0.38s]
[2026-09-29T10:00:38.000+0000] {pod_manager.py:315} INFO - [base] 10:00:38 | Thread 1: START sql view model staging.stg_stream_events_partition_080 [RUN]
[2026-09-29T10:00:38.000+0000] {pod_manager.py:315} INFO - [base] 10:00:38 | Thread 1: EXPLAIN (ANALYZE, BUFFERS) SELECT event_id, user_id, amount FROM raw.events_080 WHERE dt = '2026-09-29';
[2026-09-29T10:00:38.000+0000] {pod_manager.py:315} INFO - [base] 10:00:38 | Thread 1: Seq Scan on events_080 (cost=0.00..1842.10 rows=48210 width=48) (actual time=0.04..12.14 rows=48210 loops=1) Buffers: shared hit=482 read=12
[2026-09-29T10:00:38.000+0000] {pod_manager.py:315} INFO - [base] 10:00:38 | Thread 1: OK created sql view model staging.stg_stream_events_partition_080 [SUCCESS in 0.38s]
[2026-09-29T10:00:38.400+0000] {pod_manager.py:315} INFO - [base] 10:00:38 | Thread 1: START sql view model staging.stg_stream_events_partition_081 [RUN]
[2026-09-29T10:00:38.400+0000] {pod_manager.py:315} INFO - [base] 10:00:38 | Thread 1: EXPLAIN (ANALYZE, BUFFERS) SELECT event_id, user_id, amount FROM raw.events_081 WHERE dt = '2026-09-29';
[2026-09-29T10:00:38.400+0000] {pod_manager.py:315} INFO - [base] 10:00:38 | Thread 1: Seq Scan on events_081 (cost=0.00..1842.10 rows=48210 width=48) (actual time=0.04..12.14 rows=48210 loops=1) Buffers: shared hit=482 read=12
[2026-09-29T10:00:38.400+0000] {pod_manager.py:315} INFO - [base] 10:00:38 | Thread 1: OK created sql view model staging.stg_stream_events_partition_081 [SUCCESS in 0.38s]
[2026-09-29T10:00:38.800+0000] {pod_manager.py:315} INFO - [base] 10:00:38 | Thread 1: START sql view model staging.stg_stream_events_partition_082 [RUN]
[2026-09-29T10:00:38.800+0000] {pod_manager.py:315} INFO - [base] 10:00:38 | Thread 1: EXPLAIN (ANALYZE, BUFFERS) SELECT event_id, user_id, amount FROM raw.events_082 WHERE dt = '2026-09-29';
[2026-09-29T10:00:38.800+0000] {pod_manager.py:315} INFO - [base] 10:00:38 | Thread 1: Seq Scan on events_082 (cost=0.00..1842.10 rows=48210 width=48) (actual time=0.04..12.14 rows=48210 loops=1) Buffers: shared hit=482 read=12
[2026-09-29T10:00:38.800+0000] {pod_manager.py:315} INFO - [base] 10:00:38 | Thread 1: OK created sql view model staging.stg_stream_events_partition_082 [SUCCESS in 0.38s]
[2026-09-29T10:00:39.200+0000] {pod_manager.py:315} INFO - [base] 10:00:39 | Thread 1: START sql view model staging.stg_stream_events_partition_083 [RUN]
[2026-09-29T10:00:39.200+0000] {pod_manager.py:315} INFO - [base] 10:00:39 | Thread 1: EXPLAIN (ANALYZE, BUFFERS) SELECT event_id, user_id, amount FROM raw.events_083 WHERE dt = '2026-09-29';
[2026-09-29T10:00:39.200+0000] {pod_manager.py:315} INFO - [base] 10:00:39 | Thread 1: Seq Scan on events_083 (cost=0.00..1842.10 rows=48210 width=48) (actual time=0.04..12.14 rows=48210 loops=1) Buffers: shared hit=482 read=12
[2026-09-29T10:00:39.200+0000] {pod_manager.py:315} INFO - [base] 10:00:39 | Thread 1: OK created sql view model staging.stg_stream_events_partition_083 [SUCCESS in 0.38s]
[2026-09-29T10:00:39.600+0000] {pod_manager.py:315} INFO - [base] 10:00:39 | Thread 1: START sql view model staging.stg_stream_events_partition_084 [RUN]
[2026-09-29T10:00:39.600+0000] {pod_manager.py:315} INFO - [base] 10:00:39 | Thread 1: EXPLAIN (ANALYZE, BUFFERS) SELECT event_id, user_id, amount FROM raw.events_084 WHERE dt = '2026-09-29';
[2026-09-29T10:00:39.600+0000] {pod_manager.py:315} INFO - [base] 10:00:39 | Thread 1: Seq Scan on events_084 (cost=0.00..1842.10 rows=48210 width=48) (actual time=0.04..12.14 rows=48210 loops=1) Buffers: shared hit=482 read=12
[2026-09-29T10:00:39.600+0000] {pod_manager.py:315} INFO - [base] 10:00:39 | Thread 1: OK created sql view model staging.stg_stream_events_partition_084 [SUCCESS in 0.38s]
[2026-09-29T10:00:40.000+0000] {pod_manager.py:315} INFO - [base] 10:00:40 | Thread 1: START sql view model staging.stg_stream_events_partition_085 [RUN]
[2026-09-29T10:00:40.000+0000] {pod_manager.py:315} INFO - [base] 10:00:40 | Thread 1: EXPLAIN (ANALYZE, BUFFERS) SELECT event_id, user_id, amount FROM raw.events_085 WHERE dt = '2026-09-29';
[2026-09-29T10:00:40.000+0000] {pod_manager.py:315} INFO - [base] 10:00:40 | Thread 1: Seq Scan on events_085 (cost=0.00..1842.10 rows=48210 width=48) (actual time=0.04..12.14 rows=48210 loops=1) Buffers: shared hit=482 read=12
[2026-09-29T10:00:40.000+0000] {pod_manager.py:315} INFO - [base] 10:00:40 | Thread 1: OK created sql view model staging.stg_stream_events_partition_085 [SUCCESS in 0.38s]
[2026-09-29T10:00:40.400+0000] {pod_manager.py:315} INFO - [base] 10:00:40 | Thread 1: START sql view model staging.stg_stream_events_partition_086 [RUN]
[2026-09-29T10:00:40.400+0000] {pod_manager.py:315} INFO - [base] 10:00:40 | Thread 1: EXPLAIN (ANALYZE, BUFFERS) SELECT event_id, user_id, amount FROM raw.events_086 WHERE dt = '2026-09-29';
[2026-09-29T10:00:40.400+0000] {pod_manager.py:315} INFO - [base] 10:00:40 | Thread 1: Seq Scan on events_086 (cost=0.00..1842.10 rows=48210 width=48) (actual time=0.04..12.14 rows=48210 loops=1) Buffers: shared hit=482 read=12
[2026-09-29T10:00:40.400+0000] {pod_manager.py:315} INFO - [base] 10:00:40 | Thread 1: OK created sql view model staging.stg_stream_events_partition_086 [SUCCESS in 0.38s]
[2026-09-29T10:00:40.800+0000] {pod_manager.py:315} INFO - [base] 10:00:40 | Thread 1: START sql view model staging.stg_stream_events_partition_087 [RUN]
[2026-09-29T10:00:40.800+0000] {pod_manager.py:315} INFO - [base] 10:00:40 | Thread 1: EXPLAIN (ANALYZE, BUFFERS) SELECT event_id, user_id, amount FROM raw.events_087 WHERE dt = '2026-09-29';
[2026-09-29T10:00:40.800+0000] {pod_manager.py:315} INFO - [base] 10:00:40 | Thread 1: Seq Scan on events_087 (cost=0.00..1842.10 rows=48210 width=48) (actual time=0.04..12.14 rows=48210 loops=1) Buffers: shared hit=482 read=12
[2026-09-29T10:00:40.800+0000] {pod_manager.py:315} INFO - [base] 10:00:40 | Thread 1: OK created sql view model staging.stg_stream_events_partition_087 [SUCCESS in 0.38s]
[2026-09-29T10:00:41.200+0000] {pod_manager.py:315} INFO - [base] 10:00:41 | Thread 1: START sql view model staging.stg_stream_events_partition_088 [RUN]
[2026-09-29T10:00:41.200+0000] {pod_manager.py:315} INFO - [base] 10:00:41 | Thread 1: EXPLAIN (ANALYZE, BUFFERS) SELECT event_id, user_id, amount FROM raw.events_088 WHERE dt = '2026-09-29';
[2026-09-29T10:00:41.200+0000] {pod_manager.py:315} INFO - [base] 10:00:41 | Thread 1: Seq Scan on events_088 (cost=0.00..1842.10 rows=48210 width=48) (actual time=0.04..12.14 rows=48210 loops=1) Buffers: shared hit=482 read=12
[2026-09-29T10:00:41.200+0000] {pod_manager.py:315} INFO - [base] 10:00:41 | Thread 1: OK created sql view model staging.stg_stream_events_partition_088 [SUCCESS in 0.38s]
[2026-09-29T10:00:41.600+0000] {pod_manager.py:315} INFO - [base] 10:00:41 | Thread 1: START sql view model staging.stg_stream_events_partition_089 [RUN]
[2026-09-29T10:00:41.600+0000] {pod_manager.py:315} INFO - [base] 10:00:41 | Thread 1: EXPLAIN (ANALYZE, BUFFERS) SELECT event_id, user_id, amount FROM raw.events_089 WHERE dt = '2026-09-29';
[2026-09-29T10:00:41.600+0000] {pod_manager.py:315} INFO - [base] 10:00:41 | Thread 1: Seq Scan on events_089 (cost=0.00..1842.10 rows=48210 width=48) (actual time=0.04..12.14 rows=48210 loops=1) Buffers: shared hit=482 read=12
[2026-09-29T10:00:41.600+0000] {pod_manager.py:315} INFO - [base] 10:00:41 | Thread 1: OK created sql view model staging.stg_stream_events_partition_089 [SUCCESS in 0.38s]
[2026-09-29T10:00:42.000+0000] {pod_manager.py:315} INFO - [base] 10:00:42 | Thread 1: START sql view model staging.stg_stream_events_partition_090 [RUN]
[2026-09-29T10:00:42.000+0000] {pod_manager.py:315} INFO - [base] 10:00:42 | Thread 1: EXPLAIN (ANALYZE, BUFFERS) SELECT event_id, user_id, amount FROM raw.events_090 WHERE dt = '2026-09-29';
[2026-09-29T10:00:42.000+0000] {pod_manager.py:315} INFO - [base] 10:00:42 | Thread 1: Seq Scan on events_090 (cost=0.00..1842.10 rows=48210 width=48) (actual time=0.04..12.14 rows=48210 loops=1) Buffers: shared hit=482 read=12
[2026-09-29T10:00:42.000+0000] {pod_manager.py:315} INFO - [base] 10:00:42 | Thread 1: OK created sql view model staging.stg_stream_events_partition_090 [SUCCESS in 0.38s]
[2026-09-29T10:00:42.400+0000] {pod_manager.py:315} INFO - [base] 10:00:42 | Thread 1: START sql view model staging.stg_stream_events_partition_091 [RUN]
[2026-09-29T10:00:42.400+0000] {pod_manager.py:315} INFO - [base] 10:00:42 | Thread 1: EXPLAIN (ANALYZE, BUFFERS) SELECT event_id, user_id, amount FROM raw.events_091 WHERE dt = '2026-09-29';
[2026-09-29T10:00:42.400+0000] {pod_manager.py:315} INFO - [base] 10:00:42 | Thread 1: Seq Scan on events_091 (cost=0.00..1842.10 rows=48210 width=48) (actual time=0.04..12.14 rows=48210 loops=1) Buffers: shared hit=482 read=12
[2026-09-29T10:00:42.400+0000] {pod_manager.py:315} INFO - [base] 10:00:42 | Thread 1: OK created sql view model staging.stg_stream_events_partition_091 [SUCCESS in 0.38s]
[2026-09-29T10:00:42.800+0000] {pod_manager.py:315} INFO - [base] 10:00:42 | Thread 1: START sql view model staging.stg_stream_events_partition_092 [RUN]
[2026-09-29T10:00:42.800+0000] {pod_manager.py:315} INFO - [base] 10:00:42 | Thread 1: EXPLAIN (ANALYZE, BUFFERS) SELECT event_id, user_id, amount FROM raw.events_092 WHERE dt = '2026-09-29';
[2026-09-29T10:00:42.800+0000] {pod_manager.py:315} INFO - [base] 10:00:42 | Thread 1: Seq Scan on events_092 (cost=0.00..1842.10 rows=48210 width=48) (actual time=0.04..12.14 rows=48210 loops=1) Buffers: shared hit=482 read=12
[2026-09-29T10:00:42.800+0000] {pod_manager.py:315} INFO - [base] 10:00:42 | Thread 1: OK created sql view model staging.stg_stream_events_partition_092 [SUCCESS in 0.38s]
[2026-09-29T10:00:43.200+0000] {pod_manager.py:315} INFO - [base] 10:00:43 | Thread 1: START sql view model staging.stg_stream_events_partition_093 [RUN]
[2026-09-29T10:00:43.200+0000] {pod_manager.py:315} INFO - [base] 10:00:43 | Thread 1: EXPLAIN (ANALYZE, BUFFERS) SELECT event_id, user_id, amount FROM raw.events_093 WHERE dt = '2026-09-29';
[2026-09-29T10:00:43.200+0000] {pod_manager.py:315} INFO - [base] 10:00:43 | Thread 1: Seq Scan on events_093 (cost=0.00..1842.10 rows=48210 width=48) (actual time=0.04..12.14 rows=48210 loops=1) Buffers: shared hit=482 read=12
[2026-09-29T10:00:43.200+0000] {pod_manager.py:315} INFO - [base] 10:00:43 | Thread 1: OK created sql view model staging.stg_stream_events_partition_093 [SUCCESS in 0.38s]
[2026-09-29T10:00:43.600+0000] {pod_manager.py:315} INFO - [base] 10:00:43 | Thread 1: START sql view model staging.stg_stream_events_partition_094 [RUN]
[2026-09-29T10:00:43.600+0000] {pod_manager.py:315} INFO - [base] 10:00:43 | Thread 1: EXPLAIN (ANALYZE, BUFFERS) SELECT event_id, user_id, amount FROM raw.events_094 WHERE dt = '2026-09-29';
[2026-09-29T10:00:43.600+0000] {pod_manager.py:315} INFO - [base] 10:00:43 | Thread 1: Seq Scan on events_094 (cost=0.00..1842.10 rows=48210 width=48) (actual time=0.04..12.14 rows=48210 loops=1) Buffers: shared hit=482 read=12
[2026-09-29T10:00:43.600+0000] {pod_manager.py:315} INFO - [base] 10:00:43 | Thread 1: OK created sql view model staging.stg_stream_events_partition_094 [SUCCESS in 0.38s]
[2026-09-29T10:00:44.000+0000] {pod_manager.py:315} INFO - [base] 10:00:44 | Thread 1: START sql view model staging.stg_stream_events_partition_095 [RUN]
[2026-09-29T10:00:44.000+0000] {pod_manager.py:315} INFO - [base] 10:00:44 | Thread 1: EXPLAIN (ANALYZE, BUFFERS) SELECT event_id, user_id, amount FROM raw.events_095 WHERE dt = '2026-09-29';
[2026-09-29T10:00:44.000+0000] {pod_manager.py:315} INFO - [base] 10:00:44 | Thread 1: Seq Scan on events_095 (cost=0.00..1842.10 rows=48210 width=48) (actual time=0.04..12.14 rows=48210 loops=1) Buffers: shared hit=482 read=12
[2026-09-29T10:00:44.000+0000] {pod_manager.py:315} INFO - [base] 10:00:44 | Thread 1: OK created sql view model staging.stg_stream_events_partition_095 [SUCCESS in 0.38s]
[2026-09-29T10:00:44.400+0000] {pod_manager.py:315} INFO - [base] 10:00:44 | Thread 1: START sql view model staging.stg_stream_events_partition_096 [RUN]
[2026-09-29T10:00:44.400+0000] {pod_manager.py:315} INFO - [base] 10:00:44 | Thread 1: EXPLAIN (ANALYZE, BUFFERS) SELECT event_id, user_id, amount FROM raw.events_096 WHERE dt = '2026-09-29';
[2026-09-29T10:00:44.400+0000] {pod_manager.py:315} INFO - [base] 10:00:44 | Thread 1: Seq Scan on events_096 (cost=0.00..1842.10 rows=48210 width=48) (actual time=0.04..12.14 rows=48210 loops=1) Buffers: shared hit=482 read=12
[2026-09-29T10:00:44.400+0000] {pod_manager.py:315} INFO - [base] 10:00:44 | Thread 1: OK created sql view model staging.stg_stream_events_partition_096 [SUCCESS in 0.38s]
[2026-09-29T10:00:44.800+0000] {pod_manager.py:315} INFO - [base] 10:00:44 | Thread 1: START sql view model staging.stg_stream_events_partition_097 [RUN]
[2026-09-29T10:00:44.800+0000] {pod_manager.py:315} INFO - [base] 10:00:44 | Thread 1: EXPLAIN (ANALYZE, BUFFERS) SELECT event_id, user_id, amount FROM raw.events_097 WHERE dt = '2026-09-29';
[2026-09-29T10:00:44.800+0000] {pod_manager.py:315} INFO - [base] 10:00:44 | Thread 1: Seq Scan on events_097 (cost=0.00..1842.10 rows=48210 width=48) (actual time=0.04..12.14 rows=48210 loops=1) Buffers: shared hit=482 read=12
[2026-09-29T10:00:44.800+0000] {pod_manager.py:315} INFO - [base] 10:00:44 | Thread 1: OK created sql view model staging.stg_stream_events_partition_097 [SUCCESS in 0.38s]
[2026-09-29T10:00:45.200+0000] {pod_manager.py:315} INFO - [base] 10:00:45 | Thread 1: START sql view model staging.stg_stream_events_partition_098 [RUN]
[2026-09-29T10:00:45.200+0000] {pod_manager.py:315} INFO - [base] 10:00:45 | Thread 1: EXPLAIN (ANALYZE, BUFFERS) SELECT event_id, user_id, amount FROM raw.events_098 WHERE dt = '2026-09-29';
[2026-09-29T10:00:45.200+0000] {pod_manager.py:315} INFO - [base] 10:00:45 | Thread 1: Seq Scan on events_098 (cost=0.00..1842.10 rows=48210 width=48) (actual time=0.04..12.14 rows=48210 loops=1) Buffers: shared hit=482 read=12
[2026-09-29T10:00:45.200+0000] {pod_manager.py:315} INFO - [base] 10:00:45 | Thread 1: OK created sql view model staging.stg_stream_events_partition_098 [SUCCESS in 0.38s]
[2026-09-29T10:00:45.600+0000] {pod_manager.py:315} INFO - [base] 10:00:45 | Thread 1: START sql view model staging.stg_stream_events_partition_099 [RUN]
[2026-09-29T10:00:45.600+0000] {pod_manager.py:315} INFO - [base] 10:00:45 | Thread 1: EXPLAIN (ANALYZE, BUFFERS) SELECT event_id, user_id, amount FROM raw.events_099 WHERE dt = '2026-09-29';
[2026-09-29T10:00:45.600+0000] {pod_manager.py:315} INFO - [base] 10:00:45 | Thread 1: Seq Scan on events_099 (cost=0.00..1842.10 rows=48210 width=48) (actual time=0.04..12.14 rows=48210 loops=1) Buffers: shared hit=482 read=12
[2026-09-29T10:00:45.600+0000] {pod_manager.py:315} INFO - [base] 10:00:45 | Thread 1: OK created sql view model staging.stg_stream_events_partition_099 [SUCCESS in 0.38s]
[2026-09-29T10:00:46.000+0000] {pod_manager.py:315} INFO - [base] 10:00:46 | Thread 1: START sql view model staging.stg_stream_events_partition_100 [RUN]
[2026-09-29T10:00:46.000+0000] {pod_manager.py:315} INFO - [base] 10:00:46 | Thread 1: EXPLAIN (ANALYZE, BUFFERS) SELECT event_id, user_id, amount FROM raw.events_100 WHERE dt = '2026-09-29';
[2026-09-29T10:00:46.000+0000] {pod_manager.py:315} INFO - [base] 10:00:46 | Thread 1: Seq Scan on events_100 (cost=0.00..1842.10 rows=48210 width=48) (actual time=0.04..12.14 rows=48210 loops=1) Buffers: shared hit=482 read=12
[2026-09-29T10:00:46.000+0000] {pod_manager.py:315} INFO - [base] 10:00:46 | Thread 1: OK created sql view model staging.stg_stream_events_partition_100 [SUCCESS in 0.38s]
[2026-09-29T10:00:46.400+0000] {pod_manager.py:315} INFO - [base] 10:00:46 | Thread 1: START sql view model staging.stg_stream_events_partition_101 [RUN]
[2026-09-29T10:00:46.400+0000] {pod_manager.py:315} INFO - [base] 10:00:46 | Thread 1: EXPLAIN (ANALYZE, BUFFERS) SELECT event_id, user_id, amount FROM raw.events_101 WHERE dt = '2026-09-29';
[2026-09-29T10:00:46.400+0000] {pod_manager.py:315} INFO - [base] 10:00:46 | Thread 1: Seq Scan on events_101 (cost=0.00..1842.10 rows=48210 width=48) (actual time=0.04..12.14 rows=48210 loops=1) Buffers: shared hit=482 read=12
[2026-09-29T10:00:46.400+0000] {pod_manager.py:315} INFO - [base] 10:00:46 | Thread 1: OK created sql view model staging.stg_stream_events_partition_101 [SUCCESS in 0.38s]
[2026-09-29T10:00:46.800+0000] {pod_manager.py:315} INFO - [base] 10:00:46 | Thread 1: START sql view model staging.stg_stream_events_partition_102 [RUN]
[2026-09-29T10:00:46.800+0000] {pod_manager.py:315} INFO - [base] 10:00:46 | Thread 1: EXPLAIN (ANALYZE, BUFFERS) SELECT event_id, user_id, amount FROM raw.events_102 WHERE dt = '2026-09-29';
[2026-09-29T10:00:46.800+0000] {pod_manager.py:315} INFO - [base] 10:00:46 | Thread 1: Seq Scan on events_102 (cost=0.00..1842.10 rows=48210 width=48) (actual time=0.04..12.14 rows=48210 loops=1) Buffers: shared hit=482 read=12
[2026-09-29T10:00:46.800+0000] {pod_manager.py:315} INFO - [base] 10:00:46 | Thread 1: OK created sql view model staging.stg_stream_events_partition_102 [SUCCESS in 0.38s]
[2026-09-29T10:00:47.200+0000] {pod_manager.py:315} INFO - [base] 10:00:47 | Thread 1: START sql view model staging.stg_stream_events_partition_103 [RUN]
[2026-09-29T10:00:47.200+0000] {pod_manager.py:315} INFO - [base] 10:00:47 | Thread 1: EXPLAIN (ANALYZE, BUFFERS) SELECT event_id, user_id, amount FROM raw.events_103 WHERE dt = '2026-09-29';
[2026-09-29T10:00:47.200+0000] {pod_manager.py:315} INFO - [base] 10:00:47 | Thread 1: Seq Scan on events_103 (cost=0.00..1842.10 rows=48210 width=48) (actual time=0.04..12.14 rows=48210 loops=1) Buffers: shared hit=482 read=12
[2026-09-29T10:00:47.200+0000] {pod_manager.py:315} INFO - [base] 10:00:47 | Thread 1: OK created sql view model staging.stg_stream_events_partition_103 [SUCCESS in 0.38s]
[2026-09-29T10:00:47.600+0000] {pod_manager.py:315} INFO - [base] 10:00:47 | Thread 1: START sql view model staging.stg_stream_events_partition_104 [RUN]
[2026-09-29T10:00:47.600+0000] {pod_manager.py:315} INFO - [base] 10:00:47 | Thread 1: EXPLAIN (ANALYZE, BUFFERS) SELECT event_id, user_id, amount FROM raw.events_104 WHERE dt = '2026-09-29';
[2026-09-29T10:00:47.600+0000] {pod_manager.py:315} INFO - [base] 10:00:47 | Thread 1: Seq Scan on events_104 (cost=0.00..1842.10 rows=48210 width=48) (actual time=0.04..12.14 rows=48210 loops=1) Buffers: shared hit=482 read=12
[2026-09-29T10:00:47.600+0000] {pod_manager.py:315} INFO - [base] 10:00:47 | Thread 1: OK created sql view model staging.stg_stream_events_partition_104 [SUCCESS in 0.38s]
[2026-09-29T10:00:48.000+0000] {pod_manager.py:315} INFO - [base] 10:00:48 | Thread 1: START sql view model staging.stg_stream_events_partition_105 [RUN]
[2026-09-29T10:00:48.000+0000] {pod_manager.py:315} INFO - [base] 10:00:48 | Thread 1: EXPLAIN (ANALYZE, BUFFERS) SELECT event_id, user_id, amount FROM raw.events_105 WHERE dt = '2026-09-29';
[2026-09-29T10:00:48.000+0000] {pod_manager.py:315} INFO - [base] 10:00:48 | Thread 1: Seq Scan on events_105 (cost=0.00..1842.10 rows=48210 width=48) (actual time=0.04..12.14 rows=48210 loops=1) Buffers: shared hit=482 read=12
[2026-09-29T10:00:48.000+0000] {pod_manager.py:315} INFO - [base] 10:00:48 | Thread 1: OK created sql view model staging.stg_stream_events_partition_105 [SUCCESS in 0.38s]
[2026-09-29T10:00:48.400+0000] {pod_manager.py:315} INFO - [base] 10:00:48 | Thread 1: START sql view model staging.stg_stream_events_partition_106 [RUN]
[2026-09-29T10:00:48.400+0000] {pod_manager.py:315} INFO - [base] 10:00:48 | Thread 1: EXPLAIN (ANALYZE, BUFFERS) SELECT event_id, user_id, amount FROM raw.events_106 WHERE dt = '2026-09-29';
[2026-09-29T10:00:48.400+0000] {pod_manager.py:315} INFO - [base] 10:00:48 | Thread 1: Seq Scan on events_106 (cost=0.00..1842.10 rows=48210 width=48) (actual time=0.04..12.14 rows=48210 loops=1) Buffers: shared hit=482 read=12
[2026-09-29T10:00:48.400+0000] {pod_manager.py:315} INFO - [base] 10:00:48 | Thread 1: OK created sql view model staging.stg_stream_events_partition_106 [SUCCESS in 0.38s]
[2026-09-29T10:00:48.800+0000] {pod_manager.py:315} INFO - [base] 10:00:48 | Thread 1: START sql view model staging.stg_stream_events_partition_107 [RUN]
[2026-09-29T10:00:48.800+0000] {pod_manager.py:315} INFO - [base] 10:00:48 | Thread 1: EXPLAIN (ANALYZE, BUFFERS) SELECT event_id, user_id, amount FROM raw.events_107 WHERE dt = '2026-09-29';
[2026-09-29T10:00:48.800+0000] {pod_manager.py:315} INFO - [base] 10:00:48 | Thread 1: Seq Scan on events_107 (cost=0.00..1842.10 rows=48210 width=48) (actual time=0.04..12.14 rows=48210 loops=1) Buffers: shared hit=482 read=12
[2026-09-29T10:00:48.800+0000] {pod_manager.py:315} INFO - [base] 10:00:48 | Thread 1: OK created sql view model staging.stg_stream_events_partition_107 [SUCCESS in 0.38s]
[2026-09-29T10:00:49.200+0000] {pod_manager.py:315} INFO - [base] 10:00:49 | Thread 1: START sql view model staging.stg_stream_events_partition_108 [RUN]
[2026-09-29T10:00:49.200+0000] {pod_manager.py:315} INFO - [base] 10:00:49 | Thread 1: EXPLAIN (ANALYZE, BUFFERS) SELECT event_id, user_id, amount FROM raw.events_108 WHERE dt = '2026-09-29';
[2026-09-29T10:00:49.200+0000] {pod_manager.py:315} INFO - [base] 10:00:49 | Thread 1: Seq Scan on events_108 (cost=0.00..1842.10 rows=48210 width=48) (actual time=0.04..12.14 rows=48210 loops=1) Buffers: shared hit=482 read=12
[2026-09-29T10:00:49.200+0000] {pod_manager.py:315} INFO - [base] 10:00:49 | Thread 1: OK created sql view model staging.stg_stream_events_partition_108 [SUCCESS in 0.38s]
[2026-09-29T10:00:49.600+0000] {pod_manager.py:315} INFO - [base] 10:00:49 | Thread 1: START sql view model staging.stg_stream_events_partition_109 [RUN]
[2026-09-29T10:00:49.600+0000] {pod_manager.py:315} INFO - [base] 10:00:49 | Thread 1: EXPLAIN (ANALYZE, BUFFERS) SELECT event_id, user_id, amount FROM raw.events_109 WHERE dt = '2026-09-29';
[2026-09-29T10:00:49.600+0000] {pod_manager.py:315} INFO - [base] 10:00:49 | Thread 1: Seq Scan on events_109 (cost=0.00..1842.10 rows=48210 width=48) (actual time=0.04..12.14 rows=48210 loops=1) Buffers: shared hit=482 read=12
[2026-09-29T10:00:49.600+0000] {pod_manager.py:315} INFO - [base] 10:00:49 | Thread 1: OK created sql view model staging.stg_stream_events_partition_109 [SUCCESS in 0.38s]
[2026-09-29T10:00:50.000+0000] {pod_manager.py:315} INFO - [base] 10:00:50 | Thread 1: START sql view model staging.stg_stream_events_partition_110 [RUN]
[2026-09-29T10:00:50.000+0000] {pod_manager.py:315} INFO - [base] 10:00:50 | Thread 1: EXPLAIN (ANALYZE, BUFFERS) SELECT event_id, user_id, amount FROM raw.events_110 WHERE dt = '2026-09-29';
[2026-09-29T10:00:50.000+0000] {pod_manager.py:315} INFO - [base] 10:00:50 | Thread 1: Seq Scan on events_110 (cost=0.00..1842.10 rows=48210 width=48) (actual time=0.04..12.14 rows=48210 loops=1) Buffers: shared hit=482 read=12
[2026-09-29T10:00:50.000+0000] {pod_manager.py:315} INFO - [base] 10:00:50 | Thread 1: OK created sql view model staging.stg_stream_events_partition_110 [SUCCESS in 0.38s]
[2026-09-29T10:00:50.400+0000] {pod_manager.py:315} INFO - [base] 10:00:50 | Thread 1: START sql view model staging.stg_stream_events_partition_111 [RUN]
[2026-09-29T10:00:50.400+0000] {pod_manager.py:315} INFO - [base] 10:00:50 | Thread 1: EXPLAIN (ANALYZE, BUFFERS) SELECT event_id, user_id, amount FROM raw.events_111 WHERE dt = '2026-09-29';
[2026-09-29T10:00:50.400+0000] {pod_manager.py:315} INFO - [base] 10:00:50 | Thread 1: Seq Scan on events_111 (cost=0.00..1842.10 rows=48210 width=48) (actual time=0.04..12.14 rows=48210 loops=1) Buffers: shared hit=482 read=12
[2026-09-29T10:00:50.400+0000] {pod_manager.py:315} INFO - [base] 10:00:50 | Thread 1: OK created sql view model staging.stg_stream_events_partition_111 [SUCCESS in 0.38s]
[2026-09-29T10:00:50.800+0000] {pod_manager.py:315} INFO - [base] 10:00:50 | Thread 1: START sql view model staging.stg_stream_events_partition_112 [RUN]
[2026-09-29T10:00:50.800+0000] {pod_manager.py:315} INFO - [base] 10:00:50 | Thread 1: EXPLAIN (ANALYZE, BUFFERS) SELECT event_id, user_id, amount FROM raw.events_112 WHERE dt = '2026-09-29';
[2026-09-29T10:00:50.800+0000] {pod_manager.py:315} INFO - [base] 10:00:50 | Thread 1: Seq Scan on events_112 (cost=0.00..1842.10 rows=48210 width=48) (actual time=0.04..12.14 rows=48210 loops=1) Buffers: shared hit=482 read=12
[2026-09-29T10:00:50.800+0000] {pod_manager.py:315} INFO - [base] 10:00:50 | Thread 1: OK created sql view model staging.stg_stream_events_partition_112 [SUCCESS in 0.38s]
[2026-09-29T10:00:51.200+0000] {pod_manager.py:315} INFO - [base] 10:00:51 | Thread 1: START sql view model staging.stg_stream_events_partition_113 [RUN]
[2026-09-29T10:00:51.200+0000] {pod_manager.py:315} INFO - [base] 10:00:51 | Thread 1: EXPLAIN (ANALYZE, BUFFERS) SELECT event_id, user_id, amount FROM raw.events_113 WHERE dt = '2026-09-29';
[2026-09-29T10:00:51.200+0000] {pod_manager.py:315} INFO - [base] 10:00:51 | Thread 1: Seq Scan on events_113 (cost=0.00..1842.10 rows=48210 width=48) (actual time=0.04..12.14 rows=48210 loops=1) Buffers: shared hit=482 read=12
[2026-09-29T10:00:51.200+0000] {pod_manager.py:315} INFO - [base] 10:00:51 | Thread 1: OK created sql view model staging.stg_stream_events_partition_113 [SUCCESS in 0.38s]
[2026-09-29T10:00:51.600+0000] {pod_manager.py:315} INFO - [base] 10:00:51 | Thread 1: START sql view model staging.stg_stream_events_partition_114 [RUN]
[2026-09-29T10:00:51.600+0000] {pod_manager.py:315} INFO - [base] 10:00:51 | Thread 1: EXPLAIN (ANALYZE, BUFFERS) SELECT event_id, user_id, amount FROM raw.events_114 WHERE dt = '2026-09-29';
[2026-09-29T10:00:51.600+0000] {pod_manager.py:315} INFO - [base] 10:00:51 | Thread 1: Seq Scan on events_114 (cost=0.00..1842.10 rows=48210 width=48) (actual time=0.04..12.14 rows=48210 loops=1) Buffers: shared hit=482 read=12
[2026-09-29T10:00:51.600+0000] {pod_manager.py:315} INFO - [base] 10:00:51 | Thread 1: OK created sql view model staging.stg_stream_events_partition_114 [SUCCESS in 0.38s]
[2026-09-29T10:00:52.000+0000] {pod_manager.py:315} INFO - [base] 10:00:52 | Thread 1: START sql view model staging.stg_stream_events_partition_115 [RUN]
[2026-09-29T10:00:52.000+0000] {pod_manager.py:315} INFO - [base] 10:00:52 | Thread 1: EXPLAIN (ANALYZE, BUFFERS) SELECT event_id, user_id, amount FROM raw.events_115 WHERE dt = '2026-09-29';
[2026-09-29T10:00:52.000+0000] {pod_manager.py:315} INFO - [base] 10:00:52 | Thread 1: Seq Scan on events_115 (cost=0.00..1842.10 rows=48210 width=48) (actual time=0.04..12.14 rows=48210 loops=1) Buffers: shared hit=482 read=12
[2026-09-29T10:00:52.000+0000] {pod_manager.py:315} INFO - [base] 10:00:52 | Thread 1: OK created sql view model staging.stg_stream_events_partition_115 [SUCCESS in 0.38s]
[2026-09-29T10:00:52.400+0000] {pod_manager.py:315} INFO - [base] 10:00:52 | Thread 1: START sql view model staging.stg_stream_events_partition_116 [RUN]
[2026-09-29T10:00:52.400+0000] {pod_manager.py:315} INFO - [base] 10:00:52 | Thread 1: EXPLAIN (ANALYZE, BUFFERS) SELECT event_id, user_id, amount FROM raw.events_116 WHERE dt = '2026-09-29';
[2026-09-29T10:00:52.400+0000] {pod_manager.py:315} INFO - [base] 10:00:52 | Thread 1: Seq Scan on events_116 (cost=0.00..1842.10 rows=48210 width=48) (actual time=0.04..12.14 rows=48210 loops=1) Buffers: shared hit=482 read=12
[2026-09-29T10:00:52.400+0000] {pod_manager.py:315} INFO - [base] 10:00:52 | Thread 1: OK created sql view model staging.stg_stream_events_partition_116 [SUCCESS in 0.38s]
[2026-09-29T10:00:52.800+0000] {pod_manager.py:315} INFO - [base] 10:00:52 | Thread 1: START sql view model staging.stg_stream_events_partition_117 [RUN]
[2026-09-29T10:00:52.800+0000] {pod_manager.py:315} INFO - [base] 10:00:52 | Thread 1: EXPLAIN (ANALYZE, BUFFERS) SELECT event_id, user_id, amount FROM raw.events_117 WHERE dt = '2026-09-29';
[2026-09-29T10:00:52.800+0000] {pod_manager.py:315} INFO - [base] 10:00:52 | Thread 1: Seq Scan on events_117 (cost=0.00..1842.10 rows=48210 width=48) (actual time=0.04..12.14 rows=48210 loops=1) Buffers: shared hit=482 read=12
[2026-09-29T10:00:52.800+0000] {pod_manager.py:315} INFO - [base] 10:00:52 | Thread 1: OK created sql view model staging.stg_stream_events_partition_117 [SUCCESS in 0.38s]
[2026-09-29T10:00:53.200+0000] {pod_manager.py:315} INFO - [base] 10:00:53 | Thread 1: START sql view model staging.stg_stream_events_partition_118 [RUN]
[2026-09-29T10:00:53.200+0000] {pod_manager.py:315} INFO - [base] 10:00:53 | Thread 1: EXPLAIN (ANALYZE, BUFFERS) SELECT event_id, user_id, amount FROM raw.events_118 WHERE dt = '2026-09-29';
[2026-09-29T10:00:53.200+0000] {pod_manager.py:315} INFO - [base] 10:00:53 | Thread 1: Seq Scan on events_118 (cost=0.00..1842.10 rows=48210 width=48) (actual time=0.04..12.14 rows=48210 loops=1) Buffers: shared hit=482 read=12
[2026-09-29T10:00:53.200+0000] {pod_manager.py:315} INFO - [base] 10:00:53 | Thread 1: OK created sql view model staging.stg_stream_events_partition_118 [SUCCESS in 0.38s]
[2026-09-29T10:00:53.600+0000] {pod_manager.py:315} INFO - [base] 10:00:53 | Thread 1: START sql view model staging.stg_stream_events_partition_119 [RUN]
[2026-09-29T10:00:53.600+0000] {pod_manager.py:315} INFO - [base] 10:00:53 | Thread 1: EXPLAIN (ANALYZE, BUFFERS) SELECT event_id, user_id, amount FROM raw.events_119 WHERE dt = '2026-09-29';
[2026-09-29T10:00:53.600+0000] {pod_manager.py:315} INFO - [base] 10:00:53 | Thread 1: Seq Scan on events_119 (cost=0.00..1842.10 rows=48210 width=48) (actual time=0.04..12.14 rows=48210 loops=1) Buffers: shared hit=482 read=12
[2026-09-29T10:00:53.600+0000] {pod_manager.py:315} INFO - [base] 10:00:53 | Thread 1: OK created sql view model staging.stg_stream_events_partition_119 [SUCCESS in 0.38s]
[2026-09-29T10:00:54.000+0000] {pod_manager.py:315} INFO - [base] 10:00:54 | Thread 1: START sql view model staging.stg_stream_events_partition_120 [RUN]
[2026-09-29T10:00:54.000+0000] {pod_manager.py:315} INFO - [base] 10:00:54 | Thread 1: EXPLAIN (ANALYZE, BUFFERS) SELECT event_id, user_id, amount FROM raw.events_120 WHERE dt = '2026-09-29';
[2026-09-29T10:00:54.000+0000] {pod_manager.py:315} INFO - [base] 10:00:54 | Thread 1: Seq Scan on events_120 (cost=0.00..1842.10 rows=48210 width=48) (actual time=0.04..12.14 rows=48210 loops=1) Buffers: shared hit=482 read=12
[2026-09-29T10:00:54.000+0000] {pod_manager.py:315} INFO - [base] 10:00:54 | Thread 1: OK created sql view model staging.stg_stream_events_partition_120 [SUCCESS in 0.38s]
[2026-09-29T10:00:54.400+0000] {pod_manager.py:315} INFO - [base] 10:00:54 | Thread 1: START sql view model staging.stg_stream_events_partition_121 [RUN]
[2026-09-29T10:00:54.400+0000] {pod_manager.py:315} INFO - [base] 10:00:54 | Thread 1: EXPLAIN (ANALYZE, BUFFERS) SELECT event_id, user_id, amount FROM raw.events_121 WHERE dt = '2026-09-29';
[2026-09-29T10:00:54.400+0000] {pod_manager.py:315} INFO - [base] 10:00:54 | Thread 1: Seq Scan on events_121 (cost=0.00..1842.10 rows=48210 width=48) (actual time=0.04..12.14 rows=48210 loops=1) Buffers: shared hit=482 read=12
[2026-09-29T10:00:54.400+0000] {pod_manager.py:315} INFO - [base] 10:00:54 | Thread 1: OK created sql view model staging.stg_stream_events_partition_121 [SUCCESS in 0.38s]
[2026-09-29T10:00:54.800+0000] {pod_manager.py:315} INFO - [base] 10:00:54 | Thread 1: START sql view model staging.stg_stream_events_partition_122 [RUN]
[2026-09-29T10:00:54.800+0000] {pod_manager.py:315} INFO - [base] 10:00:54 | Thread 1: EXPLAIN (ANALYZE, BUFFERS) SELECT event_id, user_id, amount FROM raw.events_122 WHERE dt = '2026-09-29';
[2026-09-29T10:00:54.800+0000] {pod_manager.py:315} INFO - [base] 10:00:54 | Thread 1: Seq Scan on events_122 (cost=0.00..1842.10 rows=48210 width=48) (actual time=0.04..12.14 rows=48210 loops=1) Buffers: shared hit=482 read=12
[2026-09-29T10:00:54.800+0000] {pod_manager.py:315} INFO - [base] 10:00:54 | Thread 1: OK created sql view model staging.stg_stream_events_partition_122 [SUCCESS in 0.38s]
[2026-09-29T10:00:55.200+0000] {pod_manager.py:315} INFO - [base] 10:00:55 | Thread 1: START sql view model staging.stg_stream_events_partition_123 [RUN]
[2026-09-29T10:00:55.200+0000] {pod_manager.py:315} INFO - [base] 10:00:55 | Thread 1: EXPLAIN (ANALYZE, BUFFERS) SELECT event_id, user_id, amount FROM raw.events_123 WHERE dt = '2026-09-29';
[2026-09-29T10:00:55.200+0000] {pod_manager.py:315} INFO - [base] 10:00:55 | Thread 1: Seq Scan on events_123 (cost=0.00..1842.10 rows=48210 width=48) (actual time=0.04..12.14 rows=48210 loops=1) Buffers: shared hit=482 read=12
[2026-09-29T10:00:55.200+0000] {pod_manager.py:315} INFO - [base] 10:00:55 | Thread 1: OK created sql view model staging.stg_stream_events_partition_123 [SUCCESS in 0.38s]
[2026-09-29T10:00:55.600+0000] {pod_manager.py:315} INFO - [base] 10:00:55 | Thread 1: START sql view model staging.stg_stream_events_partition_124 [RUN]
[2026-09-29T10:00:55.600+0000] {pod_manager.py:315} INFO - [base] 10:00:55 | Thread 1: EXPLAIN (ANALYZE, BUFFERS) SELECT event_id, user_id, amount FROM raw.events_124 WHERE dt = '2026-09-29';
[2026-09-29T10:00:55.600+0000] {pod_manager.py:315} INFO - [base] 10:00:55 | Thread 1: Seq Scan on events_124 (cost=0.00..1842.10 rows=48210 width=48) (actual time=0.04..12.14 rows=48210 loops=1) Buffers: shared hit=482 read=12
[2026-09-29T10:00:55.600+0000] {pod_manager.py:315} INFO - [base] 10:00:55 | Thread 1: OK created sql view model staging.stg_stream_events_partition_124 [SUCCESS in 0.38s]
[2026-09-29T10:00:56.000+0000] {pod_manager.py:315} INFO - [base] 10:00:56 | Thread 1: START sql view model staging.stg_stream_events_partition_125 [RUN]
[2026-09-29T10:00:56.000+0000] {pod_manager.py:315} INFO - [base] 10:00:56 | Thread 1: EXPLAIN (ANALYZE, BUFFERS) SELECT event_id, user_id, amount FROM raw.events_125 WHERE dt = '2026-09-29';
[2026-09-29T10:00:56.000+0000] {pod_manager.py:315} INFO - [base] 10:00:56 | Thread 1: Seq Scan on events_125 (cost=0.00..1842.10 rows=48210 width=48) (actual time=0.04..12.14 rows=48210 loops=1) Buffers: shared hit=482 read=12
[2026-09-29T10:00:56.000+0000] {pod_manager.py:315} INFO - [base] 10:00:56 | Thread 1: OK created sql view model staging.stg_stream_events_partition_125 [SUCCESS in 0.38s]
[2026-09-29T10:00:56.400+0000] {pod_manager.py:315} INFO - [base] 10:00:56 | Thread 1: START sql view model staging.stg_stream_events_partition_126 [RUN]
[2026-09-29T10:00:56.400+0000] {pod_manager.py:315} INFO - [base] 10:00:56 | Thread 1: EXPLAIN (ANALYZE, BUFFERS) SELECT event_id, user_id, amount FROM raw.events_126 WHERE dt = '2026-09-29';
[2026-09-29T10:00:56.400+0000] {pod_manager.py:315} INFO - [base] 10:00:56 | Thread 1: Seq Scan on events_126 (cost=0.00..1842.10 rows=48210 width=48) (actual time=0.04..12.14 rows=48210 loops=1) Buffers: shared hit=482 read=12
[2026-09-29T10:00:56.400+0000] {pod_manager.py:315} INFO - [base] 10:00:56 | Thread 1: OK created sql view model staging.stg_stream_events_partition_126 [SUCCESS in 0.38s]
[2026-09-29T10:00:56.800+0000] {pod_manager.py:315} INFO - [base] 10:00:56 | Thread 1: START sql view model staging.stg_stream_events_partition_127 [RUN]
[2026-09-29T10:00:56.800+0000] {pod_manager.py:315} INFO - [base] 10:00:56 | Thread 1: EXPLAIN (ANALYZE, BUFFERS) SELECT event_id, user_id, amount FROM raw.events_127 WHERE dt = '2026-09-29';
[2026-09-29T10:00:56.800+0000] {pod_manager.py:315} INFO - [base] 10:00:56 | Thread 1: Seq Scan on events_127 (cost=0.00..1842.10 rows=48210 width=48) (actual time=0.04..12.14 rows=48210 loops=1) Buffers: shared hit=482 read=12
[2026-09-29T10:00:56.800+0000] {pod_manager.py:315} INFO - [base] 10:00:56 | Thread 1: OK created sql view model staging.stg_stream_events_partition_127 [SUCCESS in 0.38s]
[2026-09-29T10:00:57.200+0000] {pod_manager.py:315} INFO - [base] 10:00:57 | Thread 1: START sql view model staging.stg_stream_events_partition_128 [RUN]
[2026-09-29T10:00:57.200+0000] {pod_manager.py:315} INFO - [base] 10:00:57 | Thread 1: EXPLAIN (ANALYZE, BUFFERS) SELECT event_id, user_id, amount FROM raw.events_128 WHERE dt = '2026-09-29';
[2026-09-29T10:00:57.200+0000] {pod_manager.py:315} INFO - [base] 10:00:57 | Thread 1: Seq Scan on events_128 (cost=0.00..1842.10 rows=48210 width=48) (actual time=0.04..12.14 rows=48210 loops=1) Buffers: shared hit=482 read=12
[2026-09-29T10:00:57.200+0000] {pod_manager.py:315} INFO - [base] 10:00:57 | Thread 1: OK created sql view model staging.stg_stream_events_partition_128 [SUCCESS in 0.38s]
[2026-09-29T10:00:57.600+0000] {pod_manager.py:315} INFO - [base] 10:00:57 | Thread 1: START sql view model staging.stg_stream_events_partition_129 [RUN]
[2026-09-29T10:00:57.600+0000] {pod_manager.py:315} INFO - [base] 10:00:57 | Thread 1: EXPLAIN (ANALYZE, BUFFERS) SELECT event_id, user_id, amount FROM raw.events_129 WHERE dt = '2026-09-29';
[2026-09-29T10:00:57.600+0000] {pod_manager.py:315} INFO - [base] 10:00:57 | Thread 1: Seq Scan on events_129 (cost=0.00..1842.10 rows=48210 width=48) (actual time=0.04..12.14 rows=48210 loops=1) Buffers: shared hit=482 read=12
[2026-09-29T10:00:57.600+0000] {pod_manager.py:315} INFO - [base] 10:00:57 | Thread 1: OK created sql view model staging.stg_stream_events_partition_129 [SUCCESS in 0.38s]
[2026-09-29T10:00:58.000+0000] {pod_manager.py:315} INFO - [base] 10:00:58 | Thread 1: START sql view model staging.stg_stream_events_partition_130 [RUN]
[2026-09-29T10:00:58.000+0000] {pod_manager.py:315} INFO - [base] 10:00:58 | Thread 1: EXPLAIN (ANALYZE, BUFFERS) SELECT event_id, user_id, amount FROM raw.events_130 WHERE dt = '2026-09-29';
[2026-09-29T10:00:58.000+0000] {pod_manager.py:315} INFO - [base] 10:00:58 | Thread 1: Seq Scan on events_130 (cost=0.00..1842.10 rows=48210 width=48) (actual time=0.04..12.14 rows=48210 loops=1) Buffers: shared hit=482 read=12
[2026-09-29T10:00:58.000+0000] {pod_manager.py:315} INFO - [base] 10:00:58 | Thread 1: OK created sql view model staging.stg_stream_events_partition_130 [SUCCESS in 0.38s]
[2026-09-29T10:00:58.400+0000] {pod_manager.py:315} INFO - [base] 10:00:58 | Thread 1: START sql view model staging.stg_stream_events_partition_131 [RUN]
[2026-09-29T10:00:58.400+0000] {pod_manager.py:315} INFO - [base] 10:00:58 | Thread 1: EXPLAIN (ANALYZE, BUFFERS) SELECT event_id, user_id, amount FROM raw.events_131 WHERE dt = '2026-09-29';
[2026-09-29T10:00:58.400+0000] {pod_manager.py:315} INFO - [base] 10:00:58 | Thread 1: Seq Scan on events_131 (cost=0.00..1842.10 rows=48210 width=48) (actual time=0.04..12.14 rows=48210 loops=1) Buffers: shared hit=482 read=12
[2026-09-29T10:00:58.400+0000] {pod_manager.py:315} INFO - [base] 10:00:58 | Thread 1: OK created sql view model staging.stg_stream_events_partition_131 [SUCCESS in 0.38s]
[2026-09-29T10:00:58.800+0000] {pod_manager.py:315} INFO - [base] 10:00:58 | Thread 1: START sql view model staging.stg_stream_events_partition_132 [RUN]
[2026-09-29T10:00:58.800+0000] {pod_manager.py:315} INFO - [base] 10:00:58 | Thread 1: EXPLAIN (ANALYZE, BUFFERS) SELECT event_id, user_id, amount FROM raw.events_132 WHERE dt = '2026-09-29';
[2026-09-29T10:00:58.800+0000] {pod_manager.py:315} INFO - [base] 10:00:58 | Thread 1: Seq Scan on events_132 (cost=0.00..1842.10 rows=48210 width=48) (actual time=0.04..12.14 rows=48210 loops=1) Buffers: shared hit=482 read=12
[2026-09-29T10:00:58.800+0000] {pod_manager.py:315} INFO - [base] 10:00:58 | Thread 1: OK created sql view model staging.stg_stream_events_partition_132 [SUCCESS in 0.38s]
[2026-09-29T10:00:59.200+0000] {pod_manager.py:315} INFO - [base] 10:00:59 | Thread 1: START sql view model staging.stg_stream_events_partition_133 [RUN]
[2026-09-29T10:00:59.200+0000] {pod_manager.py:315} INFO - [base] 10:00:59 | Thread 1: EXPLAIN (ANALYZE, BUFFERS) SELECT event_id, user_id, amount FROM raw.events_133 WHERE dt = '2026-09-29';
[2026-09-29T10:00:59.200+0000] {pod_manager.py:315} INFO - [base] 10:00:59 | Thread 1: Seq Scan on events_133 (cost=0.00..1842.10 rows=48210 width=48) (actual time=0.04..12.14 rows=48210 loops=1) Buffers: shared hit=482 read=12
[2026-09-29T10:00:59.200+0000] {pod_manager.py:315} INFO - [base] 10:00:59 | Thread 1: OK created sql view model staging.stg_stream_events_partition_133 [SUCCESS in 0.38s]
[2026-09-29T10:00:59.600+0000] {pod_manager.py:315} INFO - [base] 10:00:59 | Thread 1: START sql view model staging.stg_stream_events_partition_134 [RUN]
[2026-09-29T10:00:59.600+0000] {pod_manager.py:315} INFO - [base] 10:00:59 | Thread 1: EXPLAIN (ANALYZE, BUFFERS) SELECT event_id, user_id, amount FROM raw.events_134 WHERE dt = '2026-09-29';
[2026-09-29T10:00:59.600+0000] {pod_manager.py:315} INFO - [base] 10:00:59 | Thread 1: Seq Scan on events_134 (cost=0.00..1842.10 rows=48210 width=48) (actual time=0.04..12.14 rows=48210 loops=1) Buffers: shared hit=482 read=12
[2026-09-29T10:00:59.600+0000] {pod_manager.py:315} INFO - [base] 10:00:59 | Thread 1: OK created sql view model staging.stg_stream_events_partition_134 [SUCCESS in 0.38s]
[2026-09-29T10:01:00.000+0000] {pod_manager.py:315} INFO - [base] 10:01:00 | Thread 1: START sql view model staging.stg_stream_events_partition_135 [RUN]
[2026-09-29T10:01:00.000+0000] {pod_manager.py:315} INFO - [base] 10:01:00 | Thread 1: EXPLAIN (ANALYZE, BUFFERS) SELECT event_id, user_id, amount FROM raw.events_135 WHERE dt = '2026-09-29';
[2026-09-29T10:01:00.000+0000] {pod_manager.py:315} INFO - [base] 10:01:00 | Thread 1: Seq Scan on events_135 (cost=0.00..1842.10 rows=48210 width=48) (actual time=0.04..12.14 rows=48210 loops=1) Buffers: shared hit=482 read=12
[2026-09-29T10:01:00.000+0000] {pod_manager.py:315} INFO - [base] 10:01:00 | Thread 1: OK created sql view model staging.stg_stream_events_partition_135 [SUCCESS in 0.38s]
[2026-09-29T10:01:00.400+0000] {pod_manager.py:315} INFO - [base] 10:01:00 | Thread 1: START sql view model staging.stg_stream_events_partition_136 [RUN]
[2026-09-29T10:01:00.400+0000] {pod_manager.py:315} INFO - [base] 10:01:00 | Thread 1: EXPLAIN (ANALYZE, BUFFERS) SELECT event_id, user_id, amount FROM raw.events_136 WHERE dt = '2026-09-29';
[2026-09-29T10:01:00.400+0000] {pod_manager.py:315} INFO - [base] 10:01:00 | Thread 1: Seq Scan on events_136 (cost=0.00..1842.10 rows=48210 width=48) (actual time=0.04..12.14 rows=48210 loops=1) Buffers: shared hit=482 read=12
[2026-09-29T10:01:00.400+0000] {pod_manager.py:315} INFO - [base] 10:01:00 | Thread 1: OK created sql view model staging.stg_stream_events_partition_136 [SUCCESS in 0.38s]
[2026-09-29T10:01:00.800+0000] {pod_manager.py:315} INFO - [base] 10:01:00 | Thread 1: START sql view model staging.stg_stream_events_partition_137 [RUN]
[2026-09-29T10:01:00.800+0000] {pod_manager.py:315} INFO - [base] 10:01:00 | Thread 1: EXPLAIN (ANALYZE, BUFFERS) SELECT event_id, user_id, amount FROM raw.events_137 WHERE dt = '2026-09-29';
[2026-09-29T10:01:00.800+0000] {pod_manager.py:315} INFO - [base] 10:01:00 | Thread 1: Seq Scan on events_137 (cost=0.00..1842.10 rows=48210 width=48) (actual time=0.04..12.14 rows=48210 loops=1) Buffers: shared hit=482 read=12
[2026-09-29T10:01:00.800+0000] {pod_manager.py:315} INFO - [base] 10:01:00 | Thread 1: OK created sql view model staging.stg_stream_events_partition_137 [SUCCESS in 0.38s]
[2026-09-29T10:01:01.200+0000] {pod_manager.py:315} INFO - [base] 10:01:01 | Thread 1: START sql view model staging.stg_stream_events_partition_138 [RUN]
[2026-09-29T10:01:01.200+0000] {pod_manager.py:315} INFO - [base] 10:01:01 | Thread 1: EXPLAIN (ANALYZE, BUFFERS) SELECT event_id, user_id, amount FROM raw.events_138 WHERE dt = '2026-09-29';
[2026-09-29T10:01:01.200+0000] {pod_manager.py:315} INFO - [base] 10:01:01 | Thread 1: Seq Scan on events_138 (cost=0.00..1842.10 rows=48210 width=48) (actual time=0.04..12.14 rows=48210 loops=1) Buffers: shared hit=482 read=12
[2026-09-29T10:01:01.200+0000] {pod_manager.py:315} INFO - [base] 10:01:01 | Thread 1: OK created sql view model staging.stg_stream_events_partition_138 [SUCCESS in 0.38s]
[2026-09-29T10:01:01.600+0000] {pod_manager.py:315} INFO - [base] 10:01:01 | Thread 1: START sql view model staging.stg_stream_events_partition_139 [RUN]
[2026-09-29T10:01:01.600+0000] {pod_manager.py:315} INFO - [base] 10:01:01 | Thread 1: EXPLAIN (ANALYZE, BUFFERS) SELECT event_id, user_id, amount FROM raw.events_139 WHERE dt = '2026-09-29';
[2026-09-29T10:01:01.600+0000] {pod_manager.py:315} INFO - [base] 10:01:01 | Thread 1: Seq Scan on events_139 (cost=0.00..1842.10 rows=48210 width=48) (actual time=0.04..12.14 rows=48210 loops=1) Buffers: shared hit=482 read=12
[2026-09-29T10:01:01.600+0000] {pod_manager.py:315} INFO - [base] 10:01:01 | Thread 1: OK created sql view model staging.stg_stream_events_partition_139 [SUCCESS in 0.38s]
[2026-09-29T10:01:02.000+0000] {pod_manager.py:315} INFO - [base] 10:01:02 | Thread 1: START sql view model staging.stg_stream_events_partition_140 [RUN]
[2026-09-29T10:01:02.000+0000] {pod_manager.py:315} INFO - [base] 10:01:02 | Thread 1: EXPLAIN (ANALYZE, BUFFERS) SELECT event_id, user_id, amount FROM raw.events_140 WHERE dt = '2026-09-29';
[2026-09-29T10:01:02.000+0000] {pod_manager.py:315} INFO - [base] 10:01:02 | Thread 1: Seq Scan on events_140 (cost=0.00..1842.10 rows=48210 width=48) (actual time=0.04..12.14 rows=48210 loops=1) Buffers: shared hit=482 read=12
[2026-09-29T10:01:02.000+0000] {pod_manager.py:315} INFO - [base] 10:01:02 | Thread 1: OK created sql view model staging.stg_stream_events_partition_140 [SUCCESS in 0.38s]
[2026-09-29T10:01:02.400+0000] {pod_manager.py:315} INFO - [base] 10:01:02 | Thread 1: START sql view model staging.stg_stream_events_partition_141 [RUN]
[2026-09-29T10:01:02.400+0000] {pod_manager.py:315} INFO - [base] 10:01:02 | Thread 1: EXPLAIN (ANALYZE, BUFFERS) SELECT event_id, user_id, amount FROM raw.events_141 WHERE dt = '2026-09-29';
[2026-09-29T10:01:02.400+0000] {pod_manager.py:315} INFO - [base] 10:01:02 | Thread 1: Seq Scan on events_141 (cost=0.00..1842.10 rows=48210 width=48) (actual time=0.04..12.14 rows=48210 loops=1) Buffers: shared hit=482 read=12
[2026-09-29T10:01:02.400+0000] {pod_manager.py:315} INFO - [base] 10:01:02 | Thread 1: OK created sql view model staging.stg_stream_events_partition_141 [SUCCESS in 0.38s]
[2026-09-29T10:01:02.800+0000] {pod_manager.py:315} INFO - [base] 10:01:02 | Thread 1: START sql view model staging.stg_stream_events_partition_142 [RUN]
[2026-09-29T10:01:02.800+0000] {pod_manager.py:315} INFO - [base] 10:01:02 | Thread 1: EXPLAIN (ANALYZE, BUFFERS) SELECT event_id, user_id, amount FROM raw.events_142 WHERE dt = '2026-09-29';
[2026-09-29T10:01:02.800+0000] {pod_manager.py:315} INFO - [base] 10:01:02 | Thread 1: Seq Scan on events_142 (cost=0.00..1842.10 rows=48210 width=48) (actual time=0.04..12.14 rows=48210 loops=1) Buffers: shared hit=482 read=12
[2026-09-29T10:01:02.800+0000] {pod_manager.py:315} INFO - [base] 10:01:02 | Thread 1: OK created sql view model staging.stg_stream_events_partition_142 [SUCCESS in 0.38s]
[2026-09-29T10:01:03.200+0000] {pod_manager.py:315} INFO - [base] 10:01:03 | Thread 1: START sql view model staging.stg_stream_events_partition_143 [RUN]
[2026-09-29T10:01:03.200+0000] {pod_manager.py:315} INFO - [base] 10:01:03 | Thread 1: EXPLAIN (ANALYZE, BUFFERS) SELECT event_id, user_id, amount FROM raw.events_143 WHERE dt = '2026-09-29';
[2026-09-29T10:01:03.200+0000] {pod_manager.py:315} INFO - [base] 10:01:03 | Thread 1: Seq Scan on events_143 (cost=0.00..1842.10 rows=48210 width=48) (actual time=0.04..12.14 rows=48210 loops=1) Buffers: shared hit=482 read=12
[2026-09-29T10:01:03.200+0000] {pod_manager.py:315} INFO - [base] 10:01:03 | Thread 1: OK created sql view model staging.stg_stream_events_partition_143 [SUCCESS in 0.38s]
[2026-09-29T10:01:03.600+0000] {pod_manager.py:315} INFO - [base] 10:01:03 | Thread 1: START sql view model staging.stg_stream_events_partition_144 [RUN]
[2026-09-29T10:01:03.600+0000] {pod_manager.py:315} INFO - [base] 10:01:03 | Thread 1: EXPLAIN (ANALYZE, BUFFERS) SELECT event_id, user_id, amount FROM raw.events_144 WHERE dt = '2026-09-29';
[2026-09-29T10:01:03.600+0000] {pod_manager.py:315} INFO - [base] 10:01:03 | Thread 1: Seq Scan on events_144 (cost=0.00..1842.10 rows=48210 width=48) (actual time=0.04..12.14 rows=48210 loops=1) Buffers: shared hit=482 read=12
[2026-09-29T10:01:03.600+0000] {pod_manager.py:315} INFO - [base] 10:01:03 | Thread 1: OK created sql view model staging.stg_stream_events_partition_144 [SUCCESS in 0.38s]
[2026-09-29T10:01:04.000+0000] {pod_manager.py:315} INFO - [base] 10:01:04 | Thread 1: START sql view model staging.stg_stream_events_partition_145 [RUN]
[2026-09-29T10:01:04.000+0000] {pod_manager.py:315} INFO - [base] 10:01:04 | Thread 1: EXPLAIN (ANALYZE, BUFFERS) SELECT event_id, user_id, amount FROM raw.events_145 WHERE dt = '2026-09-29';
[2026-09-29T10:01:04.000+0000] {pod_manager.py:315} INFO - [base] 10:01:04 | Thread 1: Seq Scan on events_145 (cost=0.00..1842.10 rows=48210 width=48) (actual time=0.04..12.14 rows=48210 loops=1) Buffers: shared hit=482 read=12
[2026-09-29T10:01:04.000+0000] {pod_manager.py:315} INFO - [base] 10:01:04 | Thread 1: OK created sql view model staging.stg_stream_events_partition_145 [SUCCESS in 0.38s]
[2026-09-29T10:01:04.400+0000] {pod_manager.py:315} INFO - [base] 10:01:04 | Thread 1: START sql view model staging.stg_stream_events_partition_146 [RUN]
[2026-09-29T10:01:04.400+0000] {pod_manager.py:315} INFO - [base] 10:01:04 | Thread 1: EXPLAIN (ANALYZE, BUFFERS) SELECT event_id, user_id, amount FROM raw.events_146 WHERE dt = '2026-09-29';
[2026-09-29T10:01:04.400+0000] {pod_manager.py:315} INFO - [base] 10:01:04 | Thread 1: Seq Scan on events_146 (cost=0.00..1842.10 rows=48210 width=48) (actual time=0.04..12.14 rows=48210 loops=1) Buffers: shared hit=482 read=12
[2026-09-29T10:01:04.400+0000] {pod_manager.py:315} INFO - [base] 10:01:04 | Thread 1: OK created sql view model staging.stg_stream_events_partition_146 [SUCCESS in 0.38s]
[2026-09-29T10:01:04.800+0000] {pod_manager.py:315} INFO - [base] 10:01:04 | Thread 1: START sql view model staging.stg_stream_events_partition_147 [RUN]
[2026-09-29T10:01:04.800+0000] {pod_manager.py:315} INFO - [base] 10:01:04 | Thread 1: EXPLAIN (ANALYZE, BUFFERS) SELECT event_id, user_id, amount FROM raw.events_147 WHERE dt = '2026-09-29';
[2026-09-29T10:01:04.800+0000] {pod_manager.py:315} INFO - [base] 10:01:04 | Thread 1: Seq Scan on events_147 (cost=0.00..1842.10 rows=48210 width=48) (actual time=0.04..12.14 rows=48210 loops=1) Buffers: shared hit=482 read=12
[2026-09-29T10:01:04.800+0000] {pod_manager.py:315} INFO - [base] 10:01:04 | Thread 1: OK created sql view model staging.stg_stream_events_partition_147 [SUCCESS in 0.38s]
[2026-09-29T10:01:05.200+0000] {pod_manager.py:315} INFO - [base] 10:01:05 | Thread 1: START sql view model staging.stg_stream_events_partition_148 [RUN]
[2026-09-29T10:01:05.200+0000] {pod_manager.py:315} INFO - [base] 10:01:05 | Thread 1: EXPLAIN (ANALYZE, BUFFERS) SELECT event_id, user_id, amount FROM raw.events_148 WHERE dt = '2026-09-29';
[2026-09-29T10:01:05.200+0000] {pod_manager.py:315} INFO - [base] 10:01:05 | Thread 1: Seq Scan on events_148 (cost=0.00..1842.10 rows=48210 width=48) (actual time=0.04..12.14 rows=48210 loops=1) Buffers: shared hit=482 read=12
[2026-09-29T10:01:05.200+0000] {pod_manager.py:315} INFO - [base] 10:01:05 | Thread 1: OK created sql view model staging.stg_stream_events_partition_148 [SUCCESS in 0.38s]
[2026-09-29T10:01:05.600+0000] {pod_manager.py:315} INFO - [base] 10:01:05 | Thread 1: START sql view model staging.stg_stream_events_partition_149 [RUN]
[2026-09-29T10:01:05.600+0000] {pod_manager.py:315} INFO - [base] 10:01:05 | Thread 1: EXPLAIN (ANALYZE, BUFFERS) SELECT event_id, user_id, amount FROM raw.events_149 WHERE dt = '2026-09-29';
[2026-09-29T10:01:05.600+0000] {pod_manager.py:315} INFO - [base] 10:01:05 | Thread 1: Seq Scan on events_149 (cost=0.00..1842.10 rows=48210 width=48) (actual time=0.04..12.14 rows=48210 loops=1) Buffers: shared hit=482 read=12
[2026-09-29T10:01:05.600+0000] {pod_manager.py:315} INFO - [base] 10:01:05 | Thread 1: OK created sql view model staging.stg_stream_events_partition_149 [SUCCESS in 0.38s]
[2026-09-29T10:01:06.000+0000] {pod_manager.py:315} INFO - [base] 10:01:06 | Thread 1: START sql view model staging.stg_stream_events_partition_150 [RUN]
[2026-09-29T10:01:06.000+0000] {pod_manager.py:315} INFO - [base] 10:01:06 | Thread 1: EXPLAIN (ANALYZE, BUFFERS) SELECT event_id, user_id, amount FROM raw.events_150 WHERE dt = '2026-09-29';
[2026-09-29T10:01:06.000+0000] {pod_manager.py:315} INFO - [base] 10:01:06 | Thread 1: Seq Scan on events_150 (cost=0.00..1842.10 rows=48210 width=48) (actual time=0.04..12.14 rows=48210 loops=1) Buffers: shared hit=482 read=12
[2026-09-29T10:01:06.000+0000] {pod_manager.py:315} INFO - [base] 10:01:06 | Thread 1: OK created sql view model staging.stg_stream_events_partition_150 [SUCCESS in 0.38s]
[2026-09-29T10:01:06.500+0000] {pod_manager.py:315} INFO - [base] 10:01:06 | Thread 3: START sql table model intermediate.int_session_attribution_hop_001 ..... [RUN]
[2026-09-29T10:01:06.500+0000] {pod_manager.py:315} INFO - [base] 10:01:06 | Thread 3: Hash Join (cost=14800.00..49200.00 rows=320000 width=128) (actual time=4.12..84.10 rows=320000 loops=1) Buffers: shared hit=3200
[2026-09-29T10:01:06.500+0000] {pod_manager.py:315} INFO - [base] 10:01:06 | Thread 3: OK created sql table model intermediate.int_session_attribution_hop_001 [CREATE TABLE (320,000 rows in 1.42s)]
[2026-09-29T10:01:06.500+0000] {pod_manager.py:315} INFO - [base] 10:01:06 | cgroup memory stats: rss=955MiB, cache=48MiB, swap=0MiB (usage: 46.6% of 2048Mi limit)
[2026-09-29T10:01:07.000+0000] {pod_manager.py:315} INFO - [base] 10:01:07 | Thread 3: START sql table model intermediate.int_session_attribution_hop_002 ..... [RUN]
[2026-09-29T10:01:07.000+0000] {pod_manager.py:315} INFO - [base] 10:01:07 | Thread 3: Hash Join (cost=14800.00..49200.00 rows=320000 width=128) (actual time=4.12..84.10 rows=320000 loops=1) Buffers: shared hit=3200
[2026-09-29T10:01:07.000+0000] {pod_manager.py:315} INFO - [base] 10:01:07 | Thread 3: OK created sql table model intermediate.int_session_attribution_hop_002 [CREATE TABLE (320,000 rows in 1.42s)]
[2026-09-29T10:01:07.000+0000] {pod_manager.py:315} INFO - [base] 10:01:07 | cgroup memory stats: rss=961MiB, cache=48MiB, swap=0MiB (usage: 46.9% of 2048Mi limit)
[2026-09-29T10:01:07.500+0000] {pod_manager.py:315} INFO - [base] 10:01:07 | Thread 3: START sql table model intermediate.int_session_attribution_hop_003 ..... [RUN]
[2026-09-29T10:01:07.500+0000] {pod_manager.py:315} INFO - [base] 10:01:07 | Thread 3: Hash Join (cost=14800.00..49200.00 rows=320000 width=128) (actual time=4.12..84.10 rows=320000 loops=1) Buffers: shared hit=3200
[2026-09-29T10:01:07.500+0000] {pod_manager.py:315} INFO - [base] 10:01:07 | Thread 3: OK created sql table model intermediate.int_session_attribution_hop_003 [CREATE TABLE (320,000 rows in 1.42s)]
[2026-09-29T10:01:07.500+0000] {pod_manager.py:315} INFO - [base] 10:01:07 | cgroup memory stats: rss=966MiB, cache=48MiB, swap=0MiB (usage: 47.2% of 2048Mi limit)
[2026-09-29T10:01:08.000+0000] {pod_manager.py:315} INFO - [base] 10:01:08 | Thread 3: START sql table model intermediate.int_session_attribution_hop_004 ..... [RUN]
[2026-09-29T10:01:08.000+0000] {pod_manager.py:315} INFO - [base] 10:01:08 | Thread 3: Hash Join (cost=14800.00..49200.00 rows=320000 width=128) (actual time=4.12..84.10 rows=320000 loops=1) Buffers: shared hit=3200
[2026-09-29T10:01:08.000+0000] {pod_manager.py:315} INFO - [base] 10:01:08 | Thread 3: OK created sql table model intermediate.int_session_attribution_hop_004 [CREATE TABLE (320,000 rows in 1.42s)]
[2026-09-29T10:01:08.000+0000] {pod_manager.py:315} INFO - [base] 10:01:08 | cgroup memory stats: rss=972MiB, cache=48MiB, swap=0MiB (usage: 47.5% of 2048Mi limit)
[2026-09-29T10:01:08.500+0000] {pod_manager.py:315} INFO - [base] 10:01:08 | Thread 3: START sql table model intermediate.int_session_attribution_hop_005 ..... [RUN]
[2026-09-29T10:01:08.500+0000] {pod_manager.py:315} INFO - [base] 10:01:08 | Thread 3: Hash Join (cost=14800.00..49200.00 rows=320000 width=128) (actual time=4.12..84.10 rows=320000 loops=1) Buffers: shared hit=3200
[2026-09-29T10:01:08.500+0000] {pod_manager.py:315} INFO - [base] 10:01:08 | Thread 3: OK created sql table model intermediate.int_session_attribution_hop_005 [CREATE TABLE (320,000 rows in 1.42s)]
[2026-09-29T10:01:08.500+0000] {pod_manager.py:315} INFO - [base] 10:01:08 | cgroup memory stats: rss=977MiB, cache=48MiB, swap=0MiB (usage: 47.7% of 2048Mi limit)
[2026-09-29T10:01:09.000+0000] {pod_manager.py:315} INFO - [base] 10:01:09 | Thread 3: START sql table model intermediate.int_session_attribution_hop_006 ..... [RUN]
[2026-09-29T10:01:09.000+0000] {pod_manager.py:315} INFO - [base] 10:01:09 | Thread 3: Hash Join (cost=14800.00..49200.00 rows=320000 width=128) (actual time=4.12..84.10 rows=320000 loops=1) Buffers: shared hit=3200
[2026-09-29T10:01:09.000+0000] {pod_manager.py:315} INFO - [base] 10:01:09 | Thread 3: OK created sql table model intermediate.int_session_attribution_hop_006 [CREATE TABLE (320,000 rows in 1.42s)]
[2026-09-29T10:01:09.000+0000] {pod_manager.py:315} INFO - [base] 10:01:09 | cgroup memory stats: rss=983MiB, cache=48MiB, swap=0MiB (usage: 48.0% of 2048Mi limit)
[2026-09-29T10:01:09.500+0000] {pod_manager.py:315} INFO - [base] 10:01:09 | Thread 3: START sql table model intermediate.int_session_attribution_hop_007 ..... [RUN]
[2026-09-29T10:01:09.500+0000] {pod_manager.py:315} INFO - [base] 10:01:09 | Thread 3: Hash Join (cost=14800.00..49200.00 rows=320000 width=128) (actual time=4.12..84.10 rows=320000 loops=1) Buffers: shared hit=3200
[2026-09-29T10:01:09.500+0000] {pod_manager.py:315} INFO - [base] 10:01:09 | Thread 3: OK created sql table model intermediate.int_session_attribution_hop_007 [CREATE TABLE (320,000 rows in 1.42s)]
[2026-09-29T10:01:09.500+0000] {pod_manager.py:315} INFO - [base] 10:01:09 | cgroup memory stats: rss=988MiB, cache=48MiB, swap=0MiB (usage: 48.2% of 2048Mi limit)
[2026-09-29T10:01:10.000+0000] {pod_manager.py:315} INFO - [base] 10:01:10 | Thread 3: START sql table model intermediate.int_session_attribution_hop_008 ..... [RUN]
[2026-09-29T10:01:10.000+0000] {pod_manager.py:315} INFO - [base] 10:01:10 | Thread 3: Hash Join (cost=14800.00..49200.00 rows=320000 width=128) (actual time=4.12..84.10 rows=320000 loops=1) Buffers: shared hit=3200
[2026-09-29T10:01:10.000+0000] {pod_manager.py:315} INFO - [base] 10:01:10 | Thread 3: OK created sql table model intermediate.int_session_attribution_hop_008 [CREATE TABLE (320,000 rows in 1.42s)]
[2026-09-29T10:01:10.000+0000] {pod_manager.py:315} INFO - [base] 10:01:10 | cgroup memory stats: rss=994MiB, cache=48MiB, swap=0MiB (usage: 48.5% of 2048Mi limit)
[2026-09-29T10:01:10.500+0000] {pod_manager.py:315} INFO - [base] 10:01:10 | Thread 3: START sql table model intermediate.int_session_attribution_hop_009 ..... [RUN]
[2026-09-29T10:01:10.500+0000] {pod_manager.py:315} INFO - [base] 10:01:10 | Thread 3: Hash Join (cost=14800.00..49200.00 rows=320000 width=128) (actual time=4.12..84.10 rows=320000 loops=1) Buffers: shared hit=3200
[2026-09-29T10:01:10.500+0000] {pod_manager.py:315} INFO - [base] 10:01:10 | Thread 3: OK created sql table model intermediate.int_session_attribution_hop_009 [CREATE TABLE (320,000 rows in 1.42s)]
[2026-09-29T10:01:10.500+0000] {pod_manager.py:315} INFO - [base] 10:01:10 | cgroup memory stats: rss=999MiB, cache=48MiB, swap=0MiB (usage: 48.8% of 2048Mi limit)
[2026-09-29T10:01:11.000+0000] {pod_manager.py:315} INFO - [base] 10:01:11 | Thread 3: START sql table model intermediate.int_session_attribution_hop_010 ..... [RUN]
[2026-09-29T10:01:11.000+0000] {pod_manager.py:315} INFO - [base] 10:01:11 | Thread 3: Hash Join (cost=14800.00..49200.00 rows=320000 width=128) (actual time=4.12..84.10 rows=320000 loops=1) Buffers: shared hit=3200
[2026-09-29T10:01:11.000+0000] {pod_manager.py:315} INFO - [base] 10:01:11 | Thread 3: OK created sql table model intermediate.int_session_attribution_hop_010 [CREATE TABLE (320,000 rows in 1.42s)]
[2026-09-29T10:01:11.000+0000] {pod_manager.py:315} INFO - [base] 10:01:11 | cgroup memory stats: rss=1005MiB, cache=48MiB, swap=0MiB (usage: 49.1% of 2048Mi limit)
[2026-09-29T10:01:11.500+0000] {pod_manager.py:315} INFO - [base] 10:01:11 | Thread 3: START sql table model intermediate.int_session_attribution_hop_011 ..... [RUN]
[2026-09-29T10:01:11.500+0000] {pod_manager.py:315} INFO - [base] 10:01:11 | Thread 3: Hash Join (cost=14800.00..49200.00 rows=320000 width=128) (actual time=4.12..84.10 rows=320000 loops=1) Buffers: shared hit=3200
[2026-09-29T10:01:11.500+0000] {pod_manager.py:315} INFO - [base] 10:01:11 | Thread 3: OK created sql table model intermediate.int_session_attribution_hop_011 [CREATE TABLE (320,000 rows in 1.42s)]
[2026-09-29T10:01:11.500+0000] {pod_manager.py:315} INFO - [base] 10:01:11 | cgroup memory stats: rss=1010MiB, cache=48MiB, swap=0MiB (usage: 49.3% of 2048Mi limit)
[2026-09-29T10:01:12.000+0000] {pod_manager.py:315} INFO - [base] 10:01:12 | Thread 3: START sql table model intermediate.int_session_attribution_hop_012 ..... [RUN]
[2026-09-29T10:01:12.000+0000] {pod_manager.py:315} INFO - [base] 10:01:12 | Thread 3: Hash Join (cost=14800.00..49200.00 rows=320000 width=128) (actual time=4.12..84.10 rows=320000 loops=1) Buffers: shared hit=3200
[2026-09-29T10:01:12.000+0000] {pod_manager.py:315} INFO - [base] 10:01:12 | Thread 3: OK created sql table model intermediate.int_session_attribution_hop_012 [CREATE TABLE (320,000 rows in 1.42s)]
[2026-09-29T10:01:12.000+0000] {pod_manager.py:315} INFO - [base] 10:01:12 | cgroup memory stats: rss=1016MiB, cache=48MiB, swap=0MiB (usage: 49.6% of 2048Mi limit)
[2026-09-29T10:01:12.500+0000] {pod_manager.py:315} INFO - [base] 10:01:12 | Thread 3: START sql table model intermediate.int_session_attribution_hop_013 ..... [RUN]
[2026-09-29T10:01:12.500+0000] {pod_manager.py:315} INFO - [base] 10:01:12 | Thread 3: Hash Join (cost=14800.00..49200.00 rows=320000 width=128) (actual time=4.12..84.10 rows=320000 loops=1) Buffers: shared hit=3200
[2026-09-29T10:01:12.500+0000] {pod_manager.py:315} INFO - [base] 10:01:12 | Thread 3: OK created sql table model intermediate.int_session_attribution_hop_013 [CREATE TABLE (320,000 rows in 1.42s)]
[2026-09-29T10:01:12.500+0000] {pod_manager.py:315} INFO - [base] 10:01:12 | cgroup memory stats: rss=1021MiB, cache=48MiB, swap=0MiB (usage: 49.9% of 2048Mi limit)
[2026-09-29T10:01:13.000+0000] {pod_manager.py:315} INFO - [base] 10:01:13 | Thread 3: START sql table model intermediate.int_session_attribution_hop_014 ..... [RUN]
[2026-09-29T10:01:13.000+0000] {pod_manager.py:315} INFO - [base] 10:01:13 | Thread 3: Hash Join (cost=14800.00..49200.00 rows=320000 width=128) (actual time=4.12..84.10 rows=320000 loops=1) Buffers: shared hit=3200
[2026-09-29T10:01:13.000+0000] {pod_manager.py:315} INFO - [base] 10:01:13 | Thread 3: OK created sql table model intermediate.int_session_attribution_hop_014 [CREATE TABLE (320,000 rows in 1.42s)]
[2026-09-29T10:01:13.000+0000] {pod_manager.py:315} INFO - [base] 10:01:13 | cgroup memory stats: rss=1027MiB, cache=48MiB, swap=0MiB (usage: 50.1% of 2048Mi limit)
[2026-09-29T10:01:13.500+0000] {pod_manager.py:315} INFO - [base] 10:01:13 | Thread 3: START sql table model intermediate.int_session_attribution_hop_015 ..... [RUN]
[2026-09-29T10:01:13.500+0000] {pod_manager.py:315} INFO - [base] 10:01:13 | Thread 3: Hash Join (cost=14800.00..49200.00 rows=320000 width=128) (actual time=4.12..84.10 rows=320000 loops=1) Buffers: shared hit=3200
[2026-09-29T10:01:13.500+0000] {pod_manager.py:315} INFO - [base] 10:01:13 | Thread 3: OK created sql table model intermediate.int_session_attribution_hop_015 [CREATE TABLE (320,000 rows in 1.42s)]
[2026-09-29T10:01:13.500+0000] {pod_manager.py:315} INFO - [base] 10:01:13 | cgroup memory stats: rss=1032MiB, cache=48MiB, swap=0MiB (usage: 50.4% of 2048Mi limit)
[2026-09-29T10:01:14.000+0000] {pod_manager.py:315} INFO - [base] 10:01:14 | Thread 3: START sql table model intermediate.int_session_attribution_hop_016 ..... [RUN]
[2026-09-29T10:01:14.000+0000] {pod_manager.py:315} INFO - [base] 10:01:14 | Thread 3: Hash Join (cost=14800.00..49200.00 rows=320000 width=128) (actual time=4.12..84.10 rows=320000 loops=1) Buffers: shared hit=3200
[2026-09-29T10:01:14.000+0000] {pod_manager.py:315} INFO - [base] 10:01:14 | Thread 3: OK created sql table model intermediate.int_session_attribution_hop_016 [CREATE TABLE (320,000 rows in 1.42s)]
[2026-09-29T10:01:14.000+0000] {pod_manager.py:315} INFO - [base] 10:01:14 | cgroup memory stats: rss=1038MiB, cache=48MiB, swap=0MiB (usage: 50.7% of 2048Mi limit)
[2026-09-29T10:01:14.500+0000] {pod_manager.py:315} INFO - [base] 10:01:14 | Thread 3: START sql table model intermediate.int_session_attribution_hop_017 ..... [RUN]
[2026-09-29T10:01:14.500+0000] {pod_manager.py:315} INFO - [base] 10:01:14 | Thread 3: Hash Join (cost=14800.00..49200.00 rows=320000 width=128) (actual time=4.12..84.10 rows=320000 loops=1) Buffers: shared hit=3200
[2026-09-29T10:01:14.500+0000] {pod_manager.py:315} INFO - [base] 10:01:14 | Thread 3: OK created sql table model intermediate.int_session_attribution_hop_017 [CREATE TABLE (320,000 rows in 1.42s)]
[2026-09-29T10:01:14.500+0000] {pod_manager.py:315} INFO - [base] 10:01:14 | cgroup memory stats: rss=1043MiB, cache=48MiB, swap=0MiB (usage: 50.9% of 2048Mi limit)
[2026-09-29T10:01:15.000+0000] {pod_manager.py:315} INFO - [base] 10:01:15 | Thread 3: START sql table model intermediate.int_session_attribution_hop_018 ..... [RUN]
[2026-09-29T10:01:15.000+0000] {pod_manager.py:315} INFO - [base] 10:01:15 | Thread 3: Hash Join (cost=14800.00..49200.00 rows=320000 width=128) (actual time=4.12..84.10 rows=320000 loops=1) Buffers: shared hit=3200
[2026-09-29T10:01:15.000+0000] {pod_manager.py:315} INFO - [base] 10:01:15 | Thread 3: OK created sql table model intermediate.int_session_attribution_hop_018 [CREATE TABLE (320,000 rows in 1.42s)]
[2026-09-29T10:01:15.000+0000] {pod_manager.py:315} INFO - [base] 10:01:15 | cgroup memory stats: rss=1049MiB, cache=48MiB, swap=0MiB (usage: 51.2% of 2048Mi limit)
[2026-09-29T10:01:15.500+0000] {pod_manager.py:315} INFO - [base] 10:01:15 | Thread 3: START sql table model intermediate.int_session_attribution_hop_019 ..... [RUN]
[2026-09-29T10:01:15.500+0000] {pod_manager.py:315} INFO - [base] 10:01:15 | Thread 3: Hash Join (cost=14800.00..49200.00 rows=320000 width=128) (actual time=4.12..84.10 rows=320000 loops=1) Buffers: shared hit=3200
[2026-09-29T10:01:15.500+0000] {pod_manager.py:315} INFO - [base] 10:01:15 | Thread 3: OK created sql table model intermediate.int_session_attribution_hop_019 [CREATE TABLE (320,000 rows in 1.42s)]
[2026-09-29T10:01:15.500+0000] {pod_manager.py:315} INFO - [base] 10:01:15 | cgroup memory stats: rss=1054MiB, cache=48MiB, swap=0MiB (usage: 51.5% of 2048Mi limit)
[2026-09-29T10:01:16.000+0000] {pod_manager.py:315} INFO - [base] 10:01:16 | Thread 3: START sql table model intermediate.int_session_attribution_hop_020 ..... [RUN]
[2026-09-29T10:01:16.000+0000] {pod_manager.py:315} INFO - [base] 10:01:16 | Thread 3: Hash Join (cost=14800.00..49200.00 rows=320000 width=128) (actual time=4.12..84.10 rows=320000 loops=1) Buffers: shared hit=3200
[2026-09-29T10:01:16.000+0000] {pod_manager.py:315} INFO - [base] 10:01:16 | Thread 3: OK created sql table model intermediate.int_session_attribution_hop_020 [CREATE TABLE (320,000 rows in 1.42s)]
[2026-09-29T10:01:16.000+0000] {pod_manager.py:315} INFO - [base] 10:01:16 | cgroup memory stats: rss=1060MiB, cache=48MiB, swap=0MiB (usage: 51.8% of 2048Mi limit)
[2026-09-29T10:01:16.500+0000] {pod_manager.py:315} INFO - [base] 10:01:16 | Thread 3: START sql table model intermediate.int_session_attribution_hop_021 ..... [RUN]
[2026-09-29T10:01:16.500+0000] {pod_manager.py:315} INFO - [base] 10:01:16 | Thread 3: Hash Join (cost=14800.00..49200.00 rows=320000 width=128) (actual time=4.12..84.10 rows=320000 loops=1) Buffers: shared hit=3200
[2026-09-29T10:01:16.500+0000] {pod_manager.py:315} INFO - [base] 10:01:16 | Thread 3: OK created sql table model intermediate.int_session_attribution_hop_021 [CREATE TABLE (320,000 rows in 1.42s)]
[2026-09-29T10:01:16.500+0000] {pod_manager.py:315} INFO - [base] 10:01:16 | cgroup memory stats: rss=1065MiB, cache=48MiB, swap=0MiB (usage: 52.0% of 2048Mi limit)
[2026-09-29T10:01:17.000+0000] {pod_manager.py:315} INFO - [base] 10:01:17 | Thread 3: START sql table model intermediate.int_session_attribution_hop_022 ..... [RUN]
[2026-09-29T10:01:17.000+0000] {pod_manager.py:315} INFO - [base] 10:01:17 | Thread 3: Hash Join (cost=14800.00..49200.00 rows=320000 width=128) (actual time=4.12..84.10 rows=320000 loops=1) Buffers: shared hit=3200
[2026-09-29T10:01:17.000+0000] {pod_manager.py:315} INFO - [base] 10:01:17 | Thread 3: OK created sql table model intermediate.int_session_attribution_hop_022 [CREATE TABLE (320,000 rows in 1.42s)]
[2026-09-29T10:01:17.000+0000] {pod_manager.py:315} INFO - [base] 10:01:17 | cgroup memory stats: rss=1071MiB, cache=48MiB, swap=0MiB (usage: 52.3% of 2048Mi limit)
[2026-09-29T10:01:17.500+0000] {pod_manager.py:315} INFO - [base] 10:01:17 | Thread 3: START sql table model intermediate.int_session_attribution_hop_023 ..... [RUN]
[2026-09-29T10:01:17.500+0000] {pod_manager.py:315} INFO - [base] 10:01:17 | Thread 3: Hash Join (cost=14800.00..49200.00 rows=320000 width=128) (actual time=4.12..84.10 rows=320000 loops=1) Buffers: shared hit=3200
[2026-09-29T10:01:17.500+0000] {pod_manager.py:315} INFO - [base] 10:01:17 | Thread 3: OK created sql table model intermediate.int_session_attribution_hop_023 [CREATE TABLE (320,000 rows in 1.42s)]
[2026-09-29T10:01:17.500+0000] {pod_manager.py:315} INFO - [base] 10:01:17 | cgroup memory stats: rss=1076MiB, cache=48MiB, swap=0MiB (usage: 52.5% of 2048Mi limit)
[2026-09-29T10:01:18.000+0000] {pod_manager.py:315} INFO - [base] 10:01:18 | Thread 3: START sql table model intermediate.int_session_attribution_hop_024 ..... [RUN]
[2026-09-29T10:01:18.000+0000] {pod_manager.py:315} INFO - [base] 10:01:18 | Thread 3: Hash Join (cost=14800.00..49200.00 rows=320000 width=128) (actual time=4.12..84.10 rows=320000 loops=1) Buffers: shared hit=3200
[2026-09-29T10:01:18.000+0000] {pod_manager.py:315} INFO - [base] 10:01:18 | Thread 3: OK created sql table model intermediate.int_session_attribution_hop_024 [CREATE TABLE (320,000 rows in 1.42s)]
[2026-09-29T10:01:18.000+0000] {pod_manager.py:315} INFO - [base] 10:01:18 | cgroup memory stats: rss=1082MiB, cache=48MiB, swap=0MiB (usage: 52.8% of 2048Mi limit)
[2026-09-29T10:01:18.500+0000] {pod_manager.py:315} INFO - [base] 10:01:18 | Thread 3: START sql table model intermediate.int_session_attribution_hop_025 ..... [RUN]
[2026-09-29T10:01:18.500+0000] {pod_manager.py:315} INFO - [base] 10:01:18 | Thread 3: Hash Join (cost=14800.00..49200.00 rows=320000 width=128) (actual time=4.12..84.10 rows=320000 loops=1) Buffers: shared hit=3200
[2026-09-29T10:01:18.500+0000] {pod_manager.py:315} INFO - [base] 10:01:18 | Thread 3: OK created sql table model intermediate.int_session_attribution_hop_025 [CREATE TABLE (320,000 rows in 1.42s)]
[2026-09-29T10:01:18.500+0000] {pod_manager.py:315} INFO - [base] 10:01:18 | cgroup memory stats: rss=1087MiB, cache=48MiB, swap=0MiB (usage: 53.1% of 2048Mi limit)
[2026-09-29T10:01:19.000+0000] {pod_manager.py:315} INFO - [base] 10:01:19 | Thread 3: START sql table model intermediate.int_session_attribution_hop_026 ..... [RUN]
[2026-09-29T10:01:19.000+0000] {pod_manager.py:315} INFO - [base] 10:01:19 | Thread 3: Hash Join (cost=14800.00..49200.00 rows=320000 width=128) (actual time=4.12..84.10 rows=320000 loops=1) Buffers: shared hit=3200
[2026-09-29T10:01:19.000+0000] {pod_manager.py:315} INFO - [base] 10:01:19 | Thread 3: OK created sql table model intermediate.int_session_attribution_hop_026 [CREATE TABLE (320,000 rows in 1.42s)]
[2026-09-29T10:01:19.000+0000] {pod_manager.py:315} INFO - [base] 10:01:19 | cgroup memory stats: rss=1093MiB, cache=48MiB, swap=0MiB (usage: 53.4% of 2048Mi limit)
[2026-09-29T10:01:19.500+0000] {pod_manager.py:315} INFO - [base] 10:01:19 | Thread 3: START sql table model intermediate.int_session_attribution_hop_027 ..... [RUN]
[2026-09-29T10:01:19.500+0000] {pod_manager.py:315} INFO - [base] 10:01:19 | Thread 3: Hash Join (cost=14800.00..49200.00 rows=320000 width=128) (actual time=4.12..84.10 rows=320000 loops=1) Buffers: shared hit=3200
[2026-09-29T10:01:19.500+0000] {pod_manager.py:315} INFO - [base] 10:01:19 | Thread 3: OK created sql table model intermediate.int_session_attribution_hop_027 [CREATE TABLE (320,000 rows in 1.42s)]
[2026-09-29T10:01:19.500+0000] {pod_manager.py:315} INFO - [base] 10:01:19 | cgroup memory stats: rss=1098MiB, cache=48MiB, swap=0MiB (usage: 53.6% of 2048Mi limit)
[2026-09-29T10:01:20.000+0000] {pod_manager.py:315} INFO - [base] 10:01:20 | Thread 3: START sql table model intermediate.int_session_attribution_hop_028 ..... [RUN]
[2026-09-29T10:01:20.000+0000] {pod_manager.py:315} INFO - [base] 10:01:20 | Thread 3: Hash Join (cost=14800.00..49200.00 rows=320000 width=128) (actual time=4.12..84.10 rows=320000 loops=1) Buffers: shared hit=3200
[2026-09-29T10:01:20.000+0000] {pod_manager.py:315} INFO - [base] 10:01:20 | Thread 3: OK created sql table model intermediate.int_session_attribution_hop_028 [CREATE TABLE (320,000 rows in 1.42s)]
[2026-09-29T10:01:20.000+0000] {pod_manager.py:315} INFO - [base] 10:01:20 | cgroup memory stats: rss=1104MiB, cache=48MiB, swap=0MiB (usage: 53.9% of 2048Mi limit)
[2026-09-29T10:01:20.500+0000] {pod_manager.py:315} INFO - [base] 10:01:20 | Thread 3: START sql table model intermediate.int_session_attribution_hop_029 ..... [RUN]
[2026-09-29T10:01:20.500+0000] {pod_manager.py:315} INFO - [base] 10:01:20 | Thread 3: Hash Join (cost=14800.00..49200.00 rows=320000 width=128) (actual time=4.12..84.10 rows=320000 loops=1) Buffers: shared hit=3200
[2026-09-29T10:01:20.500+0000] {pod_manager.py:315} INFO - [base] 10:01:20 | Thread 3: OK created sql table model intermediate.int_session_attribution_hop_029 [CREATE TABLE (320,000 rows in 1.42s)]
[2026-09-29T10:01:20.500+0000] {pod_manager.py:315} INFO - [base] 10:01:20 | cgroup memory stats: rss=1109MiB, cache=48MiB, swap=0MiB (usage: 54.2% of 2048Mi limit)
[2026-09-29T10:01:21.000+0000] {pod_manager.py:315} INFO - [base] 10:01:21 | Thread 3: START sql table model intermediate.int_session_attribution_hop_030 ..... [RUN]
[2026-09-29T10:01:21.000+0000] {pod_manager.py:315} INFO - [base] 10:01:21 | Thread 3: Hash Join (cost=14800.00..49200.00 rows=320000 width=128) (actual time=4.12..84.10 rows=320000 loops=1) Buffers: shared hit=3200
[2026-09-29T10:01:21.000+0000] {pod_manager.py:315} INFO - [base] 10:01:21 | Thread 3: OK created sql table model intermediate.int_session_attribution_hop_030 [CREATE TABLE (320,000 rows in 1.42s)]
[2026-09-29T10:01:21.000+0000] {pod_manager.py:315} INFO - [base] 10:01:21 | cgroup memory stats: rss=1115MiB, cache=48MiB, swap=0MiB (usage: 54.4% of 2048Mi limit)
[2026-09-29T10:01:21.500+0000] {pod_manager.py:315} INFO - [base] 10:01:21 | Thread 3: START sql table model intermediate.int_session_attribution_hop_031 ..... [RUN]
[2026-09-29T10:01:21.500+0000] {pod_manager.py:315} INFO - [base] 10:01:21 | Thread 3: Hash Join (cost=14800.00..49200.00 rows=320000 width=128) (actual time=4.12..84.10 rows=320000 loops=1) Buffers: shared hit=3200
[2026-09-29T10:01:21.500+0000] {pod_manager.py:315} INFO - [base] 10:01:21 | Thread 3: OK created sql table model intermediate.int_session_attribution_hop_031 [CREATE TABLE (320,000 rows in 1.42s)]
[2026-09-29T10:01:21.500+0000] {pod_manager.py:315} INFO - [base] 10:01:21 | cgroup memory stats: rss=1120MiB, cache=48MiB, swap=0MiB (usage: 54.7% of 2048Mi limit)
[2026-09-29T10:01:22.000+0000] {pod_manager.py:315} INFO - [base] 10:01:22 | Thread 3: START sql table model intermediate.int_session_attribution_hop_032 ..... [RUN]
[2026-09-29T10:01:22.000+0000] {pod_manager.py:315} INFO - [base] 10:01:22 | Thread 3: Hash Join (cost=14800.00..49200.00 rows=320000 width=128) (actual time=4.12..84.10 rows=320000 loops=1) Buffers: shared hit=3200
[2026-09-29T10:01:22.000+0000] {pod_manager.py:315} INFO - [base] 10:01:22 | Thread 3: OK created sql table model intermediate.int_session_attribution_hop_032 [CREATE TABLE (320,000 rows in 1.42s)]
[2026-09-29T10:01:22.000+0000] {pod_manager.py:315} INFO - [base] 10:01:22 | cgroup memory stats: rss=1126MiB, cache=48MiB, swap=0MiB (usage: 55.0% of 2048Mi limit)
[2026-09-29T10:01:22.500+0000] {pod_manager.py:315} INFO - [base] 10:01:22 | Thread 3: START sql table model intermediate.int_session_attribution_hop_033 ..... [RUN]
[2026-09-29T10:01:22.500+0000] {pod_manager.py:315} INFO - [base] 10:01:22 | Thread 3: Hash Join (cost=14800.00..49200.00 rows=320000 width=128) (actual time=4.12..84.10 rows=320000 loops=1) Buffers: shared hit=3200
[2026-09-29T10:01:22.500+0000] {pod_manager.py:315} INFO - [base] 10:01:22 | Thread 3: OK created sql table model intermediate.int_session_attribution_hop_033 [CREATE TABLE (320,000 rows in 1.42s)]
[2026-09-29T10:01:22.500+0000] {pod_manager.py:315} INFO - [base] 10:01:22 | cgroup memory stats: rss=1131MiB, cache=48MiB, swap=0MiB (usage: 55.2% of 2048Mi limit)
[2026-09-29T10:01:23.000+0000] {pod_manager.py:315} INFO - [base] 10:01:23 | Thread 3: START sql table model intermediate.int_session_attribution_hop_034 ..... [RUN]
[2026-09-29T10:01:23.000+0000] {pod_manager.py:315} INFO - [base] 10:01:23 | Thread 3: Hash Join (cost=14800.00..49200.00 rows=320000 width=128) (actual time=4.12..84.10 rows=320000 loops=1) Buffers: shared hit=3200
[2026-09-29T10:01:23.000+0000] {pod_manager.py:315} INFO - [base] 10:01:23 | Thread 3: OK created sql table model intermediate.int_session_attribution_hop_034 [CREATE TABLE (320,000 rows in 1.42s)]
[2026-09-29T10:01:23.000+0000] {pod_manager.py:315} INFO - [base] 10:01:23 | cgroup memory stats: rss=1137MiB, cache=48MiB, swap=0MiB (usage: 55.5% of 2048Mi limit)
[2026-09-29T10:01:23.500+0000] {pod_manager.py:315} INFO - [base] 10:01:23 | Thread 3: START sql table model intermediate.int_session_attribution_hop_035 ..... [RUN]
[2026-09-29T10:01:23.500+0000] {pod_manager.py:315} INFO - [base] 10:01:23 | Thread 3: Hash Join (cost=14800.00..49200.00 rows=320000 width=128) (actual time=4.12..84.10 rows=320000 loops=1) Buffers: shared hit=3200
[2026-09-29T10:01:23.500+0000] {pod_manager.py:315} INFO - [base] 10:01:23 | Thread 3: OK created sql table model intermediate.int_session_attribution_hop_035 [CREATE TABLE (320,000 rows in 1.42s)]
[2026-09-29T10:01:23.500+0000] {pod_manager.py:315} INFO - [base] 10:01:23 | cgroup memory stats: rss=1142MiB, cache=48MiB, swap=0MiB (usage: 55.8% of 2048Mi limit)
[2026-09-29T10:01:24.000+0000] {pod_manager.py:315} INFO - [base] 10:01:24 | Thread 3: START sql table model intermediate.int_session_attribution_hop_036 ..... [RUN]
[2026-09-29T10:01:24.000+0000] {pod_manager.py:315} INFO - [base] 10:01:24 | Thread 3: Hash Join (cost=14800.00..49200.00 rows=320000 width=128) (actual time=4.12..84.10 rows=320000 loops=1) Buffers: shared hit=3200
[2026-09-29T10:01:24.000+0000] {pod_manager.py:315} INFO - [base] 10:01:24 | Thread 3: OK created sql table model intermediate.int_session_attribution_hop_036 [CREATE TABLE (320,000 rows in 1.42s)]
[2026-09-29T10:01:24.000+0000] {pod_manager.py:315} INFO - [base] 10:01:24 | cgroup memory stats: rss=1148MiB, cache=48MiB, swap=0MiB (usage: 56.1% of 2048Mi limit)
[2026-09-29T10:01:24.500+0000] {pod_manager.py:315} INFO - [base] 10:01:24 | Thread 3: START sql table model intermediate.int_session_attribution_hop_037 ..... [RUN]
[2026-09-29T10:01:24.500+0000] {pod_manager.py:315} INFO - [base] 10:01:24 | Thread 3: Hash Join (cost=14800.00..49200.00 rows=320000 width=128) (actual time=4.12..84.10 rows=320000 loops=1) Buffers: shared hit=3200
[2026-09-29T10:01:24.500+0000] {pod_manager.py:315} INFO - [base] 10:01:24 | Thread 3: OK created sql table model intermediate.int_session_attribution_hop_037 [CREATE TABLE (320,000 rows in 1.42s)]
[2026-09-29T10:01:24.500+0000] {pod_manager.py:315} INFO - [base] 10:01:24 | cgroup memory stats: rss=1153MiB, cache=48MiB, swap=0MiB (usage: 56.3% of 2048Mi limit)
[2026-09-29T10:01:25.000+0000] {pod_manager.py:315} INFO - [base] 10:01:25 | Thread 3: START sql table model intermediate.int_session_attribution_hop_038 ..... [RUN]
[2026-09-29T10:01:25.000+0000] {pod_manager.py:315} INFO - [base] 10:01:25 | Thread 3: Hash Join (cost=14800.00..49200.00 rows=320000 width=128) (actual time=4.12..84.10 rows=320000 loops=1) Buffers: shared hit=3200
[2026-09-29T10:01:25.000+0000] {pod_manager.py:315} INFO - [base] 10:01:25 | Thread 3: OK created sql table model intermediate.int_session_attribution_hop_038 [CREATE TABLE (320,000 rows in 1.42s)]
[2026-09-29T10:01:25.000+0000] {pod_manager.py:315} INFO - [base] 10:01:25 | cgroup memory stats: rss=1159MiB, cache=48MiB, swap=0MiB (usage: 56.6% of 2048Mi limit)
[2026-09-29T10:01:25.500+0000] {pod_manager.py:315} INFO - [base] 10:01:25 | Thread 3: START sql table model intermediate.int_session_attribution_hop_039 ..... [RUN]
[2026-09-29T10:01:25.500+0000] {pod_manager.py:315} INFO - [base] 10:01:25 | Thread 3: Hash Join (cost=14800.00..49200.00 rows=320000 width=128) (actual time=4.12..84.10 rows=320000 loops=1) Buffers: shared hit=3200
[2026-09-29T10:01:25.500+0000] {pod_manager.py:315} INFO - [base] 10:01:25 | Thread 3: OK created sql table model intermediate.int_session_attribution_hop_039 [CREATE TABLE (320,000 rows in 1.42s)]
[2026-09-29T10:01:25.500+0000] {pod_manager.py:315} INFO - [base] 10:01:25 | cgroup memory stats: rss=1164MiB, cache=48MiB, swap=0MiB (usage: 56.8% of 2048Mi limit)
[2026-09-29T10:01:26.000+0000] {pod_manager.py:315} INFO - [base] 10:01:26 | Thread 3: START sql table model intermediate.int_session_attribution_hop_040 ..... [RUN]
[2026-09-29T10:01:26.000+0000] {pod_manager.py:315} INFO - [base] 10:01:26 | Thread 3: Hash Join (cost=14800.00..49200.00 rows=320000 width=128) (actual time=4.12..84.10 rows=320000 loops=1) Buffers: shared hit=3200
[2026-09-29T10:01:26.000+0000] {pod_manager.py:315} INFO - [base] 10:01:26 | Thread 3: OK created sql table model intermediate.int_session_attribution_hop_040 [CREATE TABLE (320,000 rows in 1.42s)]
[2026-09-29T10:01:26.000+0000] {pod_manager.py:315} INFO - [base] 10:01:26 | cgroup memory stats: rss=1170MiB, cache=48MiB, swap=0MiB (usage: 57.1% of 2048Mi limit)
[2026-09-29T10:01:26.500+0000] {pod_manager.py:315} INFO - [base] 10:01:26 | Thread 3: START sql table model intermediate.int_session_attribution_hop_041 ..... [RUN]
[2026-09-29T10:01:26.500+0000] {pod_manager.py:315} INFO - [base] 10:01:26 | Thread 3: Hash Join (cost=14800.00..49200.00 rows=320000 width=128) (actual time=4.12..84.10 rows=320000 loops=1) Buffers: shared hit=3200
[2026-09-29T10:01:26.500+0000] {pod_manager.py:315} INFO - [base] 10:01:26 | Thread 3: OK created sql table model intermediate.int_session_attribution_hop_041 [CREATE TABLE (320,000 rows in 1.42s)]
[2026-09-29T10:01:26.500+0000] {pod_manager.py:315} INFO - [base] 10:01:26 | cgroup memory stats: rss=1175MiB, cache=48MiB, swap=0MiB (usage: 57.4% of 2048Mi limit)
[2026-09-29T10:01:27.000+0000] {pod_manager.py:315} INFO - [base] 10:01:27 | Thread 3: START sql table model intermediate.int_session_attribution_hop_042 ..... [RUN]
[2026-09-29T10:01:27.000+0000] {pod_manager.py:315} INFO - [base] 10:01:27 | Thread 3: Hash Join (cost=14800.00..49200.00 rows=320000 width=128) (actual time=4.12..84.10 rows=320000 loops=1) Buffers: shared hit=3200
[2026-09-29T10:01:27.000+0000] {pod_manager.py:315} INFO - [base] 10:01:27 | Thread 3: OK created sql table model intermediate.int_session_attribution_hop_042 [CREATE TABLE (320,000 rows in 1.42s)]
[2026-09-29T10:01:27.000+0000] {pod_manager.py:315} INFO - [base] 10:01:27 | cgroup memory stats: rss=1181MiB, cache=48MiB, swap=0MiB (usage: 57.7% of 2048Mi limit)
[2026-09-29T10:01:27.500+0000] {pod_manager.py:315} INFO - [base] 10:01:27 | Thread 3: START sql table model intermediate.int_session_attribution_hop_043 ..... [RUN]
[2026-09-29T10:01:27.500+0000] {pod_manager.py:315} INFO - [base] 10:01:27 | Thread 3: Hash Join (cost=14800.00..49200.00 rows=320000 width=128) (actual time=4.12..84.10 rows=320000 loops=1) Buffers: shared hit=3200
[2026-09-29T10:01:27.500+0000] {pod_manager.py:315} INFO - [base] 10:01:27 | Thread 3: OK created sql table model intermediate.int_session_attribution_hop_043 [CREATE TABLE (320,000 rows in 1.42s)]
[2026-09-29T10:01:27.500+0000] {pod_manager.py:315} INFO - [base] 10:01:27 | cgroup memory stats: rss=1186MiB, cache=48MiB, swap=0MiB (usage: 57.9% of 2048Mi limit)
[2026-09-29T10:01:28.000+0000] {pod_manager.py:315} INFO - [base] 10:01:28 | Thread 3: START sql table model intermediate.int_session_attribution_hop_044 ..... [RUN]
[2026-09-29T10:01:28.000+0000] {pod_manager.py:315} INFO - [base] 10:01:28 | Thread 3: Hash Join (cost=14800.00..49200.00 rows=320000 width=128) (actual time=4.12..84.10 rows=320000 loops=1) Buffers: shared hit=3200
[2026-09-29T10:01:28.000+0000] {pod_manager.py:315} INFO - [base] 10:01:28 | Thread 3: OK created sql table model intermediate.int_session_attribution_hop_044 [CREATE TABLE (320,000 rows in 1.42s)]
[2026-09-29T10:01:28.000+0000] {pod_manager.py:315} INFO - [base] 10:01:28 | cgroup memory stats: rss=1192MiB, cache=48MiB, swap=0MiB (usage: 58.2% of 2048Mi limit)
[2026-09-29T10:01:28.500+0000] {pod_manager.py:315} INFO - [base] 10:01:28 | Thread 3: START sql table model intermediate.int_session_attribution_hop_045 ..... [RUN]
[2026-09-29T10:01:28.500+0000] {pod_manager.py:315} INFO - [base] 10:01:28 | Thread 3: Hash Join (cost=14800.00..49200.00 rows=320000 width=128) (actual time=4.12..84.10 rows=320000 loops=1) Buffers: shared hit=3200
[2026-09-29T10:01:28.500+0000] {pod_manager.py:315} INFO - [base] 10:01:28 | Thread 3: OK created sql table model intermediate.int_session_attribution_hop_045 [CREATE TABLE (320,000 rows in 1.42s)]
[2026-09-29T10:01:28.500+0000] {pod_manager.py:315} INFO - [base] 10:01:28 | cgroup memory stats: rss=1197MiB, cache=48MiB, swap=0MiB (usage: 58.4% of 2048Mi limit)
[2026-09-29T10:01:29.000+0000] {pod_manager.py:315} INFO - [base] 10:01:29 | Thread 3: START sql table model intermediate.int_session_attribution_hop_046 ..... [RUN]
[2026-09-29T10:01:29.000+0000] {pod_manager.py:315} INFO - [base] 10:01:29 | Thread 3: Hash Join (cost=14800.00..49200.00 rows=320000 width=128) (actual time=4.12..84.10 rows=320000 loops=1) Buffers: shared hit=3200
[2026-09-29T10:01:29.000+0000] {pod_manager.py:315} INFO - [base] 10:01:29 | Thread 3: OK created sql table model intermediate.int_session_attribution_hop_046 [CREATE TABLE (320,000 rows in 1.42s)]
[2026-09-29T10:01:29.000+0000] {pod_manager.py:315} INFO - [base] 10:01:29 | cgroup memory stats: rss=1203MiB, cache=48MiB, swap=0MiB (usage: 58.7% of 2048Mi limit)
[2026-09-29T10:01:29.500+0000] {pod_manager.py:315} INFO - [base] 10:01:29 | Thread 3: START sql table model intermediate.int_session_attribution_hop_047 ..... [RUN]
[2026-09-29T10:01:29.500+0000] {pod_manager.py:315} INFO - [base] 10:01:29 | Thread 3: Hash Join (cost=14800.00..49200.00 rows=320000 width=128) (actual time=4.12..84.10 rows=320000 loops=1) Buffers: shared hit=3200
[2026-09-29T10:01:29.500+0000] {pod_manager.py:315} INFO - [base] 10:01:29 | Thread 3: OK created sql table model intermediate.int_session_attribution_hop_047 [CREATE TABLE (320,000 rows in 1.42s)]
[2026-09-29T10:01:29.500+0000] {pod_manager.py:315} INFO - [base] 10:01:29 | cgroup memory stats: rss=1208MiB, cache=48MiB, swap=0MiB (usage: 59.0% of 2048Mi limit)
[2026-09-29T10:01:30.000+0000] {pod_manager.py:315} INFO - [base] 10:01:30 | Thread 3: START sql table model intermediate.int_session_attribution_hop_048 ..... [RUN]
[2026-09-29T10:01:30.000+0000] {pod_manager.py:315} INFO - [base] 10:01:30 | Thread 3: Hash Join (cost=14800.00..49200.00 rows=320000 width=128) (actual time=4.12..84.10 rows=320000 loops=1) Buffers: shared hit=3200
[2026-09-29T10:01:30.000+0000] {pod_manager.py:315} INFO - [base] 10:01:30 | Thread 3: OK created sql table model intermediate.int_session_attribution_hop_048 [CREATE TABLE (320,000 rows in 1.42s)]
[2026-09-29T10:01:30.000+0000] {pod_manager.py:315} INFO - [base] 10:01:30 | cgroup memory stats: rss=1214MiB, cache=48MiB, swap=0MiB (usage: 59.3% of 2048Mi limit)
[2026-09-29T10:01:30.500+0000] {pod_manager.py:315} INFO - [base] 10:01:30 | Thread 3: START sql table model intermediate.int_session_attribution_hop_049 ..... [RUN]
[2026-09-29T10:01:30.500+0000] {pod_manager.py:315} INFO - [base] 10:01:30 | Thread 3: Hash Join (cost=14800.00..49200.00 rows=320000 width=128) (actual time=4.12..84.10 rows=320000 loops=1) Buffers: shared hit=3200
[2026-09-29T10:01:30.500+0000] {pod_manager.py:315} INFO - [base] 10:01:30 | Thread 3: OK created sql table model intermediate.int_session_attribution_hop_049 [CREATE TABLE (320,000 rows in 1.42s)]
[2026-09-29T10:01:30.500+0000] {pod_manager.py:315} INFO - [base] 10:01:30 | cgroup memory stats: rss=1219MiB, cache=48MiB, swap=0MiB (usage: 59.5% of 2048Mi limit)
[2026-09-29T10:01:31.000+0000] {pod_manager.py:315} INFO - [base] 10:01:31 | Thread 3: START sql table model intermediate.int_session_attribution_hop_050 ..... [RUN]
[2026-09-29T10:01:31.000+0000] {pod_manager.py:315} INFO - [base] 10:01:31 | Thread 3: Hash Join (cost=14800.00..49200.00 rows=320000 width=128) (actual time=4.12..84.10 rows=320000 loops=1) Buffers: shared hit=3200
[2026-09-29T10:01:31.000+0000] {pod_manager.py:315} INFO - [base] 10:01:31 | Thread 3: OK created sql table model intermediate.int_session_attribution_hop_050 [CREATE TABLE (320,000 rows in 1.42s)]
[2026-09-29T10:01:31.000+0000] {pod_manager.py:315} INFO - [base] 10:01:31 | cgroup memory stats: rss=1225MiB, cache=48MiB, swap=0MiB (usage: 59.8% of 2048Mi limit)
[2026-09-29T10:01:31.500+0000] {pod_manager.py:315} INFO - [base] 10:01:31 | Thread 3: START sql table model intermediate.int_session_attribution_hop_051 ..... [RUN]
[2026-09-29T10:01:31.500+0000] {pod_manager.py:315} INFO - [base] 10:01:31 | Thread 3: Hash Join (cost=14800.00..49200.00 rows=320000 width=128) (actual time=4.12..84.10 rows=320000 loops=1) Buffers: shared hit=3200
[2026-09-29T10:01:31.500+0000] {pod_manager.py:315} INFO - [base] 10:01:31 | Thread 3: OK created sql table model intermediate.int_session_attribution_hop_051 [CREATE TABLE (320,000 rows in 1.42s)]
[2026-09-29T10:01:31.500+0000] {pod_manager.py:315} INFO - [base] 10:01:31 | cgroup memory stats: rss=1230MiB, cache=48MiB, swap=0MiB (usage: 60.1% of 2048Mi limit)
[2026-09-29T10:01:32.000+0000] {pod_manager.py:315} INFO - [base] 10:01:32 | Thread 3: START sql table model intermediate.int_session_attribution_hop_052 ..... [RUN]
[2026-09-29T10:01:32.000+0000] {pod_manager.py:315} INFO - [base] 10:01:32 | Thread 3: Hash Join (cost=14800.00..49200.00 rows=320000 width=128) (actual time=4.12..84.10 rows=320000 loops=1) Buffers: shared hit=3200
[2026-09-29T10:01:32.000+0000] {pod_manager.py:315} INFO - [base] 10:01:32 | Thread 3: OK created sql table model intermediate.int_session_attribution_hop_052 [CREATE TABLE (320,000 rows in 1.42s)]
[2026-09-29T10:01:32.000+0000] {pod_manager.py:315} INFO - [base] 10:01:32 | cgroup memory stats: rss=1236MiB, cache=48MiB, swap=0MiB (usage: 60.4% of 2048Mi limit)
[2026-09-29T10:01:32.500+0000] {pod_manager.py:315} INFO - [base] 10:01:32 | Thread 3: START sql table model intermediate.int_session_attribution_hop_053 ..... [RUN]
[2026-09-29T10:01:32.500+0000] {pod_manager.py:315} INFO - [base] 10:01:32 | Thread 3: Hash Join (cost=14800.00..49200.00 rows=320000 width=128) (actual time=4.12..84.10 rows=320000 loops=1) Buffers: shared hit=3200
[2026-09-29T10:01:32.500+0000] {pod_manager.py:315} INFO - [base] 10:01:32 | Thread 3: OK created sql table model intermediate.int_session_attribution_hop_053 [CREATE TABLE (320,000 rows in 1.42s)]
[2026-09-29T10:01:32.500+0000] {pod_manager.py:315} INFO - [base] 10:01:32 | cgroup memory stats: rss=1241MiB, cache=48MiB, swap=0MiB (usage: 60.6% of 2048Mi limit)
[2026-09-29T10:01:33.000+0000] {pod_manager.py:315} INFO - [base] 10:01:33 | Thread 3: START sql table model intermediate.int_session_attribution_hop_054 ..... [RUN]
[2026-09-29T10:01:33.000+0000] {pod_manager.py:315} INFO - [base] 10:01:33 | Thread 3: Hash Join (cost=14800.00..49200.00 rows=320000 width=128) (actual time=4.12..84.10 rows=320000 loops=1) Buffers: shared hit=3200
[2026-09-29T10:01:33.000+0000] {pod_manager.py:315} INFO - [base] 10:01:33 | Thread 3: OK created sql table model intermediate.int_session_attribution_hop_054 [CREATE TABLE (320,000 rows in 1.42s)]
[2026-09-29T10:01:33.000+0000] {pod_manager.py:315} INFO - [base] 10:01:33 | cgroup memory stats: rss=1247MiB, cache=48MiB, swap=0MiB (usage: 60.9% of 2048Mi limit)
[2026-09-29T10:01:33.500+0000] {pod_manager.py:315} INFO - [base] 10:01:33 | Thread 3: START sql table model intermediate.int_session_attribution_hop_055 ..... [RUN]
[2026-09-29T10:01:33.500+0000] {pod_manager.py:315} INFO - [base] 10:01:33 | Thread 3: Hash Join (cost=14800.00..49200.00 rows=320000 width=128) (actual time=4.12..84.10 rows=320000 loops=1) Buffers: shared hit=3200
[2026-09-29T10:01:33.500+0000] {pod_manager.py:315} INFO - [base] 10:01:33 | Thread 3: OK created sql table model intermediate.int_session_attribution_hop_055 [CREATE TABLE (320,000 rows in 1.42s)]
[2026-09-29T10:01:33.500+0000] {pod_manager.py:315} INFO - [base] 10:01:33 | cgroup memory stats: rss=1252MiB, cache=48MiB, swap=0MiB (usage: 61.1% of 2048Mi limit)
[2026-09-29T10:01:34.000+0000] {pod_manager.py:315} INFO - [base] 10:01:34 | Thread 3: START sql table model intermediate.int_session_attribution_hop_056 ..... [RUN]
[2026-09-29T10:01:34.000+0000] {pod_manager.py:315} INFO - [base] 10:01:34 | Thread 3: Hash Join (cost=14800.00..49200.00 rows=320000 width=128) (actual time=4.12..84.10 rows=320000 loops=1) Buffers: shared hit=3200
[2026-09-29T10:01:34.000+0000] {pod_manager.py:315} INFO - [base] 10:01:34 | Thread 3: OK created sql table model intermediate.int_session_attribution_hop_056 [CREATE TABLE (320,000 rows in 1.42s)]
[2026-09-29T10:01:34.000+0000] {pod_manager.py:315} INFO - [base] 10:01:34 | cgroup memory stats: rss=1258MiB, cache=48MiB, swap=0MiB (usage: 61.4% of 2048Mi limit)
[2026-09-29T10:01:34.500+0000] {pod_manager.py:315} INFO - [base] 10:01:34 | Thread 3: START sql table model intermediate.int_session_attribution_hop_057 ..... [RUN]
[2026-09-29T10:01:34.500+0000] {pod_manager.py:315} INFO - [base] 10:01:34 | Thread 3: Hash Join (cost=14800.00..49200.00 rows=320000 width=128) (actual time=4.12..84.10 rows=320000 loops=1) Buffers: shared hit=3200
[2026-09-29T10:01:34.500+0000] {pod_manager.py:315} INFO - [base] 10:01:34 | Thread 3: OK created sql table model intermediate.int_session_attribution_hop_057 [CREATE TABLE (320,000 rows in 1.42s)]
[2026-09-29T10:01:34.500+0000] {pod_manager.py:315} INFO - [base] 10:01:34 | cgroup memory stats: rss=1263MiB, cache=48MiB, swap=0MiB (usage: 61.7% of 2048Mi limit)
[2026-09-29T10:01:35.000+0000] {pod_manager.py:315} INFO - [base] 10:01:35 | Thread 3: START sql table model intermediate.int_session_attribution_hop_058 ..... [RUN]
[2026-09-29T10:01:35.000+0000] {pod_manager.py:315} INFO - [base] 10:01:35 | Thread 3: Hash Join (cost=14800.00..49200.00 rows=320000 width=128) (actual time=4.12..84.10 rows=320000 loops=1) Buffers: shared hit=3200
[2026-09-29T10:01:35.000+0000] {pod_manager.py:315} INFO - [base] 10:01:35 | Thread 3: OK created sql table model intermediate.int_session_attribution_hop_058 [CREATE TABLE (320,000 rows in 1.42s)]
[2026-09-29T10:01:35.000+0000] {pod_manager.py:315} INFO - [base] 10:01:35 | cgroup memory stats: rss=1269MiB, cache=48MiB, swap=0MiB (usage: 62.0% of 2048Mi limit)
[2026-09-29T10:01:35.500+0000] {pod_manager.py:315} INFO - [base] 10:01:35 | Thread 3: START sql table model intermediate.int_session_attribution_hop_059 ..... [RUN]
[2026-09-29T10:01:35.500+0000] {pod_manager.py:315} INFO - [base] 10:01:35 | Thread 3: Hash Join (cost=14800.00..49200.00 rows=320000 width=128) (actual time=4.12..84.10 rows=320000 loops=1) Buffers: shared hit=3200
[2026-09-29T10:01:35.500+0000] {pod_manager.py:315} INFO - [base] 10:01:35 | Thread 3: OK created sql table model intermediate.int_session_attribution_hop_059 [CREATE TABLE (320,000 rows in 1.42s)]
[2026-09-29T10:01:35.500+0000] {pod_manager.py:315} INFO - [base] 10:01:35 | cgroup memory stats: rss=1274MiB, cache=48MiB, swap=0MiB (usage: 62.2% of 2048Mi limit)
[2026-09-29T10:01:36.000+0000] {pod_manager.py:315} INFO - [base] 10:01:36 | Thread 3: START sql table model intermediate.int_session_attribution_hop_060 ..... [RUN]
[2026-09-29T10:01:36.000+0000] {pod_manager.py:315} INFO - [base] 10:01:36 | Thread 3: Hash Join (cost=14800.00..49200.00 rows=320000 width=128) (actual time=4.12..84.10 rows=320000 loops=1) Buffers: shared hit=3200
[2026-09-29T10:01:36.000+0000] {pod_manager.py:315} INFO - [base] 10:01:36 | Thread 3: OK created sql table model intermediate.int_session_attribution_hop_060 [CREATE TABLE (320,000 rows in 1.42s)]
[2026-09-29T10:01:36.000+0000] {pod_manager.py:315} INFO - [base] 10:01:36 | cgroup memory stats: rss=1280MiB, cache=48MiB, swap=0MiB (usage: 62.5% of 2048Mi limit)
[2026-09-29T10:01:36.500+0000] {pod_manager.py:315} INFO - [base] 10:01:36 | Thread 3: START sql table model intermediate.int_session_attribution_hop_061 ..... [RUN]
[2026-09-29T10:01:36.500+0000] {pod_manager.py:315} INFO - [base] 10:01:36 | Thread 3: Hash Join (cost=14800.00..49200.00 rows=320000 width=128) (actual time=4.12..84.10 rows=320000 loops=1) Buffers: shared hit=3200
[2026-09-29T10:01:36.500+0000] {pod_manager.py:315} INFO - [base] 10:01:36 | Thread 3: OK created sql table model intermediate.int_session_attribution_hop_061 [CREATE TABLE (320,000 rows in 1.42s)]
[2026-09-29T10:01:36.500+0000] {pod_manager.py:315} INFO - [base] 10:01:36 | cgroup memory stats: rss=1285MiB, cache=48MiB, swap=0MiB (usage: 62.7% of 2048Mi limit)
[2026-09-29T10:01:37.000+0000] {pod_manager.py:315} INFO - [base] 10:01:37 | Thread 3: START sql table model intermediate.int_session_attribution_hop_062 ..... [RUN]
[2026-09-29T10:01:37.000+0000] {pod_manager.py:315} INFO - [base] 10:01:37 | Thread 3: Hash Join (cost=14800.00..49200.00 rows=320000 width=128) (actual time=4.12..84.10 rows=320000 loops=1) Buffers: shared hit=3200
[2026-09-29T10:01:37.000+0000] {pod_manager.py:315} INFO - [base] 10:01:37 | Thread 3: OK created sql table model intermediate.int_session_attribution_hop_062 [CREATE TABLE (320,000 rows in 1.42s)]
[2026-09-29T10:01:37.000+0000] {pod_manager.py:315} INFO - [base] 10:01:37 | cgroup memory stats: rss=1291MiB, cache=48MiB, swap=0MiB (usage: 63.0% of 2048Mi limit)
[2026-09-29T10:01:37.500+0000] {pod_manager.py:315} INFO - [base] 10:01:37 | Thread 3: START sql table model intermediate.int_session_attribution_hop_063 ..... [RUN]
[2026-09-29T10:01:37.500+0000] {pod_manager.py:315} INFO - [base] 10:01:37 | Thread 3: Hash Join (cost=14800.00..49200.00 rows=320000 width=128) (actual time=4.12..84.10 rows=320000 loops=1) Buffers: shared hit=3200
[2026-09-29T10:01:37.500+0000] {pod_manager.py:315} INFO - [base] 10:01:37 | Thread 3: OK created sql table model intermediate.int_session_attribution_hop_063 [CREATE TABLE (320,000 rows in 1.42s)]
[2026-09-29T10:01:37.500+0000] {pod_manager.py:315} INFO - [base] 10:01:37 | cgroup memory stats: rss=1296MiB, cache=48MiB, swap=0MiB (usage: 63.3% of 2048Mi limit)
[2026-09-29T10:01:38.000+0000] {pod_manager.py:315} INFO - [base] 10:01:38 | Thread 3: START sql table model intermediate.int_session_attribution_hop_064 ..... [RUN]
[2026-09-29T10:01:38.000+0000] {pod_manager.py:315} INFO - [base] 10:01:38 | Thread 3: Hash Join (cost=14800.00..49200.00 rows=320000 width=128) (actual time=4.12..84.10 rows=320000 loops=1) Buffers: shared hit=3200
[2026-09-29T10:01:38.000+0000] {pod_manager.py:315} INFO - [base] 10:01:38 | Thread 3: OK created sql table model intermediate.int_session_attribution_hop_064 [CREATE TABLE (320,000 rows in 1.42s)]
[2026-09-29T10:01:38.000+0000] {pod_manager.py:315} INFO - [base] 10:01:38 | cgroup memory stats: rss=1302MiB, cache=48MiB, swap=0MiB (usage: 63.6% of 2048Mi limit)
[2026-09-29T10:01:38.500+0000] {pod_manager.py:315} INFO - [base] 10:01:38 | Thread 3: START sql table model intermediate.int_session_attribution_hop_065 ..... [RUN]
[2026-09-29T10:01:38.500+0000] {pod_manager.py:315} INFO - [base] 10:01:38 | Thread 3: Hash Join (cost=14800.00..49200.00 rows=320000 width=128) (actual time=4.12..84.10 rows=320000 loops=1) Buffers: shared hit=3200
[2026-09-29T10:01:38.500+0000] {pod_manager.py:315} INFO - [base] 10:01:38 | Thread 3: OK created sql table model intermediate.int_session_attribution_hop_065 [CREATE TABLE (320,000 rows in 1.42s)]
[2026-09-29T10:01:38.500+0000] {pod_manager.py:315} INFO - [base] 10:01:38 | cgroup memory stats: rss=1307MiB, cache=48MiB, swap=0MiB (usage: 63.8% of 2048Mi limit)
[2026-09-29T10:01:39.000+0000] {pod_manager.py:315} INFO - [base] 10:01:39 | Thread 3: START sql table model intermediate.int_session_attribution_hop_066 ..... [RUN]
[2026-09-29T10:01:39.000+0000] {pod_manager.py:315} INFO - [base] 10:01:39 | Thread 3: Hash Join (cost=14800.00..49200.00 rows=320000 width=128) (actual time=4.12..84.10 rows=320000 loops=1) Buffers: shared hit=3200
[2026-09-29T10:01:39.000+0000] {pod_manager.py:315} INFO - [base] 10:01:39 | Thread 3: OK created sql table model intermediate.int_session_attribution_hop_066 [CREATE TABLE (320,000 rows in 1.42s)]
[2026-09-29T10:01:39.000+0000] {pod_manager.py:315} INFO - [base] 10:01:39 | cgroup memory stats: rss=1313MiB, cache=48MiB, swap=0MiB (usage: 64.1% of 2048Mi limit)
[2026-09-29T10:01:39.500+0000] {pod_manager.py:315} INFO - [base] 10:01:39 | Thread 3: START sql table model intermediate.int_session_attribution_hop_067 ..... [RUN]
[2026-09-29T10:01:39.500+0000] {pod_manager.py:315} INFO - [base] 10:01:39 | Thread 3: Hash Join (cost=14800.00..49200.00 rows=320000 width=128) (actual time=4.12..84.10 rows=320000 loops=1) Buffers: shared hit=3200
[2026-09-29T10:01:39.500+0000] {pod_manager.py:315} INFO - [base] 10:01:39 | Thread 3: OK created sql table model intermediate.int_session_attribution_hop_067 [CREATE TABLE (320,000 rows in 1.42s)]
[2026-09-29T10:01:39.500+0000] {pod_manager.py:315} INFO - [base] 10:01:39 | cgroup memory stats: rss=1318MiB, cache=48MiB, swap=0MiB (usage: 64.4% of 2048Mi limit)
[2026-09-29T10:01:40.000+0000] {pod_manager.py:315} INFO - [base] 10:01:40 | Thread 3: START sql table model intermediate.int_session_attribution_hop_068 ..... [RUN]
[2026-09-29T10:01:40.000+0000] {pod_manager.py:315} INFO - [base] 10:01:40 | Thread 3: Hash Join (cost=14800.00..49200.00 rows=320000 width=128) (actual time=4.12..84.10 rows=320000 loops=1) Buffers: shared hit=3200
[2026-09-29T10:01:40.000+0000] {pod_manager.py:315} INFO - [base] 10:01:40 | Thread 3: OK created sql table model intermediate.int_session_attribution_hop_068 [CREATE TABLE (320,000 rows in 1.42s)]
[2026-09-29T10:01:40.000+0000] {pod_manager.py:315} INFO - [base] 10:01:40 | cgroup memory stats: rss=1324MiB, cache=48MiB, swap=0MiB (usage: 64.6% of 2048Mi limit)
[2026-09-29T10:01:40.500+0000] {pod_manager.py:315} INFO - [base] 10:01:40 | Thread 3: START sql table model intermediate.int_session_attribution_hop_069 ..... [RUN]
[2026-09-29T10:01:40.500+0000] {pod_manager.py:315} INFO - [base] 10:01:40 | Thread 3: Hash Join (cost=14800.00..49200.00 rows=320000 width=128) (actual time=4.12..84.10 rows=320000 loops=1) Buffers: shared hit=3200
[2026-09-29T10:01:40.500+0000] {pod_manager.py:315} INFO - [base] 10:01:40 | Thread 3: OK created sql table model intermediate.int_session_attribution_hop_069 [CREATE TABLE (320,000 rows in 1.42s)]
[2026-09-29T10:01:40.500+0000] {pod_manager.py:315} INFO - [base] 10:01:40 | cgroup memory stats: rss=1329MiB, cache=48MiB, swap=0MiB (usage: 64.9% of 2048Mi limit)
[2026-09-29T10:01:41.000+0000] {pod_manager.py:315} INFO - [base] 10:01:41 | Thread 3: START sql table model intermediate.int_session_attribution_hop_070 ..... [RUN]
[2026-09-29T10:01:41.000+0000] {pod_manager.py:315} INFO - [base] 10:01:41 | Thread 3: Hash Join (cost=14800.00..49200.00 rows=320000 width=128) (actual time=4.12..84.10 rows=320000 loops=1) Buffers: shared hit=3200
[2026-09-29T10:01:41.000+0000] {pod_manager.py:315} INFO - [base] 10:01:41 | Thread 3: OK created sql table model intermediate.int_session_attribution_hop_070 [CREATE TABLE (320,000 rows in 1.42s)]
[2026-09-29T10:01:41.000+0000] {pod_manager.py:315} INFO - [base] 10:01:41 | cgroup memory stats: rss=1335MiB, cache=48MiB, swap=0MiB (usage: 65.2% of 2048Mi limit)
[2026-09-29T10:01:41.500+0000] {pod_manager.py:315} INFO - [base] 10:01:41 | Thread 3: START sql table model intermediate.int_session_attribution_hop_071 ..... [RUN]
[2026-09-29T10:01:41.500+0000] {pod_manager.py:315} INFO - [base] 10:01:41 | Thread 3: Hash Join (cost=14800.00..49200.00 rows=320000 width=128) (actual time=4.12..84.10 rows=320000 loops=1) Buffers: shared hit=3200
[2026-09-29T10:01:41.500+0000] {pod_manager.py:315} INFO - [base] 10:01:41 | Thread 3: OK created sql table model intermediate.int_session_attribution_hop_071 [CREATE TABLE (320,000 rows in 1.42s)]
[2026-09-29T10:01:41.500+0000] {pod_manager.py:315} INFO - [base] 10:01:41 | cgroup memory stats: rss=1340MiB, cache=48MiB, swap=0MiB (usage: 65.4% of 2048Mi limit)
[2026-09-29T10:01:42.000+0000] {pod_manager.py:315} INFO - [base] 10:01:42 | Thread 3: START sql table model intermediate.int_session_attribution_hop_072 ..... [RUN]
[2026-09-29T10:01:42.000+0000] {pod_manager.py:315} INFO - [base] 10:01:42 | Thread 3: Hash Join (cost=14800.00..49200.00 rows=320000 width=128) (actual time=4.12..84.10 rows=320000 loops=1) Buffers: shared hit=3200
[2026-09-29T10:01:42.000+0000] {pod_manager.py:315} INFO - [base] 10:01:42 | Thread 3: OK created sql table model intermediate.int_session_attribution_hop_072 [CREATE TABLE (320,000 rows in 1.42s)]
[2026-09-29T10:01:42.000+0000] {pod_manager.py:315} INFO - [base] 10:01:42 | cgroup memory stats: rss=1346MiB, cache=48MiB, swap=0MiB (usage: 65.7% of 2048Mi limit)
[2026-09-29T10:01:42.500+0000] {pod_manager.py:315} INFO - [base] 10:01:42 | Thread 3: START sql table model intermediate.int_session_attribution_hop_073 ..... [RUN]
[2026-09-29T10:01:42.500+0000] {pod_manager.py:315} INFO - [base] 10:01:42 | Thread 3: Hash Join (cost=14800.00..49200.00 rows=320000 width=128) (actual time=4.12..84.10 rows=320000 loops=1) Buffers: shared hit=3200
[2026-09-29T10:01:42.500+0000] {pod_manager.py:315} INFO - [base] 10:01:42 | Thread 3: OK created sql table model intermediate.int_session_attribution_hop_073 [CREATE TABLE (320,000 rows in 1.42s)]
[2026-09-29T10:01:42.500+0000] {pod_manager.py:315} INFO - [base] 10:01:42 | cgroup memory stats: rss=1351MiB, cache=48MiB, swap=0MiB (usage: 66.0% of 2048Mi limit)
[2026-09-29T10:01:43.000+0000] {pod_manager.py:315} INFO - [base] 10:01:43 | Thread 3: START sql table model intermediate.int_session_attribution_hop_074 ..... [RUN]
[2026-09-29T10:01:43.000+0000] {pod_manager.py:315} INFO - [base] 10:01:43 | Thread 3: Hash Join (cost=14800.00..49200.00 rows=320000 width=128) (actual time=4.12..84.10 rows=320000 loops=1) Buffers: shared hit=3200
[2026-09-29T10:01:43.000+0000] {pod_manager.py:315} INFO - [base] 10:01:43 | Thread 3: OK created sql table model intermediate.int_session_attribution_hop_074 [CREATE TABLE (320,000 rows in 1.42s)]
[2026-09-29T10:01:43.000+0000] {pod_manager.py:315} INFO - [base] 10:01:43 | cgroup memory stats: rss=1357MiB, cache=48MiB, swap=0MiB (usage: 66.3% of 2048Mi limit)
[2026-09-29T10:01:43.500+0000] {pod_manager.py:315} INFO - [base] 10:01:43 | Thread 3: START sql table model intermediate.int_session_attribution_hop_075 ..... [RUN]
[2026-09-29T10:01:43.500+0000] {pod_manager.py:315} INFO - [base] 10:01:43 | Thread 3: Hash Join (cost=14800.00..49200.00 rows=320000 width=128) (actual time=4.12..84.10 rows=320000 loops=1) Buffers: shared hit=3200
[2026-09-29T10:01:43.500+0000] {pod_manager.py:315} INFO - [base] 10:01:43 | Thread 3: OK created sql table model intermediate.int_session_attribution_hop_075 [CREATE TABLE (320,000 rows in 1.42s)]
[2026-09-29T10:01:43.500+0000] {pod_manager.py:315} INFO - [base] 10:01:43 | cgroup memory stats: rss=1362MiB, cache=48MiB, swap=0MiB (usage: 66.5% of 2048Mi limit)
[2026-09-29T10:01:44.000+0000] {pod_manager.py:315} INFO - [base] 10:01:44 | Thread 3: START sql table model intermediate.int_session_attribution_hop_076 ..... [RUN]
[2026-09-29T10:01:44.000+0000] {pod_manager.py:315} INFO - [base] 10:01:44 | Thread 3: Hash Join (cost=14800.00..49200.00 rows=320000 width=128) (actual time=4.12..84.10 rows=320000 loops=1) Buffers: shared hit=3200
[2026-09-29T10:01:44.000+0000] {pod_manager.py:315} INFO - [base] 10:01:44 | Thread 3: OK created sql table model intermediate.int_session_attribution_hop_076 [CREATE TABLE (320,000 rows in 1.42s)]
[2026-09-29T10:01:44.000+0000] {pod_manager.py:315} INFO - [base] 10:01:44 | cgroup memory stats: rss=1368MiB, cache=48MiB, swap=0MiB (usage: 66.8% of 2048Mi limit)
[2026-09-29T10:01:44.500+0000] {pod_manager.py:315} INFO - [base] 10:01:44 | Thread 3: START sql table model intermediate.int_session_attribution_hop_077 ..... [RUN]
[2026-09-29T10:01:44.500+0000] {pod_manager.py:315} INFO - [base] 10:01:44 | Thread 3: Hash Join (cost=14800.00..49200.00 rows=320000 width=128) (actual time=4.12..84.10 rows=320000 loops=1) Buffers: shared hit=3200
[2026-09-29T10:01:44.500+0000] {pod_manager.py:315} INFO - [base] 10:01:44 | Thread 3: OK created sql table model intermediate.int_session_attribution_hop_077 [CREATE TABLE (320,000 rows in 1.42s)]
[2026-09-29T10:01:44.500+0000] {pod_manager.py:315} INFO - [base] 10:01:44 | cgroup memory stats: rss=1373MiB, cache=48MiB, swap=0MiB (usage: 67.0% of 2048Mi limit)
[2026-09-29T10:01:45.000+0000] {pod_manager.py:315} INFO - [base] 10:01:45 | Thread 3: START sql table model intermediate.int_session_attribution_hop_078 ..... [RUN]
[2026-09-29T10:01:45.000+0000] {pod_manager.py:315} INFO - [base] 10:01:45 | Thread 3: Hash Join (cost=14800.00..49200.00 rows=320000 width=128) (actual time=4.12..84.10 rows=320000 loops=1) Buffers: shared hit=3200
[2026-09-29T10:01:45.000+0000] {pod_manager.py:315} INFO - [base] 10:01:45 | Thread 3: OK created sql table model intermediate.int_session_attribution_hop_078 [CREATE TABLE (320,000 rows in 1.42s)]
[2026-09-29T10:01:45.000+0000] {pod_manager.py:315} INFO - [base] 10:01:45 | cgroup memory stats: rss=1379MiB, cache=48MiB, swap=0MiB (usage: 67.3% of 2048Mi limit)
[2026-09-29T10:01:45.500+0000] {pod_manager.py:315} INFO - [base] 10:01:45 | Thread 3: START sql table model intermediate.int_session_attribution_hop_079 ..... [RUN]
[2026-09-29T10:01:45.500+0000] {pod_manager.py:315} INFO - [base] 10:01:45 | Thread 3: Hash Join (cost=14800.00..49200.00 rows=320000 width=128) (actual time=4.12..84.10 rows=320000 loops=1) Buffers: shared hit=3200
[2026-09-29T10:01:45.500+0000] {pod_manager.py:315} INFO - [base] 10:01:45 | Thread 3: OK created sql table model intermediate.int_session_attribution_hop_079 [CREATE TABLE (320,000 rows in 1.42s)]
[2026-09-29T10:01:45.500+0000] {pod_manager.py:315} INFO - [base] 10:01:45 | cgroup memory stats: rss=1384MiB, cache=48MiB, swap=0MiB (usage: 67.6% of 2048Mi limit)
[2026-09-29T10:01:46.000+0000] {pod_manager.py:315} INFO - [base] 10:01:46 | Thread 3: START sql table model intermediate.int_session_attribution_hop_080 ..... [RUN]
[2026-09-29T10:01:46.000+0000] {pod_manager.py:315} INFO - [base] 10:01:46 | Thread 3: Hash Join (cost=14800.00..49200.00 rows=320000 width=128) (actual time=4.12..84.10 rows=320000 loops=1) Buffers: shared hit=3200
[2026-09-29T10:01:46.000+0000] {pod_manager.py:315} INFO - [base] 10:01:46 | Thread 3: OK created sql table model intermediate.int_session_attribution_hop_080 [CREATE TABLE (320,000 rows in 1.42s)]
[2026-09-29T10:01:46.000+0000] {pod_manager.py:315} INFO - [base] 10:01:46 | cgroup memory stats: rss=1390MiB, cache=48MiB, swap=0MiB (usage: 67.9% of 2048Mi limit)
[2026-09-29T10:01:46.500+0000] {pod_manager.py:315} INFO - [base] 10:01:46 | Thread 3: START sql table model intermediate.int_session_attribution_hop_081 ..... [RUN]
[2026-09-29T10:01:46.500+0000] {pod_manager.py:315} INFO - [base] 10:01:46 | Thread 3: Hash Join (cost=14800.00..49200.00 rows=320000 width=128) (actual time=4.12..84.10 rows=320000 loops=1) Buffers: shared hit=3200
[2026-09-29T10:01:46.500+0000] {pod_manager.py:315} INFO - [base] 10:01:46 | Thread 3: OK created sql table model intermediate.int_session_attribution_hop_081 [CREATE TABLE (320,000 rows in 1.42s)]
[2026-09-29T10:01:46.500+0000] {pod_manager.py:315} INFO - [base] 10:01:46 | cgroup memory stats: rss=1395MiB, cache=48MiB, swap=0MiB (usage: 68.1% of 2048Mi limit)
[2026-09-29T10:01:47.000+0000] {pod_manager.py:315} INFO - [base] 10:01:47 | Thread 3: START sql table model intermediate.int_session_attribution_hop_082 ..... [RUN]
[2026-09-29T10:01:47.000+0000] {pod_manager.py:315} INFO - [base] 10:01:47 | Thread 3: Hash Join (cost=14800.00..49200.00 rows=320000 width=128) (actual time=4.12..84.10 rows=320000 loops=1) Buffers: shared hit=3200
[2026-09-29T10:01:47.000+0000] {pod_manager.py:315} INFO - [base] 10:01:47 | Thread 3: OK created sql table model intermediate.int_session_attribution_hop_082 [CREATE TABLE (320,000 rows in 1.42s)]
[2026-09-29T10:01:47.000+0000] {pod_manager.py:315} INFO - [base] 10:01:47 | cgroup memory stats: rss=1401MiB, cache=48MiB, swap=0MiB (usage: 68.4% of 2048Mi limit)
[2026-09-29T10:01:47.500+0000] {pod_manager.py:315} INFO - [base] 10:01:47 | Thread 3: START sql table model intermediate.int_session_attribution_hop_083 ..... [RUN]
[2026-09-29T10:01:47.500+0000] {pod_manager.py:315} INFO - [base] 10:01:47 | Thread 3: Hash Join (cost=14800.00..49200.00 rows=320000 width=128) (actual time=4.12..84.10 rows=320000 loops=1) Buffers: shared hit=3200
[2026-09-29T10:01:47.500+0000] {pod_manager.py:315} INFO - [base] 10:01:47 | Thread 3: OK created sql table model intermediate.int_session_attribution_hop_083 [CREATE TABLE (320,000 rows in 1.42s)]
[2026-09-29T10:01:47.500+0000] {pod_manager.py:315} INFO - [base] 10:01:47 | cgroup memory stats: rss=1406MiB, cache=48MiB, swap=0MiB (usage: 68.7% of 2048Mi limit)
[2026-09-29T10:01:48.000+0000] {pod_manager.py:315} INFO - [base] 10:01:48 | Thread 3: START sql table model intermediate.int_session_attribution_hop_084 ..... [RUN]
[2026-09-29T10:01:48.000+0000] {pod_manager.py:315} INFO - [base] 10:01:48 | Thread 3: Hash Join (cost=14800.00..49200.00 rows=320000 width=128) (actual time=4.12..84.10 rows=320000 loops=1) Buffers: shared hit=3200
[2026-09-29T10:01:48.000+0000] {pod_manager.py:315} INFO - [base] 10:01:48 | Thread 3: OK created sql table model intermediate.int_session_attribution_hop_084 [CREATE TABLE (320,000 rows in 1.42s)]
[2026-09-29T10:01:48.000+0000] {pod_manager.py:315} INFO - [base] 10:01:48 | cgroup memory stats: rss=1412MiB, cache=48MiB, swap=0MiB (usage: 68.9% of 2048Mi limit)
[2026-09-29T10:01:48.500+0000] {pod_manager.py:315} INFO - [base] 10:01:48 | Thread 3: START sql table model intermediate.int_session_attribution_hop_085 ..... [RUN]
[2026-09-29T10:01:48.500+0000] {pod_manager.py:315} INFO - [base] 10:01:48 | Thread 3: Hash Join (cost=14800.00..49200.00 rows=320000 width=128) (actual time=4.12..84.10 rows=320000 loops=1) Buffers: shared hit=3200
[2026-09-29T10:01:48.500+0000] {pod_manager.py:315} INFO - [base] 10:01:48 | Thread 3: OK created sql table model intermediate.int_session_attribution_hop_085 [CREATE TABLE (320,000 rows in 1.42s)]
[2026-09-29T10:01:48.500+0000] {pod_manager.py:315} INFO - [base] 10:01:48 | cgroup memory stats: rss=1417MiB, cache=48MiB, swap=0MiB (usage: 69.2% of 2048Mi limit)
[2026-09-29T10:01:49.000+0000] {pod_manager.py:315} INFO - [base] 10:01:49 | Thread 3: START sql table model intermediate.int_session_attribution_hop_086 ..... [RUN]
[2026-09-29T10:01:49.000+0000] {pod_manager.py:315} INFO - [base] 10:01:49 | Thread 3: Hash Join (cost=14800.00..49200.00 rows=320000 width=128) (actual time=4.12..84.10 rows=320000 loops=1) Buffers: shared hit=3200
[2026-09-29T10:01:49.000+0000] {pod_manager.py:315} INFO - [base] 10:01:49 | Thread 3: OK created sql table model intermediate.int_session_attribution_hop_086 [CREATE TABLE (320,000 rows in 1.42s)]
[2026-09-29T10:01:49.000+0000] {pod_manager.py:315} INFO - [base] 10:01:49 | cgroup memory stats: rss=1423MiB, cache=48MiB, swap=0MiB (usage: 69.5% of 2048Mi limit)
[2026-09-29T10:01:49.500+0000] {pod_manager.py:315} INFO - [base] 10:01:49 | Thread 3: START sql table model intermediate.int_session_attribution_hop_087 ..... [RUN]
[2026-09-29T10:01:49.500+0000] {pod_manager.py:315} INFO - [base] 10:01:49 | Thread 3: Hash Join (cost=14800.00..49200.00 rows=320000 width=128) (actual time=4.12..84.10 rows=320000 loops=1) Buffers: shared hit=3200
[2026-09-29T10:01:49.500+0000] {pod_manager.py:315} INFO - [base] 10:01:49 | Thread 3: OK created sql table model intermediate.int_session_attribution_hop_087 [CREATE TABLE (320,000 rows in 1.42s)]
[2026-09-29T10:01:49.500+0000] {pod_manager.py:315} INFO - [base] 10:01:49 | cgroup memory stats: rss=1428MiB, cache=48MiB, swap=0MiB (usage: 69.7% of 2048Mi limit)
[2026-09-29T10:01:50.000+0000] {pod_manager.py:315} INFO - [base] 10:01:50 | Thread 3: START sql table model intermediate.int_session_attribution_hop_088 ..... [RUN]
[2026-09-29T10:01:50.000+0000] {pod_manager.py:315} INFO - [base] 10:01:50 | Thread 3: Hash Join (cost=14800.00..49200.00 rows=320000 width=128) (actual time=4.12..84.10 rows=320000 loops=1) Buffers: shared hit=3200
[2026-09-29T10:01:50.000+0000] {pod_manager.py:315} INFO - [base] 10:01:50 | Thread 3: OK created sql table model intermediate.int_session_attribution_hop_088 [CREATE TABLE (320,000 rows in 1.42s)]
[2026-09-29T10:01:50.000+0000] {pod_manager.py:315} INFO - [base] 10:01:50 | cgroup memory stats: rss=1434MiB, cache=48MiB, swap=0MiB (usage: 70.0% of 2048Mi limit)
[2026-09-29T10:01:50.500+0000] {pod_manager.py:315} INFO - [base] 10:01:50 | Thread 3: START sql table model intermediate.int_session_attribution_hop_089 ..... [RUN]
[2026-09-29T10:01:50.500+0000] {pod_manager.py:315} INFO - [base] 10:01:50 | Thread 3: Hash Join (cost=14800.00..49200.00 rows=320000 width=128) (actual time=4.12..84.10 rows=320000 loops=1) Buffers: shared hit=3200
[2026-09-29T10:01:50.500+0000] {pod_manager.py:315} INFO - [base] 10:01:50 | Thread 3: OK created sql table model intermediate.int_session_attribution_hop_089 [CREATE TABLE (320,000 rows in 1.42s)]
[2026-09-29T10:01:50.500+0000] {pod_manager.py:315} INFO - [base] 10:01:50 | cgroup memory stats: rss=1439MiB, cache=48MiB, swap=0MiB (usage: 70.3% of 2048Mi limit)
[2026-09-29T10:01:51.000+0000] {pod_manager.py:315} INFO - [base] 10:01:51 | Thread 3: START sql table model intermediate.int_session_attribution_hop_090 ..... [RUN]
[2026-09-29T10:01:51.000+0000] {pod_manager.py:315} INFO - [base] 10:01:51 | Thread 3: Hash Join (cost=14800.00..49200.00 rows=320000 width=128) (actual time=4.12..84.10 rows=320000 loops=1) Buffers: shared hit=3200
[2026-09-29T10:01:51.000+0000] {pod_manager.py:315} INFO - [base] 10:01:51 | Thread 3: OK created sql table model intermediate.int_session_attribution_hop_090 [CREATE TABLE (320,000 rows in 1.42s)]
[2026-09-29T10:01:51.000+0000] {pod_manager.py:315} INFO - [base] 10:01:51 | cgroup memory stats: rss=1445MiB, cache=48MiB, swap=0MiB (usage: 70.6% of 2048Mi limit)
[2026-09-29T10:01:51.500+0000] {pod_manager.py:315} INFO - [base] 10:01:51 | Thread 3: START sql table model intermediate.int_session_attribution_hop_091 ..... [RUN]
[2026-09-29T10:01:51.500+0000] {pod_manager.py:315} INFO - [base] 10:01:51 | Thread 3: Hash Join (cost=14800.00..49200.00 rows=320000 width=128) (actual time=4.12..84.10 rows=320000 loops=1) Buffers: shared hit=3200
[2026-09-29T10:01:51.500+0000] {pod_manager.py:315} INFO - [base] 10:01:51 | Thread 3: OK created sql table model intermediate.int_session_attribution_hop_091 [CREATE TABLE (320,000 rows in 1.42s)]
[2026-09-29T10:01:51.500+0000] {pod_manager.py:315} INFO - [base] 10:01:51 | cgroup memory stats: rss=1450MiB, cache=48MiB, swap=0MiB (usage: 70.8% of 2048Mi limit)
[2026-09-29T10:01:52.000+0000] {pod_manager.py:315} INFO - [base] 10:01:52 | Thread 3: START sql table model intermediate.int_session_attribution_hop_092 ..... [RUN]
[2026-09-29T10:01:52.000+0000] {pod_manager.py:315} INFO - [base] 10:01:52 | Thread 3: Hash Join (cost=14800.00..49200.00 rows=320000 width=128) (actual time=4.12..84.10 rows=320000 loops=1) Buffers: shared hit=3200
[2026-09-29T10:01:52.000+0000] {pod_manager.py:315} INFO - [base] 10:01:52 | Thread 3: OK created sql table model intermediate.int_session_attribution_hop_092 [CREATE TABLE (320,000 rows in 1.42s)]
[2026-09-29T10:01:52.000+0000] {pod_manager.py:315} INFO - [base] 10:01:52 | cgroup memory stats: rss=1456MiB, cache=48MiB, swap=0MiB (usage: 71.1% of 2048Mi limit)
[2026-09-29T10:01:52.500+0000] {pod_manager.py:315} INFO - [base] 10:01:52 | Thread 3: START sql table model intermediate.int_session_attribution_hop_093 ..... [RUN]
[2026-09-29T10:01:52.500+0000] {pod_manager.py:315} INFO - [base] 10:01:52 | Thread 3: Hash Join (cost=14800.00..49200.00 rows=320000 width=128) (actual time=4.12..84.10 rows=320000 loops=1) Buffers: shared hit=3200
[2026-09-29T10:01:52.500+0000] {pod_manager.py:315} INFO - [base] 10:01:52 | Thread 3: OK created sql table model intermediate.int_session_attribution_hop_093 [CREATE TABLE (320,000 rows in 1.42s)]
[2026-09-29T10:01:52.500+0000] {pod_manager.py:315} INFO - [base] 10:01:52 | cgroup memory stats: rss=1461MiB, cache=48MiB, swap=0MiB (usage: 71.3% of 2048Mi limit)
[2026-09-29T10:01:53.000+0000] {pod_manager.py:315} INFO - [base] 10:01:53 | Thread 3: START sql table model intermediate.int_session_attribution_hop_094 ..... [RUN]
[2026-09-29T10:01:53.000+0000] {pod_manager.py:315} INFO - [base] 10:01:53 | Thread 3: Hash Join (cost=14800.00..49200.00 rows=320000 width=128) (actual time=4.12..84.10 rows=320000 loops=1) Buffers: shared hit=3200
[2026-09-29T10:01:53.000+0000] {pod_manager.py:315} INFO - [base] 10:01:53 | Thread 3: OK created sql table model intermediate.int_session_attribution_hop_094 [CREATE TABLE (320,000 rows in 1.42s)]
[2026-09-29T10:01:53.000+0000] {pod_manager.py:315} INFO - [base] 10:01:53 | cgroup memory stats: rss=1467MiB, cache=48MiB, swap=0MiB (usage: 71.6% of 2048Mi limit)
[2026-09-29T10:01:53.500+0000] {pod_manager.py:315} INFO - [base] 10:01:53 | Thread 3: START sql table model intermediate.int_session_attribution_hop_095 ..... [RUN]
[2026-09-29T10:01:53.500+0000] {pod_manager.py:315} INFO - [base] 10:01:53 | Thread 3: Hash Join (cost=14800.00..49200.00 rows=320000 width=128) (actual time=4.12..84.10 rows=320000 loops=1) Buffers: shared hit=3200
[2026-09-29T10:01:53.500+0000] {pod_manager.py:315} INFO - [base] 10:01:53 | Thread 3: OK created sql table model intermediate.int_session_attribution_hop_095 [CREATE TABLE (320,000 rows in 1.42s)]
[2026-09-29T10:01:53.500+0000] {pod_manager.py:315} INFO - [base] 10:01:53 | cgroup memory stats: rss=1472MiB, cache=48MiB, swap=0MiB (usage: 71.9% of 2048Mi limit)
[2026-09-29T10:01:54.000+0000] {pod_manager.py:315} INFO - [base] 10:01:54 | Thread 3: START sql table model intermediate.int_session_attribution_hop_096 ..... [RUN]
[2026-09-29T10:01:54.000+0000] {pod_manager.py:315} INFO - [base] 10:01:54 | Thread 3: Hash Join (cost=14800.00..49200.00 rows=320000 width=128) (actual time=4.12..84.10 rows=320000 loops=1) Buffers: shared hit=3200
[2026-09-29T10:01:54.000+0000] {pod_manager.py:315} INFO - [base] 10:01:54 | Thread 3: OK created sql table model intermediate.int_session_attribution_hop_096 [CREATE TABLE (320,000 rows in 1.42s)]
[2026-09-29T10:01:54.000+0000] {pod_manager.py:315} INFO - [base] 10:01:54 | cgroup memory stats: rss=1478MiB, cache=48MiB, swap=0MiB (usage: 72.2% of 2048Mi limit)
[2026-09-29T10:01:54.500+0000] {pod_manager.py:315} INFO - [base] 10:01:54 | Thread 3: START sql table model intermediate.int_session_attribution_hop_097 ..... [RUN]
[2026-09-29T10:01:54.500+0000] {pod_manager.py:315} INFO - [base] 10:01:54 | Thread 3: Hash Join (cost=14800.00..49200.00 rows=320000 width=128) (actual time=4.12..84.10 rows=320000 loops=1) Buffers: shared hit=3200
[2026-09-29T10:01:54.500+0000] {pod_manager.py:315} INFO - [base] 10:01:54 | Thread 3: OK created sql table model intermediate.int_session_attribution_hop_097 [CREATE TABLE (320,000 rows in 1.42s)]
[2026-09-29T10:01:54.500+0000] {pod_manager.py:315} INFO - [base] 10:01:54 | cgroup memory stats: rss=1483MiB, cache=48MiB, swap=0MiB (usage: 72.4% of 2048Mi limit)
[2026-09-29T10:01:55.000+0000] {pod_manager.py:315} INFO - [base] 10:01:55 | Thread 3: START sql table model intermediate.int_session_attribution_hop_098 ..... [RUN]
[2026-09-29T10:01:55.000+0000] {pod_manager.py:315} INFO - [base] 10:01:55 | Thread 3: Hash Join (cost=14800.00..49200.00 rows=320000 width=128) (actual time=4.12..84.10 rows=320000 loops=1) Buffers: shared hit=3200
[2026-09-29T10:01:55.000+0000] {pod_manager.py:315} INFO - [base] 10:01:55 | Thread 3: OK created sql table model intermediate.int_session_attribution_hop_098 [CREATE TABLE (320,000 rows in 1.42s)]
[2026-09-29T10:01:55.000+0000] {pod_manager.py:315} INFO - [base] 10:01:55 | cgroup memory stats: rss=1489MiB, cache=48MiB, swap=0MiB (usage: 72.7% of 2048Mi limit)
[2026-09-29T10:01:55.500+0000] {pod_manager.py:315} INFO - [base] 10:01:55 | Thread 3: START sql table model intermediate.int_session_attribution_hop_099 ..... [RUN]
[2026-09-29T10:01:55.500+0000] {pod_manager.py:315} INFO - [base] 10:01:55 | Thread 3: Hash Join (cost=14800.00..49200.00 rows=320000 width=128) (actual time=4.12..84.10 rows=320000 loops=1) Buffers: shared hit=3200
[2026-09-29T10:01:55.500+0000] {pod_manager.py:315} INFO - [base] 10:01:55 | Thread 3: OK created sql table model intermediate.int_session_attribution_hop_099 [CREATE TABLE (320,000 rows in 1.42s)]
[2026-09-29T10:01:55.500+0000] {pod_manager.py:315} INFO - [base] 10:01:55 | cgroup memory stats: rss=1494MiB, cache=48MiB, swap=0MiB (usage: 72.9% of 2048Mi limit)
[2026-09-29T10:01:56.000+0000] {pod_manager.py:315} INFO - [base] 10:01:56 | Thread 3: START sql table model intermediate.int_session_attribution_hop_100 ..... [RUN]
[2026-09-29T10:01:56.000+0000] {pod_manager.py:315} INFO - [base] 10:01:56 | Thread 3: Hash Join (cost=14800.00..49200.00 rows=320000 width=128) (actual time=4.12..84.10 rows=320000 loops=1) Buffers: shared hit=3200
[2026-09-29T10:01:56.000+0000] {pod_manager.py:315} INFO - [base] 10:01:56 | Thread 3: OK created sql table model intermediate.int_session_attribution_hop_100 [CREATE TABLE (320,000 rows in 1.42s)]
[2026-09-29T10:01:56.000+0000] {pod_manager.py:315} INFO - [base] 10:01:56 | cgroup memory stats: rss=1500MiB, cache=48MiB, swap=0MiB (usage: 73.2% of 2048Mi limit)
[2026-09-29T10:01:56.500+0000] {pod_manager.py:315} INFO - [base] 10:01:56 | Thread 3: START sql table model intermediate.int_session_attribution_hop_101 ..... [RUN]
[2026-09-29T10:01:56.500+0000] {pod_manager.py:315} INFO - [base] 10:01:56 | Thread 3: Hash Join (cost=14800.00..49200.00 rows=320000 width=128) (actual time=4.12..84.10 rows=320000 loops=1) Buffers: shared hit=3200
[2026-09-29T10:01:56.500+0000] {pod_manager.py:315} INFO - [base] 10:01:56 | Thread 3: OK created sql table model intermediate.int_session_attribution_hop_101 [CREATE TABLE (320,000 rows in 1.42s)]
[2026-09-29T10:01:56.500+0000] {pod_manager.py:315} INFO - [base] 10:01:56 | cgroup memory stats: rss=1505MiB, cache=48MiB, swap=0MiB (usage: 73.5% of 2048Mi limit)
[2026-09-29T10:01:57.000+0000] {pod_manager.py:315} INFO - [base] 10:01:57 | Thread 3: START sql table model intermediate.int_session_attribution_hop_102 ..... [RUN]
[2026-09-29T10:01:57.000+0000] {pod_manager.py:315} INFO - [base] 10:01:57 | Thread 3: Hash Join (cost=14800.00..49200.00 rows=320000 width=128) (actual time=4.12..84.10 rows=320000 loops=1) Buffers: shared hit=3200
[2026-09-29T10:01:57.000+0000] {pod_manager.py:315} INFO - [base] 10:01:57 | Thread 3: OK created sql table model intermediate.int_session_attribution_hop_102 [CREATE TABLE (320,000 rows in 1.42s)]
[2026-09-29T10:01:57.000+0000] {pod_manager.py:315} INFO - [base] 10:01:57 | cgroup memory stats: rss=1511MiB, cache=48MiB, swap=0MiB (usage: 73.8% of 2048Mi limit)
[2026-09-29T10:01:57.500+0000] {pod_manager.py:315} INFO - [base] 10:01:57 | Thread 3: START sql table model intermediate.int_session_attribution_hop_103 ..... [RUN]
[2026-09-29T10:01:57.500+0000] {pod_manager.py:315} INFO - [base] 10:01:57 | Thread 3: Hash Join (cost=14800.00..49200.00 rows=320000 width=128) (actual time=4.12..84.10 rows=320000 loops=1) Buffers: shared hit=3200
[2026-09-29T10:01:57.500+0000] {pod_manager.py:315} INFO - [base] 10:01:57 | Thread 3: OK created sql table model intermediate.int_session_attribution_hop_103 [CREATE TABLE (320,000 rows in 1.42s)]
[2026-09-29T10:01:57.500+0000] {pod_manager.py:315} INFO - [base] 10:01:57 | cgroup memory stats: rss=1516MiB, cache=48MiB, swap=0MiB (usage: 74.0% of 2048Mi limit)
[2026-09-29T10:01:58.000+0000] {pod_manager.py:315} INFO - [base] 10:01:58 | Thread 3: START sql table model intermediate.int_session_attribution_hop_104 ..... [RUN]
[2026-09-29T10:01:58.000+0000] {pod_manager.py:315} INFO - [base] 10:01:58 | Thread 3: Hash Join (cost=14800.00..49200.00 rows=320000 width=128) (actual time=4.12..84.10 rows=320000 loops=1) Buffers: shared hit=3200
[2026-09-29T10:01:58.000+0000] {pod_manager.py:315} INFO - [base] 10:01:58 | Thread 3: OK created sql table model intermediate.int_session_attribution_hop_104 [CREATE TABLE (320,000 rows in 1.42s)]
[2026-09-29T10:01:58.000+0000] {pod_manager.py:315} INFO - [base] 10:01:58 | cgroup memory stats: rss=1522MiB, cache=48MiB, swap=0MiB (usage: 74.3% of 2048Mi limit)
[2026-09-29T10:01:58.500+0000] {pod_manager.py:315} INFO - [base] 10:01:58 | Thread 3: START sql table model intermediate.int_session_attribution_hop_105 ..... [RUN]
[2026-09-29T10:01:58.500+0000] {pod_manager.py:315} INFO - [base] 10:01:58 | Thread 3: Hash Join (cost=14800.00..49200.00 rows=320000 width=128) (actual time=4.12..84.10 rows=320000 loops=1) Buffers: shared hit=3200
[2026-09-29T10:01:58.500+0000] {pod_manager.py:315} INFO - [base] 10:01:58 | Thread 3: OK created sql table model intermediate.int_session_attribution_hop_105 [CREATE TABLE (320,000 rows in 1.42s)]
[2026-09-29T10:01:58.500+0000] {pod_manager.py:315} INFO - [base] 10:01:58 | cgroup memory stats: rss=1527MiB, cache=48MiB, swap=0MiB (usage: 74.6% of 2048Mi limit)
[2026-09-29T10:01:59.000+0000] {pod_manager.py:315} INFO - [base] 10:01:59 | Thread 3: START sql table model intermediate.int_session_attribution_hop_106 ..... [RUN]
[2026-09-29T10:01:59.000+0000] {pod_manager.py:315} INFO - [base] 10:01:59 | Thread 3: Hash Join (cost=14800.00..49200.00 rows=320000 width=128) (actual time=4.12..84.10 rows=320000 loops=1) Buffers: shared hit=3200
[2026-09-29T10:01:59.000+0000] {pod_manager.py:315} INFO - [base] 10:01:59 | Thread 3: OK created sql table model intermediate.int_session_attribution_hop_106 [CREATE TABLE (320,000 rows in 1.42s)]
[2026-09-29T10:01:59.000+0000] {pod_manager.py:315} INFO - [base] 10:01:59 | cgroup memory stats: rss=1533MiB, cache=48MiB, swap=0MiB (usage: 74.9% of 2048Mi limit)
[2026-09-29T10:01:59.500+0000] {pod_manager.py:315} INFO - [base] 10:01:59 | Thread 3: START sql table model intermediate.int_session_attribution_hop_107 ..... [RUN]
[2026-09-29T10:01:59.500+0000] {pod_manager.py:315} INFO - [base] 10:01:59 | Thread 3: Hash Join (cost=14800.00..49200.00 rows=320000 width=128) (actual time=4.12..84.10 rows=320000 loops=1) Buffers: shared hit=3200
[2026-09-29T10:01:59.500+0000] {pod_manager.py:315} INFO - [base] 10:01:59 | Thread 3: OK created sql table model intermediate.int_session_attribution_hop_107 [CREATE TABLE (320,000 rows in 1.42s)]
[2026-09-29T10:01:59.500+0000] {pod_manager.py:315} INFO - [base] 10:01:59 | cgroup memory stats: rss=1538MiB, cache=48MiB, swap=0MiB (usage: 75.1% of 2048Mi limit)
[2026-09-29T10:02:00.000+0000] {pod_manager.py:315} INFO - [base] 10:02:00 | Thread 3: START sql table model intermediate.int_session_attribution_hop_108 ..... [RUN]
[2026-09-29T10:02:00.000+0000] {pod_manager.py:315} INFO - [base] 10:02:00 | Thread 3: Hash Join (cost=14800.00..49200.00 rows=320000 width=128) (actual time=4.12..84.10 rows=320000 loops=1) Buffers: shared hit=3200
[2026-09-29T10:02:00.000+0000] {pod_manager.py:315} INFO - [base] 10:02:00 | Thread 3: OK created sql table model intermediate.int_session_attribution_hop_108 [CREATE TABLE (320,000 rows in 1.42s)]
[2026-09-29T10:02:00.000+0000] {pod_manager.py:315} INFO - [base] 10:02:00 | cgroup memory stats: rss=1544MiB, cache=48MiB, swap=0MiB (usage: 75.4% of 2048Mi limit)
[2026-09-29T10:02:00.500+0000] {pod_manager.py:315} INFO - [base] 10:02:00 | Thread 3: START sql table model intermediate.int_session_attribution_hop_109 ..... [RUN]
[2026-09-29T10:02:00.500+0000] {pod_manager.py:315} INFO - [base] 10:02:00 | Thread 3: Hash Join (cost=14800.00..49200.00 rows=320000 width=128) (actual time=4.12..84.10 rows=320000 loops=1) Buffers: shared hit=3200
[2026-09-29T10:02:00.500+0000] {pod_manager.py:315} INFO - [base] 10:02:00 | Thread 3: OK created sql table model intermediate.int_session_attribution_hop_109 [CREATE TABLE (320,000 rows in 1.42s)]
[2026-09-29T10:02:00.500+0000] {pod_manager.py:315} INFO - [base] 10:02:00 | cgroup memory stats: rss=1549MiB, cache=48MiB, swap=0MiB (usage: 75.6% of 2048Mi limit)
[2026-09-29T10:02:01.000+0000] {pod_manager.py:315} INFO - [base] 10:02:01 | Thread 3: START sql table model intermediate.int_session_attribution_hop_110 ..... [RUN]
[2026-09-29T10:02:01.000+0000] {pod_manager.py:315} INFO - [base] 10:02:01 | Thread 3: Hash Join (cost=14800.00..49200.00 rows=320000 width=128) (actual time=4.12..84.10 rows=320000 loops=1) Buffers: shared hit=3200
[2026-09-29T10:02:01.000+0000] {pod_manager.py:315} INFO - [base] 10:02:01 | Thread 3: OK created sql table model intermediate.int_session_attribution_hop_110 [CREATE TABLE (320,000 rows in 1.42s)]
[2026-09-29T10:02:01.000+0000] {pod_manager.py:315} INFO - [base] 10:02:01 | cgroup memory stats: rss=1555MiB, cache=48MiB, swap=0MiB (usage: 75.9% of 2048Mi limit)
[2026-09-29T10:02:01.500+0000] {pod_manager.py:315} INFO - [base] 10:02:01 | Thread 3: START sql table model intermediate.int_session_attribution_hop_111 ..... [RUN]
[2026-09-29T10:02:01.500+0000] {pod_manager.py:315} INFO - [base] 10:02:01 | Thread 3: Hash Join (cost=14800.00..49200.00 rows=320000 width=128) (actual time=4.12..84.10 rows=320000 loops=1) Buffers: shared hit=3200
[2026-09-29T10:02:01.500+0000] {pod_manager.py:315} INFO - [base] 10:02:01 | Thread 3: OK created sql table model intermediate.int_session_attribution_hop_111 [CREATE TABLE (320,000 rows in 1.42s)]
[2026-09-29T10:02:01.500+0000] {pod_manager.py:315} INFO - [base] 10:02:01 | cgroup memory stats: rss=1560MiB, cache=48MiB, swap=0MiB (usage: 76.2% of 2048Mi limit)
[2026-09-29T10:02:02.000+0000] {pod_manager.py:315} INFO - [base] 10:02:02 | Thread 3: START sql table model intermediate.int_session_attribution_hop_112 ..... [RUN]
[2026-09-29T10:02:02.000+0000] {pod_manager.py:315} INFO - [base] 10:02:02 | Thread 3: Hash Join (cost=14800.00..49200.00 rows=320000 width=128) (actual time=4.12..84.10 rows=320000 loops=1) Buffers: shared hit=3200
[2026-09-29T10:02:02.000+0000] {pod_manager.py:315} INFO - [base] 10:02:02 | Thread 3: OK created sql table model intermediate.int_session_attribution_hop_112 [CREATE TABLE (320,000 rows in 1.42s)]
[2026-09-29T10:02:02.000+0000] {pod_manager.py:315} INFO - [base] 10:02:02 | cgroup memory stats: rss=1566MiB, cache=48MiB, swap=0MiB (usage: 76.5% of 2048Mi limit)
[2026-09-29T10:02:02.500+0000] {pod_manager.py:315} INFO - [base] 10:02:02 | Thread 3: START sql table model intermediate.int_session_attribution_hop_113 ..... [RUN]
[2026-09-29T10:02:02.500+0000] {pod_manager.py:315} INFO - [base] 10:02:02 | Thread 3: Hash Join (cost=14800.00..49200.00 rows=320000 width=128) (actual time=4.12..84.10 rows=320000 loops=1) Buffers: shared hit=3200
[2026-09-29T10:02:02.500+0000] {pod_manager.py:315} INFO - [base] 10:02:02 | Thread 3: OK created sql table model intermediate.int_session_attribution_hop_113 [CREATE TABLE (320,000 rows in 1.42s)]
[2026-09-29T10:02:02.500+0000] {pod_manager.py:315} INFO - [base] 10:02:02 | cgroup memory stats: rss=1571MiB, cache=48MiB, swap=0MiB (usage: 76.7% of 2048Mi limit)
[2026-09-29T10:02:03.000+0000] {pod_manager.py:315} INFO - [base] 10:02:03 | Thread 3: START sql table model intermediate.int_session_attribution_hop_114 ..... [RUN]
[2026-09-29T10:02:03.000+0000] {pod_manager.py:315} INFO - [base] 10:02:03 | Thread 3: Hash Join (cost=14800.00..49200.00 rows=320000 width=128) (actual time=4.12..84.10 rows=320000 loops=1) Buffers: shared hit=3200
[2026-09-29T10:02:03.000+0000] {pod_manager.py:315} INFO - [base] 10:02:03 | Thread 3: OK created sql table model intermediate.int_session_attribution_hop_114 [CREATE TABLE (320,000 rows in 1.42s)]
[2026-09-29T10:02:03.000+0000] {pod_manager.py:315} INFO - [base] 10:02:03 | cgroup memory stats: rss=1577MiB, cache=48MiB, swap=0MiB (usage: 77.0% of 2048Mi limit)
[2026-09-29T10:02:03.500+0000] {pod_manager.py:315} INFO - [base] 10:02:03 | Thread 3: START sql table model intermediate.int_session_attribution_hop_115 ..... [RUN]
[2026-09-29T10:02:03.500+0000] {pod_manager.py:315} INFO - [base] 10:02:03 | Thread 3: Hash Join (cost=14800.00..49200.00 rows=320000 width=128) (actual time=4.12..84.10 rows=320000 loops=1) Buffers: shared hit=3200
[2026-09-29T10:02:03.500+0000] {pod_manager.py:315} INFO - [base] 10:02:03 | Thread 3: OK created sql table model intermediate.int_session_attribution_hop_115 [CREATE TABLE (320,000 rows in 1.42s)]
[2026-09-29T10:02:03.500+0000] {pod_manager.py:315} INFO - [base] 10:02:03 | cgroup memory stats: rss=1582MiB, cache=48MiB, swap=0MiB (usage: 77.2% of 2048Mi limit)
[2026-09-29T10:02:04.000+0000] {pod_manager.py:315} INFO - [base] 10:02:04 | Thread 3: START sql table model intermediate.int_session_attribution_hop_116 ..... [RUN]
[2026-09-29T10:02:04.000+0000] {pod_manager.py:315} INFO - [base] 10:02:04 | Thread 3: Hash Join (cost=14800.00..49200.00 rows=320000 width=128) (actual time=4.12..84.10 rows=320000 loops=1) Buffers: shared hit=3200
[2026-09-29T10:02:04.000+0000] {pod_manager.py:315} INFO - [base] 10:02:04 | Thread 3: OK created sql table model intermediate.int_session_attribution_hop_116 [CREATE TABLE (320,000 rows in 1.42s)]
[2026-09-29T10:02:04.000+0000] {pod_manager.py:315} INFO - [base] 10:02:04 | cgroup memory stats: rss=1588MiB, cache=48MiB, swap=0MiB (usage: 77.5% of 2048Mi limit)
[2026-09-29T10:02:04.500+0000] {pod_manager.py:315} INFO - [base] 10:02:04 | Thread 3: START sql table model intermediate.int_session_attribution_hop_117 ..... [RUN]
[2026-09-29T10:02:04.500+0000] {pod_manager.py:315} INFO - [base] 10:02:04 | Thread 3: Hash Join (cost=14800.00..49200.00 rows=320000 width=128) (actual time=4.12..84.10 rows=320000 loops=1) Buffers: shared hit=3200
[2026-09-29T10:02:04.500+0000] {pod_manager.py:315} INFO - [base] 10:02:04 | Thread 3: OK created sql table model intermediate.int_session_attribution_hop_117 [CREATE TABLE (320,000 rows in 1.42s)]
[2026-09-29T10:02:04.500+0000] {pod_manager.py:315} INFO - [base] 10:02:04 | cgroup memory stats: rss=1593MiB, cache=48MiB, swap=0MiB (usage: 77.8% of 2048Mi limit)
[2026-09-29T10:02:05.000+0000] {pod_manager.py:315} INFO - [base] 10:02:05 | Thread 3: START sql table model intermediate.int_session_attribution_hop_118 ..... [RUN]
[2026-09-29T10:02:05.000+0000] {pod_manager.py:315} INFO - [base] 10:02:05 | Thread 3: Hash Join (cost=14800.00..49200.00 rows=320000 width=128) (actual time=4.12..84.10 rows=320000 loops=1) Buffers: shared hit=3200
[2026-09-29T10:02:05.000+0000] {pod_manager.py:315} INFO - [base] 10:02:05 | Thread 3: OK created sql table model intermediate.int_session_attribution_hop_118 [CREATE TABLE (320,000 rows in 1.42s)]
[2026-09-29T10:02:05.000+0000] {pod_manager.py:315} INFO - [base] 10:02:05 | cgroup memory stats: rss=1599MiB, cache=48MiB, swap=0MiB (usage: 78.1% of 2048Mi limit)
[2026-09-29T10:02:05.500+0000] {pod_manager.py:315} INFO - [base] 10:02:05 | Thread 3: START sql table model intermediate.int_session_attribution_hop_119 ..... [RUN]
[2026-09-29T10:02:05.500+0000] {pod_manager.py:315} INFO - [base] 10:02:05 | Thread 3: Hash Join (cost=14800.00..49200.00 rows=320000 width=128) (actual time=4.12..84.10 rows=320000 loops=1) Buffers: shared hit=3200
[2026-09-29T10:02:05.500+0000] {pod_manager.py:315} INFO - [base] 10:02:05 | Thread 3: OK created sql table model intermediate.int_session_attribution_hop_119 [CREATE TABLE (320,000 rows in 1.42s)]
[2026-09-29T10:02:05.500+0000] {pod_manager.py:315} INFO - [base] 10:02:05 | cgroup memory stats: rss=1604MiB, cache=48MiB, swap=0MiB (usage: 78.3% of 2048Mi limit)
[2026-09-29T10:02:06.000+0000] {pod_manager.py:315} INFO - [base] 10:02:06 | Thread 3: START sql table model intermediate.int_session_attribution_hop_120 ..... [RUN]
[2026-09-29T10:02:06.000+0000] {pod_manager.py:315} INFO - [base] 10:02:06 | Thread 3: Hash Join (cost=14800.00..49200.00 rows=320000 width=128) (actual time=4.12..84.10 rows=320000 loops=1) Buffers: shared hit=3200
[2026-09-29T10:02:06.000+0000] {pod_manager.py:315} INFO - [base] 10:02:06 | Thread 3: OK created sql table model intermediate.int_session_attribution_hop_120 [CREATE TABLE (320,000 rows in 1.42s)]
[2026-09-29T10:02:06.000+0000] {pod_manager.py:315} INFO - [base] 10:02:06 | cgroup memory stats: rss=1610MiB, cache=48MiB, swap=0MiB (usage: 78.6% of 2048Mi limit)
[2026-09-29T10:02:06.500+0000] {pod_manager.py:315} INFO - [base] 10:02:06 | Thread 3: START sql table model intermediate.int_session_attribution_hop_121 ..... [RUN]
[2026-09-29T10:02:06.500+0000] {pod_manager.py:315} INFO - [base] 10:02:06 | Thread 3: Hash Join (cost=14800.00..49200.00 rows=320000 width=128) (actual time=4.12..84.10 rows=320000 loops=1) Buffers: shared hit=3200
[2026-09-29T10:02:06.500+0000] {pod_manager.py:315} INFO - [base] 10:02:06 | Thread 3: OK created sql table model intermediate.int_session_attribution_hop_121 [CREATE TABLE (320,000 rows in 1.42s)]
[2026-09-29T10:02:06.500+0000] {pod_manager.py:315} INFO - [base] 10:02:06 | cgroup memory stats: rss=1615MiB, cache=48MiB, swap=0MiB (usage: 78.9% of 2048Mi limit)
[2026-09-29T10:02:07.000+0000] {pod_manager.py:315} INFO - [base] 10:02:07 | Thread 3: START sql table model intermediate.int_session_attribution_hop_122 ..... [RUN]
[2026-09-29T10:02:07.000+0000] {pod_manager.py:315} INFO - [base] 10:02:07 | Thread 3: Hash Join (cost=14800.00..49200.00 rows=320000 width=128) (actual time=4.12..84.10 rows=320000 loops=1) Buffers: shared hit=3200
[2026-09-29T10:02:07.000+0000] {pod_manager.py:315} INFO - [base] 10:02:07 | Thread 3: OK created sql table model intermediate.int_session_attribution_hop_122 [CREATE TABLE (320,000 rows in 1.42s)]
[2026-09-29T10:02:07.000+0000] {pod_manager.py:315} INFO - [base] 10:02:07 | cgroup memory stats: rss=1621MiB, cache=48MiB, swap=0MiB (usage: 79.2% of 2048Mi limit)
[2026-09-29T10:02:07.500+0000] {pod_manager.py:315} INFO - [base] 10:02:07 | Thread 3: START sql table model intermediate.int_session_attribution_hop_123 ..... [RUN]
[2026-09-29T10:02:07.500+0000] {pod_manager.py:315} INFO - [base] 10:02:07 | Thread 3: Hash Join (cost=14800.00..49200.00 rows=320000 width=128) (actual time=4.12..84.10 rows=320000 loops=1) Buffers: shared hit=3200
[2026-09-29T10:02:07.500+0000] {pod_manager.py:315} INFO - [base] 10:02:07 | Thread 3: OK created sql table model intermediate.int_session_attribution_hop_123 [CREATE TABLE (320,000 rows in 1.42s)]
[2026-09-29T10:02:07.500+0000] {pod_manager.py:315} INFO - [base] 10:02:07 | cgroup memory stats: rss=1626MiB, cache=48MiB, swap=0MiB (usage: 79.4% of 2048Mi limit)
[2026-09-29T10:02:08.000+0000] {pod_manager.py:315} INFO - [base] 10:02:08 | Thread 3: START sql table model intermediate.int_session_attribution_hop_124 ..... [RUN]
[2026-09-29T10:02:08.000+0000] {pod_manager.py:315} INFO - [base] 10:02:08 | Thread 3: Hash Join (cost=14800.00..49200.00 rows=320000 width=128) (actual time=4.12..84.10 rows=320000 loops=1) Buffers: shared hit=3200
[2026-09-29T10:02:08.000+0000] {pod_manager.py:315} INFO - [base] 10:02:08 | Thread 3: OK created sql table model intermediate.int_session_attribution_hop_124 [CREATE TABLE (320,000 rows in 1.42s)]
[2026-09-29T10:02:08.000+0000] {pod_manager.py:315} INFO - [base] 10:02:08 | cgroup memory stats: rss=1632MiB, cache=48MiB, swap=0MiB (usage: 79.7% of 2048Mi limit)
[2026-09-29T10:02:08.500+0000] {pod_manager.py:315} INFO - [base] 10:02:08 | Thread 3: START sql table model intermediate.int_session_attribution_hop_125 ..... [RUN]
[2026-09-29T10:02:08.500+0000] {pod_manager.py:315} INFO - [base] 10:02:08 | Thread 3: Hash Join (cost=14800.00..49200.00 rows=320000 width=128) (actual time=4.12..84.10 rows=320000 loops=1) Buffers: shared hit=3200
[2026-09-29T10:02:08.500+0000] {pod_manager.py:315} INFO - [base] 10:02:08 | Thread 3: OK created sql table model intermediate.int_session_attribution_hop_125 [CREATE TABLE (320,000 rows in 1.42s)]
[2026-09-29T10:02:08.500+0000] {pod_manager.py:315} INFO - [base] 10:02:08 | cgroup memory stats: rss=1637MiB, cache=48MiB, swap=0MiB (usage: 79.9% of 2048Mi limit)
[2026-09-29T10:02:09.000+0000] {pod_manager.py:315} INFO - [base] 10:02:09 | Thread 3: START sql table model intermediate.int_session_attribution_hop_126 ..... [RUN]
[2026-09-29T10:02:09.000+0000] {pod_manager.py:315} INFO - [base] 10:02:09 | Thread 3: Hash Join (cost=14800.00..49200.00 rows=320000 width=128) (actual time=4.12..84.10 rows=320000 loops=1) Buffers: shared hit=3200
[2026-09-29T10:02:09.000+0000] {pod_manager.py:315} INFO - [base] 10:02:09 | Thread 3: OK created sql table model intermediate.int_session_attribution_hop_126 [CREATE TABLE (320,000 rows in 1.42s)]
[2026-09-29T10:02:09.000+0000] {pod_manager.py:315} INFO - [base] 10:02:09 | cgroup memory stats: rss=1643MiB, cache=48MiB, swap=0MiB (usage: 80.2% of 2048Mi limit)
[2026-09-29T10:02:09.500+0000] {pod_manager.py:315} INFO - [base] 10:02:09 | Thread 3: START sql table model intermediate.int_session_attribution_hop_127 ..... [RUN]
[2026-09-29T10:02:09.500+0000] {pod_manager.py:315} INFO - [base] 10:02:09 | Thread 3: Hash Join (cost=14800.00..49200.00 rows=320000 width=128) (actual time=4.12..84.10 rows=320000 loops=1) Buffers: shared hit=3200
[2026-09-29T10:02:09.500+0000] {pod_manager.py:315} INFO - [base] 10:02:09 | Thread 3: OK created sql table model intermediate.int_session_attribution_hop_127 [CREATE TABLE (320,000 rows in 1.42s)]
[2026-09-29T10:02:09.500+0000] {pod_manager.py:315} INFO - [base] 10:02:09 | cgroup memory stats: rss=1648MiB, cache=48MiB, swap=0MiB (usage: 80.5% of 2048Mi limit)
[2026-09-29T10:02:10.000+0000] {pod_manager.py:315} INFO - [base] 10:02:10 | Thread 3: START sql table model intermediate.int_session_attribution_hop_128 ..... [RUN]
[2026-09-29T10:02:10.000+0000] {pod_manager.py:315} INFO - [base] 10:02:10 | Thread 3: Hash Join (cost=14800.00..49200.00 rows=320000 width=128) (actual time=4.12..84.10 rows=320000 loops=1) Buffers: shared hit=3200
[2026-09-29T10:02:10.000+0000] {pod_manager.py:315} INFO - [base] 10:02:10 | Thread 3: OK created sql table model intermediate.int_session_attribution_hop_128 [CREATE TABLE (320,000 rows in 1.42s)]
[2026-09-29T10:02:10.000+0000] {pod_manager.py:315} INFO - [base] 10:02:10 | cgroup memory stats: rss=1654MiB, cache=48MiB, swap=0MiB (usage: 80.8% of 2048Mi limit)
[2026-09-29T10:02:10.500+0000] {pod_manager.py:315} INFO - [base] 10:02:10 | Thread 3: START sql table model intermediate.int_session_attribution_hop_129 ..... [RUN]
[2026-09-29T10:02:10.500+0000] {pod_manager.py:315} INFO - [base] 10:02:10 | Thread 3: Hash Join (cost=14800.00..49200.00 rows=320000 width=128) (actual time=4.12..84.10 rows=320000 loops=1) Buffers: shared hit=3200
[2026-09-29T10:02:10.500+0000] {pod_manager.py:315} INFO - [base] 10:02:10 | Thread 3: OK created sql table model intermediate.int_session_attribution_hop_129 [CREATE TABLE (320,000 rows in 1.42s)]
[2026-09-29T10:02:10.500+0000] {pod_manager.py:315} INFO - [base] 10:02:10 | cgroup memory stats: rss=1659MiB, cache=48MiB, swap=0MiB (usage: 81.0% of 2048Mi limit)
[2026-09-29T10:02:11.000+0000] {pod_manager.py:315} INFO - [base] 10:02:11 | Thread 3: START sql table model intermediate.int_session_attribution_hop_130 ..... [RUN]
[2026-09-29T10:02:11.000+0000] {pod_manager.py:315} INFO - [base] 10:02:11 | Thread 3: Hash Join (cost=14800.00..49200.00 rows=320000 width=128) (actual time=4.12..84.10 rows=320000 loops=1) Buffers: shared hit=3200
[2026-09-29T10:02:11.000+0000] {pod_manager.py:315} INFO - [base] 10:02:11 | Thread 3: OK created sql table model intermediate.int_session_attribution_hop_130 [CREATE TABLE (320,000 rows in 1.42s)]
[2026-09-29T10:02:11.000+0000] {pod_manager.py:315} INFO - [base] 10:02:11 | cgroup memory stats: rss=1665MiB, cache=48MiB, swap=0MiB (usage: 81.3% of 2048Mi limit)
[2026-09-29T10:02:11.500+0000] {pod_manager.py:315} INFO - [base] 10:02:11 | Thread 3: START sql table model intermediate.int_session_attribution_hop_131 ..... [RUN]
[2026-09-29T10:02:11.500+0000] {pod_manager.py:315} INFO - [base] 10:02:11 | Thread 3: Hash Join (cost=14800.00..49200.00 rows=320000 width=128) (actual time=4.12..84.10 rows=320000 loops=1) Buffers: shared hit=3200
[2026-09-29T10:02:11.500+0000] {pod_manager.py:315} INFO - [base] 10:02:11 | Thread 3: OK created sql table model intermediate.int_session_attribution_hop_131 [CREATE TABLE (320,000 rows in 1.42s)]
[2026-09-29T10:02:11.500+0000] {pod_manager.py:315} INFO - [base] 10:02:11 | cgroup memory stats: rss=1670MiB, cache=48MiB, swap=0MiB (usage: 81.5% of 2048Mi limit)
[2026-09-29T10:02:12.000+0000] {pod_manager.py:315} INFO - [base] 10:02:12 | Thread 3: START sql table model intermediate.int_session_attribution_hop_132 ..... [RUN]
[2026-09-29T10:02:12.000+0000] {pod_manager.py:315} INFO - [base] 10:02:12 | Thread 3: Hash Join (cost=14800.00..49200.00 rows=320000 width=128) (actual time=4.12..84.10 rows=320000 loops=1) Buffers: shared hit=3200
[2026-09-29T10:02:12.000+0000] {pod_manager.py:315} INFO - [base] 10:02:12 | Thread 3: OK created sql table model intermediate.int_session_attribution_hop_132 [CREATE TABLE (320,000 rows in 1.42s)]
[2026-09-29T10:02:12.000+0000] {pod_manager.py:315} INFO - [base] 10:02:12 | cgroup memory stats: rss=1676MiB, cache=48MiB, swap=0MiB (usage: 81.8% of 2048Mi limit)
[2026-09-29T10:02:12.500+0000] {pod_manager.py:315} INFO - [base] 10:02:12 | Thread 3: START sql table model intermediate.int_session_attribution_hop_133 ..... [RUN]
[2026-09-29T10:02:12.500+0000] {pod_manager.py:315} INFO - [base] 10:02:12 | Thread 3: Hash Join (cost=14800.00..49200.00 rows=320000 width=128) (actual time=4.12..84.10 rows=320000 loops=1) Buffers: shared hit=3200
[2026-09-29T10:02:12.500+0000] {pod_manager.py:315} INFO - [base] 10:02:12 | Thread 3: OK created sql table model intermediate.int_session_attribution_hop_133 [CREATE TABLE (320,000 rows in 1.42s)]
[2026-09-29T10:02:12.500+0000] {pod_manager.py:315} INFO - [base] 10:02:12 | cgroup memory stats: rss=1681MiB, cache=48MiB, swap=0MiB (usage: 82.1% of 2048Mi limit)
[2026-09-29T10:02:13.000+0000] {pod_manager.py:315} INFO - [base] 10:02:13 | Thread 3: START sql table model intermediate.int_session_attribution_hop_134 ..... [RUN]
[2026-09-29T10:02:13.000+0000] {pod_manager.py:315} INFO - [base] 10:02:13 | Thread 3: Hash Join (cost=14800.00..49200.00 rows=320000 width=128) (actual time=4.12..84.10 rows=320000 loops=1) Buffers: shared hit=3200
[2026-09-29T10:02:13.000+0000] {pod_manager.py:315} INFO - [base] 10:02:13 | Thread 3: OK created sql table model intermediate.int_session_attribution_hop_134 [CREATE TABLE (320,000 rows in 1.42s)]
[2026-09-29T10:02:13.000+0000] {pod_manager.py:315} INFO - [base] 10:02:13 | cgroup memory stats: rss=1687MiB, cache=48MiB, swap=0MiB (usage: 82.4% of 2048Mi limit)
[2026-09-29T10:02:13.500+0000] {pod_manager.py:315} INFO - [base] 10:02:13 | Thread 3: START sql table model intermediate.int_session_attribution_hop_135 ..... [RUN]
[2026-09-29T10:02:13.500+0000] {pod_manager.py:315} INFO - [base] 10:02:13 | Thread 3: Hash Join (cost=14800.00..49200.00 rows=320000 width=128) (actual time=4.12..84.10 rows=320000 loops=1) Buffers: shared hit=3200
[2026-09-29T10:02:13.500+0000] {pod_manager.py:315} INFO - [base] 10:02:13 | Thread 3: OK created sql table model intermediate.int_session_attribution_hop_135 [CREATE TABLE (320,000 rows in 1.42s)]
[2026-09-29T10:02:13.500+0000] {pod_manager.py:315} INFO - [base] 10:02:13 | cgroup memory stats: rss=1692MiB, cache=48MiB, swap=0MiB (usage: 82.6% of 2048Mi limit)
[2026-09-29T10:02:14.000+0000] {pod_manager.py:315} INFO - [base] 10:02:14 | Thread 3: START sql table model intermediate.int_session_attribution_hop_136 ..... [RUN]
[2026-09-29T10:02:14.000+0000] {pod_manager.py:315} INFO - [base] 10:02:14 | Thread 3: Hash Join (cost=14800.00..49200.00 rows=320000 width=128) (actual time=4.12..84.10 rows=320000 loops=1) Buffers: shared hit=3200
[2026-09-29T10:02:14.000+0000] {pod_manager.py:315} INFO - [base] 10:02:14 | Thread 3: OK created sql table model intermediate.int_session_attribution_hop_136 [CREATE TABLE (320,000 rows in 1.42s)]
[2026-09-29T10:02:14.000+0000] {pod_manager.py:315} INFO - [base] 10:02:14 | cgroup memory stats: rss=1698MiB, cache=48MiB, swap=0MiB (usage: 82.9% of 2048Mi limit)
[2026-09-29T10:02:14.500+0000] {pod_manager.py:315} INFO - [base] 10:02:14 | Thread 3: START sql table model intermediate.int_session_attribution_hop_137 ..... [RUN]
[2026-09-29T10:02:14.500+0000] {pod_manager.py:315} INFO - [base] 10:02:14 | Thread 3: Hash Join (cost=14800.00..49200.00 rows=320000 width=128) (actual time=4.12..84.10 rows=320000 loops=1) Buffers: shared hit=3200
[2026-09-29T10:02:14.500+0000] {pod_manager.py:315} INFO - [base] 10:02:14 | Thread 3: OK created sql table model intermediate.int_session_attribution_hop_137 [CREATE TABLE (320,000 rows in 1.42s)]
[2026-09-29T10:02:14.500+0000] {pod_manager.py:315} INFO - [base] 10:02:14 | cgroup memory stats: rss=1703MiB, cache=48MiB, swap=0MiB (usage: 83.2% of 2048Mi limit)
[2026-09-29T10:02:15.000+0000] {pod_manager.py:315} INFO - [base] 10:02:15 | Thread 3: START sql table model intermediate.int_session_attribution_hop_138 ..... [RUN]
[2026-09-29T10:02:15.000+0000] {pod_manager.py:315} INFO - [base] 10:02:15 | Thread 3: Hash Join (cost=14800.00..49200.00 rows=320000 width=128) (actual time=4.12..84.10 rows=320000 loops=1) Buffers: shared hit=3200
[2026-09-29T10:02:15.000+0000] {pod_manager.py:315} INFO - [base] 10:02:15 | Thread 3: OK created sql table model intermediate.int_session_attribution_hop_138 [CREATE TABLE (320,000 rows in 1.42s)]
[2026-09-29T10:02:15.000+0000] {pod_manager.py:315} INFO - [base] 10:02:15 | cgroup memory stats: rss=1709MiB, cache=48MiB, swap=0MiB (usage: 83.4% of 2048Mi limit)
[2026-09-29T10:02:15.500+0000] {pod_manager.py:315} INFO - [base] 10:02:15 | Thread 3: START sql table model intermediate.int_session_attribution_hop_139 ..... [RUN]
[2026-09-29T10:02:15.500+0000] {pod_manager.py:315} INFO - [base] 10:02:15 | Thread 3: Hash Join (cost=14800.00..49200.00 rows=320000 width=128) (actual time=4.12..84.10 rows=320000 loops=1) Buffers: shared hit=3200
[2026-09-29T10:02:15.500+0000] {pod_manager.py:315} INFO - [base] 10:02:15 | Thread 3: OK created sql table model intermediate.int_session_attribution_hop_139 [CREATE TABLE (320,000 rows in 1.42s)]
[2026-09-29T10:02:15.500+0000] {pod_manager.py:315} INFO - [base] 10:02:15 | cgroup memory stats: rss=1714MiB, cache=48MiB, swap=0MiB (usage: 83.7% of 2048Mi limit)
[2026-09-29T10:02:16.000+0000] {pod_manager.py:315} INFO - [base] 10:02:16 | Thread 3: START sql table model intermediate.int_session_attribution_hop_140 ..... [RUN]
[2026-09-29T10:02:16.000+0000] {pod_manager.py:315} INFO - [base] 10:02:16 | Thread 3: Hash Join (cost=14800.00..49200.00 rows=320000 width=128) (actual time=4.12..84.10 rows=320000 loops=1) Buffers: shared hit=3200
[2026-09-29T10:02:16.000+0000] {pod_manager.py:315} INFO - [base] 10:02:16 | Thread 3: OK created sql table model intermediate.int_session_attribution_hop_140 [CREATE TABLE (320,000 rows in 1.42s)]
[2026-09-29T10:02:16.000+0000] {pod_manager.py:315} INFO - [base] 10:02:16 | cgroup memory stats: rss=1720MiB, cache=48MiB, swap=0MiB (usage: 84.0% of 2048Mi limit)
[2026-09-29T10:02:16.500+0000] {pod_manager.py:315} INFO - [base] 10:02:16 | Thread 3: START sql table model intermediate.int_session_attribution_hop_141 ..... [RUN]
[2026-09-29T10:02:16.500+0000] {pod_manager.py:315} INFO - [base] 10:02:16 | Thread 3: Hash Join (cost=14800.00..49200.00 rows=320000 width=128) (actual time=4.12..84.10 rows=320000 loops=1) Buffers: shared hit=3200
[2026-09-29T10:02:16.500+0000] {pod_manager.py:315} INFO - [base] 10:02:16 | Thread 3: OK created sql table model intermediate.int_session_attribution_hop_141 [CREATE TABLE (320,000 rows in 1.42s)]
[2026-09-29T10:02:16.500+0000] {pod_manager.py:315} INFO - [base] 10:02:16 | cgroup memory stats: rss=1725MiB, cache=48MiB, swap=0MiB (usage: 84.2% of 2048Mi limit)
[2026-09-29T10:02:17.000+0000] {pod_manager.py:315} INFO - [base] 10:02:17 | Thread 3: START sql table model intermediate.int_session_attribution_hop_142 ..... [RUN]
[2026-09-29T10:02:17.000+0000] {pod_manager.py:315} INFO - [base] 10:02:17 | Thread 3: Hash Join (cost=14800.00..49200.00 rows=320000 width=128) (actual time=4.12..84.10 rows=320000 loops=1) Buffers: shared hit=3200
[2026-09-29T10:02:17.000+0000] {pod_manager.py:315} INFO - [base] 10:02:17 | Thread 3: OK created sql table model intermediate.int_session_attribution_hop_142 [CREATE TABLE (320,000 rows in 1.42s)]
[2026-09-29T10:02:17.000+0000] {pod_manager.py:315} INFO - [base] 10:02:17 | cgroup memory stats: rss=1731MiB, cache=48MiB, swap=0MiB (usage: 84.5% of 2048Mi limit)
[2026-09-29T10:02:17.500+0000] {pod_manager.py:315} INFO - [base] 10:02:17 | Thread 3: START sql table model intermediate.int_session_attribution_hop_143 ..... [RUN]
[2026-09-29T10:02:17.500+0000] {pod_manager.py:315} INFO - [base] 10:02:17 | Thread 3: Hash Join (cost=14800.00..49200.00 rows=320000 width=128) (actual time=4.12..84.10 rows=320000 loops=1) Buffers: shared hit=3200
[2026-09-29T10:02:17.500+0000] {pod_manager.py:315} INFO - [base] 10:02:17 | Thread 3: OK created sql table model intermediate.int_session_attribution_hop_143 [CREATE TABLE (320,000 rows in 1.42s)]
[2026-09-29T10:02:17.500+0000] {pod_manager.py:315} INFO - [base] 10:02:17 | cgroup memory stats: rss=1736MiB, cache=48MiB, swap=0MiB (usage: 84.8% of 2048Mi limit)
[2026-09-29T10:02:18.000+0000] {pod_manager.py:315} INFO - [base] 10:02:18 | Thread 3: START sql table model intermediate.int_session_attribution_hop_144 ..... [RUN]
[2026-09-29T10:02:18.000+0000] {pod_manager.py:315} INFO - [base] 10:02:18 | Thread 3: Hash Join (cost=14800.00..49200.00 rows=320000 width=128) (actual time=4.12..84.10 rows=320000 loops=1) Buffers: shared hit=3200
[2026-09-29T10:02:18.000+0000] {pod_manager.py:315} INFO - [base] 10:02:18 | Thread 3: OK created sql table model intermediate.int_session_attribution_hop_144 [CREATE TABLE (320,000 rows in 1.42s)]
[2026-09-29T10:02:18.000+0000] {pod_manager.py:315} INFO - [base] 10:02:18 | cgroup memory stats: rss=1742MiB, cache=48MiB, swap=0MiB (usage: 85.1% of 2048Mi limit)
[2026-09-29T10:02:18.500+0000] {pod_manager.py:315} INFO - [base] 10:02:18 | Thread 3: START sql table model intermediate.int_session_attribution_hop_145 ..... [RUN]
[2026-09-29T10:02:18.500+0000] {pod_manager.py:315} INFO - [base] 10:02:18 | Thread 3: Hash Join (cost=14800.00..49200.00 rows=320000 width=128) (actual time=4.12..84.10 rows=320000 loops=1) Buffers: shared hit=3200
[2026-09-29T10:02:18.500+0000] {pod_manager.py:315} INFO - [base] 10:02:18 | Thread 3: OK created sql table model intermediate.int_session_attribution_hop_145 [CREATE TABLE (320,000 rows in 1.42s)]
[2026-09-29T10:02:18.500+0000] {pod_manager.py:315} INFO - [base] 10:02:18 | cgroup memory stats: rss=1747MiB, cache=48MiB, swap=0MiB (usage: 85.3% of 2048Mi limit)
[2026-09-29T10:02:19.000+0000] {pod_manager.py:315} INFO - [base] 10:02:19 | Thread 3: START sql table model intermediate.int_session_attribution_hop_146 ..... [RUN]
[2026-09-29T10:02:19.000+0000] {pod_manager.py:315} INFO - [base] 10:02:19 | Thread 3: Hash Join (cost=14800.00..49200.00 rows=320000 width=128) (actual time=4.12..84.10 rows=320000 loops=1) Buffers: shared hit=3200
[2026-09-29T10:02:19.000+0000] {pod_manager.py:315} INFO - [base] 10:02:19 | Thread 3: OK created sql table model intermediate.int_session_attribution_hop_146 [CREATE TABLE (320,000 rows in 1.42s)]
[2026-09-29T10:02:19.000+0000] {pod_manager.py:315} INFO - [base] 10:02:19 | cgroup memory stats: rss=1753MiB, cache=48MiB, swap=0MiB (usage: 85.6% of 2048Mi limit)
[2026-09-29T10:02:19.500+0000] {pod_manager.py:315} INFO - [base] 10:02:19 | Thread 3: START sql table model intermediate.int_session_attribution_hop_147 ..... [RUN]
[2026-09-29T10:02:19.500+0000] {pod_manager.py:315} INFO - [base] 10:02:19 | Thread 3: Hash Join (cost=14800.00..49200.00 rows=320000 width=128) (actual time=4.12..84.10 rows=320000 loops=1) Buffers: shared hit=3200
[2026-09-29T10:02:19.500+0000] {pod_manager.py:315} INFO - [base] 10:02:19 | Thread 3: OK created sql table model intermediate.int_session_attribution_hop_147 [CREATE TABLE (320,000 rows in 1.42s)]
[2026-09-29T10:02:19.500+0000] {pod_manager.py:315} INFO - [base] 10:02:19 | cgroup memory stats: rss=1758MiB, cache=48MiB, swap=0MiB (usage: 85.8% of 2048Mi limit)
[2026-09-29T10:02:20.000+0000] {pod_manager.py:315} INFO - [base] 10:02:20 | Thread 3: START sql table model intermediate.int_session_attribution_hop_148 ..... [RUN]
[2026-09-29T10:02:20.000+0000] {pod_manager.py:315} INFO - [base] 10:02:20 | Thread 3: Hash Join (cost=14800.00..49200.00 rows=320000 width=128) (actual time=4.12..84.10 rows=320000 loops=1) Buffers: shared hit=3200
[2026-09-29T10:02:20.000+0000] {pod_manager.py:315} INFO - [base] 10:02:20 | Thread 3: OK created sql table model intermediate.int_session_attribution_hop_148 [CREATE TABLE (320,000 rows in 1.42s)]
[2026-09-29T10:02:20.000+0000] {pod_manager.py:315} INFO - [base] 10:02:20 | cgroup memory stats: rss=1764MiB, cache=48MiB, swap=0MiB (usage: 86.1% of 2048Mi limit)
[2026-09-29T10:02:20.500+0000] {pod_manager.py:315} INFO - [base] 10:02:20 | Thread 3: START sql table model intermediate.int_session_attribution_hop_149 ..... [RUN]
[2026-09-29T10:02:20.500+0000] {pod_manager.py:315} INFO - [base] 10:02:20 | Thread 3: Hash Join (cost=14800.00..49200.00 rows=320000 width=128) (actual time=4.12..84.10 rows=320000 loops=1) Buffers: shared hit=3200
[2026-09-29T10:02:20.500+0000] {pod_manager.py:315} INFO - [base] 10:02:20 | Thread 3: OK created sql table model intermediate.int_session_attribution_hop_149 [CREATE TABLE (320,000 rows in 1.42s)]
[2026-09-29T10:02:20.500+0000] {pod_manager.py:315} INFO - [base] 10:02:20 | cgroup memory stats: rss=1769MiB, cache=48MiB, swap=0MiB (usage: 86.4% of 2048Mi limit)
[2026-09-29T10:02:21.000+0000] {pod_manager.py:315} INFO - [base] 10:02:21 | Thread 3: START sql table model intermediate.int_session_attribution_hop_150 ..... [RUN]
[2026-09-29T10:02:21.000+0000] {pod_manager.py:315} INFO - [base] 10:02:21 | Thread 3: Hash Join (cost=14800.00..49200.00 rows=320000 width=128) (actual time=4.12..84.10 rows=320000 loops=1) Buffers: shared hit=3200
[2026-09-29T10:02:21.000+0000] {pod_manager.py:315} INFO - [base] 10:02:21 | Thread 3: OK created sql table model intermediate.int_session_attribution_hop_150 [CREATE TABLE (320,000 rows in 1.42s)]
[2026-09-29T10:02:21.000+0000] {pod_manager.py:315} INFO - [base] 10:02:21 | cgroup memory stats: rss=1775MiB, cache=48MiB, swap=0MiB (usage: 86.7% of 2048Mi limit)
[2026-09-29T10:02:23.000+0000] {pod_manager.py:315} INFO - [base] 10:02:23 | Thread 4: START model marts.fct_omnichannel_attribution_massive ..... [RUN]
[2026-09-29T10:02:23.000+0000] {pod_manager.py:315} INFO - [base] 10:02:23 | Thread 4: Compiling Jinja template with multi-way join:
[base] WITH user_sessions AS (
[base]     SELECT session_id, user_id, channel, campaign_id, session_start_ts FROM intermediate.int_session_attribution_hop_150
[base] ),
[base] raw_orders AS (
[base]     SELECT order_id, user_id, amount_usd, order_timestamp FROM staging.stg_orders
[base] ),
[base] joined_matrix AS (
[base]     SELECT o.order_id, s.session_id, o.amount_usd,
[base]            ROW_NUMBER() OVER(PARTITION BY o.order_id ORDER BY s.session_start_ts DESC) as rank
[base]     FROM raw_orders o
[base]     INNER JOIN user_sessions s ON o.user_id = s.user_id
[base]     AND s.session_start_ts BETWEEN o.order_timestamp - INTERVAL '30 days' AND o.order_timestamp
[base] )
[base] SELECT * FROM joined_matrix WHERE rank = 1;
[2026-09-29T10:02:23.300+0000] {pod_manager.py:315} INFO - [base] Chunk 1/120: HashAggregate batch 1. Ingested 240,000 tuples. Current RSS: 1752MiB (85.5%)
[2026-09-29T10:02:23.600+0000] {pod_manager.py:315} INFO - [base] Chunk 2/120: HashAggregate batch 2. Ingested 240,000 tuples. Current RSS: 1754MiB (85.6%)
[2026-09-29T10:02:23.900+0000] {pod_manager.py:315} INFO - [base] Chunk 3/120: HashAggregate batch 3. Ingested 240,000 tuples. Current RSS: 1757MiB (85.8%)
[2026-09-29T10:02:24.200+0000] {pod_manager.py:315} INFO - [base] Chunk 4/120: HashAggregate batch 4. Ingested 240,000 tuples. Current RSS: 1759MiB (85.9%)
[2026-09-29T10:02:24.500+0000] {pod_manager.py:315} INFO - [base] Chunk 5/120: HashAggregate batch 5. Ingested 240,000 tuples. Current RSS: 1762MiB (86.0%)
[2026-09-29T10:02:24.800+0000] {pod_manager.py:315} INFO - [base] Chunk 6/120: HashAggregate batch 6. Ingested 240,000 tuples. Current RSS: 1764MiB (86.1%)
[2026-09-29T10:02:25.100+0000] {pod_manager.py:315} INFO - [base] Chunk 7/120: HashAggregate batch 7. Ingested 240,000 tuples. Current RSS: 1766MiB (86.2%)
[2026-09-29T10:02:25.400+0000] {pod_manager.py:315} INFO - [base] Chunk 8/120: HashAggregate batch 8. Ingested 240,000 tuples. Current RSS: 1769MiB (86.4%)
[2026-09-29T10:02:25.700+0000] {pod_manager.py:315} INFO - [base] Chunk 9/120: HashAggregate batch 9. Ingested 240,000 tuples. Current RSS: 1771MiB (86.5%)
[2026-09-29T10:02:26.000+0000] {pod_manager.py:315} INFO - [base] Chunk 10/120: HashAggregate batch 10. Ingested 240,000 tuples. Current RSS: 1774MiB (86.6%)
[2026-09-29T10:02:26.300+0000] {pod_manager.py:315} INFO - [base] Chunk 11/120: HashAggregate batch 11. Ingested 240,000 tuples. Current RSS: 1776MiB (86.7%)
[2026-09-29T10:02:26.600+0000] {pod_manager.py:315} INFO - [base] Chunk 12/120: HashAggregate batch 12. Ingested 240,000 tuples. Current RSS: 1778MiB (86.8%)
[2026-09-29T10:02:26.900+0000] {pod_manager.py:315} INFO - [base] Chunk 13/120: HashAggregate batch 13. Ingested 240,000 tuples. Current RSS: 1781MiB (87.0%)
[2026-09-29T10:02:27.200+0000] {pod_manager.py:315} INFO - [base] Chunk 14/120: HashAggregate batch 14. Ingested 240,000 tuples. Current RSS: 1783MiB (87.1%)
[2026-09-29T10:02:27.500+0000] {pod_manager.py:315} INFO - [base] Chunk 15/120: HashAggregate batch 15. Ingested 240,000 tuples. Current RSS: 1786MiB (87.2%)
[2026-09-29T10:02:27.500+0000] {pod_manager.py:315} WARNING - [base] [KERNEL MEMORY PRESSURE] cgroup usage at 87.2%. Kernel invoking direct reclaim.
[2026-09-29T10:02:27.800+0000] {pod_manager.py:315} INFO - [base] Chunk 16/120: HashAggregate batch 16. Ingested 240,000 tuples. Current RSS: 1788MiB (87.3%)
[2026-09-29T10:02:28.100+0000] {pod_manager.py:315} INFO - [base] Chunk 17/120: HashAggregate batch 17. Ingested 240,000 tuples. Current RSS: 1790MiB (87.4%)
[2026-09-29T10:02:28.400+0000] {pod_manager.py:315} INFO - [base] Chunk 18/120: HashAggregate batch 18. Ingested 240,000 tuples. Current RSS: 1793MiB (87.5%)
[2026-09-29T10:02:28.700+0000] {pod_manager.py:315} INFO - [base] Chunk 19/120: HashAggregate batch 19. Ingested 240,000 tuples. Current RSS: 1795MiB (87.6%)
[2026-09-29T10:02:29.000+0000] {pod_manager.py:315} INFO - [base] Chunk 20/120: HashAggregate batch 20. Ingested 240,000 tuples. Current RSS: 1798MiB (87.8%)
[2026-09-29T10:02:29.300+0000] {pod_manager.py:315} INFO - [base] Chunk 21/120: HashAggregate batch 21. Ingested 240,000 tuples. Current RSS: 1800MiB (87.9%)
[2026-09-29T10:02:29.600+0000] {pod_manager.py:315} INFO - [base] Chunk 22/120: HashAggregate batch 22. Ingested 240,000 tuples. Current RSS: 1802MiB (88.0%)
[2026-09-29T10:02:29.900+0000] {pod_manager.py:315} INFO - [base] Chunk 23/120: HashAggregate batch 23. Ingested 240,000 tuples. Current RSS: 1805MiB (88.1%)
[2026-09-29T10:02:30.200+0000] {pod_manager.py:315} INFO - [base] Chunk 24/120: HashAggregate batch 24. Ingested 240,000 tuples. Current RSS: 1807MiB (88.2%)
[2026-09-29T10:02:30.500+0000] {pod_manager.py:315} INFO - [base] Chunk 25/120: HashAggregate batch 25. Ingested 240,000 tuples. Current RSS: 1810MiB (88.4%)
[2026-09-29T10:02:30.800+0000] {pod_manager.py:315} INFO - [base] Chunk 26/120: HashAggregate batch 26. Ingested 240,000 tuples. Current RSS: 1812MiB (88.5%)
[2026-09-29T10:02:31.100+0000] {pod_manager.py:315} INFO - [base] Chunk 27/120: HashAggregate batch 27. Ingested 240,000 tuples. Current RSS: 1814MiB (88.6%)
[2026-09-29T10:02:31.400+0000] {pod_manager.py:315} INFO - [base] Chunk 28/120: HashAggregate batch 28. Ingested 240,000 tuples. Current RSS: 1817MiB (88.7%)
[2026-09-29T10:02:31.700+0000] {pod_manager.py:315} INFO - [base] Chunk 29/120: HashAggregate batch 29. Ingested 240,000 tuples. Current RSS: 1819MiB (88.8%)
[2026-09-29T10:02:32.000+0000] {pod_manager.py:315} INFO - [base] Chunk 30/120: HashAggregate batch 30. Ingested 240,000 tuples. Current RSS: 1822MiB (89.0%)
[2026-09-29T10:02:32.000+0000] {pod_manager.py:315} WARNING - [base] [KERNEL MEMORY PRESSURE] cgroup usage at 89.0%. Kernel invoking direct reclaim.
[2026-09-29T10:02:32.300+0000] {pod_manager.py:315} INFO - [base] Chunk 31/120: HashAggregate batch 31. Ingested 240,000 tuples. Current RSS: 1824MiB (89.1%)
[2026-09-29T10:02:32.600+0000] {pod_manager.py:315} INFO - [base] Chunk 32/120: HashAggregate batch 32. Ingested 240,000 tuples. Current RSS: 1826MiB (89.2%)
[2026-09-29T10:02:32.900+0000] {pod_manager.py:315} INFO - [base] Chunk 33/120: HashAggregate batch 33. Ingested 240,000 tuples. Current RSS: 1829MiB (89.3%)
[2026-09-29T10:02:33.200+0000] {pod_manager.py:315} INFO - [base] Chunk 34/120: HashAggregate batch 34. Ingested 240,000 tuples. Current RSS: 1831MiB (89.4%)
[2026-09-29T10:02:33.500+0000] {pod_manager.py:315} INFO - [base] Chunk 35/120: HashAggregate batch 35. Ingested 240,000 tuples. Current RSS: 1834MiB (89.6%)
[2026-09-29T10:02:33.800+0000] {pod_manager.py:315} INFO - [base] Chunk 36/120: HashAggregate batch 36. Ingested 240,000 tuples. Current RSS: 1836MiB (89.6%)
[2026-09-29T10:02:34.100+0000] {pod_manager.py:315} INFO - [base] Chunk 37/120: HashAggregate batch 37. Ingested 240,000 tuples. Current RSS: 1838MiB (89.7%)
[2026-09-29T10:02:34.400+0000] {pod_manager.py:315} INFO - [base] Chunk 38/120: HashAggregate batch 38. Ingested 240,000 tuples. Current RSS: 1841MiB (89.9%)
[2026-09-29T10:02:34.700+0000] {pod_manager.py:315} INFO - [base] Chunk 39/120: HashAggregate batch 39. Ingested 240,000 tuples. Current RSS: 1843MiB (90.0%)
[2026-09-29T10:02:35.000+0000] {pod_manager.py:315} INFO - [base] Chunk 40/120: HashAggregate batch 40. Ingested 240,000 tuples. Current RSS: 1846MiB (90.1%)
[2026-09-29T10:02:35.300+0000] {pod_manager.py:315} INFO - [base] Chunk 41/120: HashAggregate batch 41. Ingested 240,000 tuples. Current RSS: 1848MiB (90.2%)
[2026-09-29T10:02:35.600+0000] {pod_manager.py:315} INFO - [base] Chunk 42/120: HashAggregate batch 42. Ingested 240,000 tuples. Current RSS: 1850MiB (90.3%)
[2026-09-29T10:02:35.900+0000] {pod_manager.py:315} INFO - [base] Chunk 43/120: HashAggregate batch 43. Ingested 240,000 tuples. Current RSS: 1853MiB (90.5%)
[2026-09-29T10:02:36.200+0000] {pod_manager.py:315} INFO - [base] Chunk 44/120: HashAggregate batch 44. Ingested 240,000 tuples. Current RSS: 1855MiB (90.6%)
[2026-09-29T10:02:36.500+0000] {pod_manager.py:315} INFO - [base] Chunk 45/120: HashAggregate batch 45. Ingested 240,000 tuples. Current RSS: 1858MiB (90.7%)
[2026-09-29T10:02:36.500+0000] {pod_manager.py:315} WARNING - [base] [KERNEL MEMORY PRESSURE] cgroup usage at 90.7%. Kernel invoking direct reclaim.
[2026-09-29T10:02:36.800+0000] {pod_manager.py:315} INFO - [base] Chunk 46/120: HashAggregate batch 46. Ingested 240,000 tuples. Current RSS: 1860MiB (90.8%)
[2026-09-29T10:02:37.100+0000] {pod_manager.py:315} INFO - [base] Chunk 47/120: HashAggregate batch 47. Ingested 240,000 tuples. Current RSS: 1862MiB (90.9%)
[2026-09-29T10:02:37.400+0000] {pod_manager.py:315} INFO - [base] Chunk 48/120: HashAggregate batch 48. Ingested 240,000 tuples. Current RSS: 1865MiB (91.1%)
[2026-09-29T10:02:37.700+0000] {pod_manager.py:315} INFO - [base] Chunk 49/120: HashAggregate batch 49. Ingested 240,000 tuples. Current RSS: 1867MiB (91.2%)
[2026-09-29T10:02:38.000+0000] {pod_manager.py:315} INFO - [base] Chunk 50/120: HashAggregate batch 50. Ingested 240,000 tuples. Current RSS: 1870MiB (91.3%)
[2026-09-29T10:02:38.300+0000] {pod_manager.py:315} INFO - [base] Chunk 51/120: HashAggregate batch 51. Ingested 240,000 tuples. Current RSS: 1872MiB (91.4%)
[2026-09-29T10:02:38.600+0000] {pod_manager.py:315} INFO - [base] Chunk 52/120: HashAggregate batch 52. Ingested 240,000 tuples. Current RSS: 1874MiB (91.5%)
[2026-09-29T10:02:38.900+0000] {pod_manager.py:315} INFO - [base] Chunk 53/120: HashAggregate batch 53. Ingested 240,000 tuples. Current RSS: 1877MiB (91.7%)
[2026-09-29T10:02:39.200+0000] {pod_manager.py:315} INFO - [base] Chunk 54/120: HashAggregate batch 54. Ingested 240,000 tuples. Current RSS: 1879MiB (91.7%)
[2026-09-29T10:02:39.500+0000] {pod_manager.py:315} INFO - [base] Chunk 55/120: HashAggregate batch 55. Ingested 240,000 tuples. Current RSS: 1882MiB (91.9%)
[2026-09-29T10:02:39.800+0000] {pod_manager.py:315} INFO - [base] Chunk 56/120: HashAggregate batch 56. Ingested 240,000 tuples. Current RSS: 1884MiB (92.0%)
[2026-09-29T10:02:40.100+0000] {pod_manager.py:315} INFO - [base] Chunk 57/120: HashAggregate batch 57. Ingested 240,000 tuples. Current RSS: 1886MiB (92.1%)
[2026-09-29T10:02:40.400+0000] {pod_manager.py:315} INFO - [base] Chunk 58/120: HashAggregate batch 58. Ingested 240,000 tuples. Current RSS: 1889MiB (92.2%)
[2026-09-29T10:02:40.700+0000] {pod_manager.py:315} INFO - [base] Chunk 59/120: HashAggregate batch 59. Ingested 240,000 tuples. Current RSS: 1891MiB (92.3%)
[2026-09-29T10:02:41.000+0000] {pod_manager.py:315} INFO - [base] Chunk 60/120: HashAggregate batch 60. Ingested 240,000 tuples. Current RSS: 1894MiB (92.5%)
[2026-09-29T10:02:41.000+0000] {pod_manager.py:315} WARNING - [base] [KERNEL MEMORY PRESSURE] cgroup usage at 92.5%. Kernel invoking direct reclaim.
[2026-09-29T10:02:41.300+0000] {pod_manager.py:315} INFO - [base] Chunk 61/120: HashAggregate batch 61. Ingested 240,000 tuples. Current RSS: 1896MiB (92.6%)
[2026-09-29T10:02:41.600+0000] {pod_manager.py:315} INFO - [base] Chunk 62/120: HashAggregate batch 62. Ingested 240,000 tuples. Current RSS: 1898MiB (92.7%)
[2026-09-29T10:02:41.900+0000] {pod_manager.py:315} INFO - [base] Chunk 63/120: HashAggregate batch 63. Ingested 240,000 tuples. Current RSS: 1901MiB (92.8%)
[2026-09-29T10:02:42.200+0000] {pod_manager.py:315} INFO - [base] Chunk 64/120: HashAggregate batch 64. Ingested 240,000 tuples. Current RSS: 1903MiB (92.9%)
[2026-09-29T10:02:42.500+0000] {pod_manager.py:315} INFO - [base] Chunk 65/120: HashAggregate batch 65. Ingested 240,000 tuples. Current RSS: 1906MiB (93.1%)
[2026-09-29T10:02:42.800+0000] {pod_manager.py:315} INFO - [base] Chunk 66/120: HashAggregate batch 66. Ingested 240,000 tuples. Current RSS: 1908MiB (93.2%)
[2026-09-29T10:02:43.100+0000] {pod_manager.py:315} INFO - [base] Chunk 67/120: HashAggregate batch 67. Ingested 240,000 tuples. Current RSS: 1910MiB (93.3%)
[2026-09-29T10:02:43.400+0000] {pod_manager.py:315} INFO - [base] Chunk 68/120: HashAggregate batch 68. Ingested 240,000 tuples. Current RSS: 1913MiB (93.4%)
[2026-09-29T10:02:43.700+0000] {pod_manager.py:315} INFO - [base] Chunk 69/120: HashAggregate batch 69. Ingested 240,000 tuples. Current RSS: 1915MiB (93.5%)
[2026-09-29T10:02:44.000+0000] {pod_manager.py:315} INFO - [base] Chunk 70/120: HashAggregate batch 70. Ingested 240,000 tuples. Current RSS: 1918MiB (93.7%)
[2026-09-29T10:02:44.300+0000] {pod_manager.py:315} INFO - [base] Chunk 71/120: HashAggregate batch 71. Ingested 240,000 tuples. Current RSS: 1920MiB (93.8%)
[2026-09-29T10:02:44.600+0000] {pod_manager.py:315} INFO - [base] Chunk 72/120: HashAggregate batch 72. Ingested 240,000 tuples. Current RSS: 1922MiB (93.8%)
[2026-09-29T10:02:44.900+0000] {pod_manager.py:315} INFO - [base] Chunk 73/120: HashAggregate batch 73. Ingested 240,000 tuples. Current RSS: 1925MiB (94.0%)
[2026-09-29T10:02:45.200+0000] {pod_manager.py:315} INFO - [base] Chunk 74/120: HashAggregate batch 74. Ingested 240,000 tuples. Current RSS: 1927MiB (94.1%)
[2026-09-29T10:02:45.500+0000] {pod_manager.py:315} INFO - [base] Chunk 75/120: HashAggregate batch 75. Ingested 240,000 tuples. Current RSS: 1930MiB (94.2%)
[2026-09-29T10:02:45.500+0000] {pod_manager.py:315} WARNING - [base] [KERNEL MEMORY PRESSURE] cgroup usage at 94.2%. Kernel invoking direct reclaim.
[2026-09-29T10:02:45.800+0000] {pod_manager.py:315} INFO - [base] Chunk 76/120: HashAggregate batch 76. Ingested 240,000 tuples. Current RSS: 1932MiB (94.3%)
[2026-09-29T10:02:46.100+0000] {pod_manager.py:315} INFO - [base] Chunk 77/120: HashAggregate batch 77. Ingested 240,000 tuples. Current RSS: 1934MiB (94.4%)
[2026-09-29T10:02:46.400+0000] {pod_manager.py:315} INFO - [base] Chunk 78/120: HashAggregate batch 78. Ingested 240,000 tuples. Current RSS: 1937MiB (94.6%)
[2026-09-29T10:02:46.700+0000] {pod_manager.py:315} INFO - [base] Chunk 79/120: HashAggregate batch 79. Ingested 240,000 tuples. Current RSS: 1939MiB (94.7%)
[2026-09-29T10:02:47.000+0000] {pod_manager.py:315} INFO - [base] Chunk 80/120: HashAggregate batch 80. Ingested 240,000 tuples. Current RSS: 1942MiB (94.8%)
[2026-09-29T10:02:47.300+0000] {pod_manager.py:315} INFO - [base] Chunk 81/120: HashAggregate batch 81. Ingested 240,000 tuples. Current RSS: 1944MiB (94.9%)
[2026-09-29T10:02:47.600+0000] {pod_manager.py:315} INFO - [base] Chunk 82/120: HashAggregate batch 82. Ingested 240,000 tuples. Current RSS: 1946MiB (95.0%)
[2026-09-29T10:02:47.900+0000] {pod_manager.py:315} INFO - [base] Chunk 83/120: HashAggregate batch 83. Ingested 240,000 tuples. Current RSS: 1949MiB (95.2%)
[2026-09-29T10:02:48.200+0000] {pod_manager.py:315} INFO - [base] Chunk 84/120: HashAggregate batch 84. Ingested 240,000 tuples. Current RSS: 1951MiB (95.3%)
[2026-09-29T10:02:48.500+0000] {pod_manager.py:315} INFO - [base] Chunk 85/120: HashAggregate batch 85. Ingested 240,000 tuples. Current RSS: 1954MiB (95.4%)
[2026-09-29T10:02:48.800+0000] {pod_manager.py:315} INFO - [base] Chunk 86/120: HashAggregate batch 86. Ingested 240,000 tuples. Current RSS: 1956MiB (95.5%)
[2026-09-29T10:02:49.100+0000] {pod_manager.py:315} INFO - [base] Chunk 87/120: HashAggregate batch 87. Ingested 240,000 tuples. Current RSS: 1958MiB (95.6%)
[2026-09-29T10:02:49.400+0000] {pod_manager.py:315} INFO - [base] Chunk 88/120: HashAggregate batch 88. Ingested 240,000 tuples. Current RSS: 1961MiB (95.8%)
[2026-09-29T10:02:49.700+0000] {pod_manager.py:315} INFO - [base] Chunk 89/120: HashAggregate batch 89. Ingested 240,000 tuples. Current RSS: 1963MiB (95.8%)
[2026-09-29T10:02:50.000+0000] {pod_manager.py:315} INFO - [base] Chunk 90/120: HashAggregate batch 90. Ingested 240,000 tuples. Current RSS: 1966MiB (96.0%)
[2026-09-29T10:02:50.000+0000] {pod_manager.py:315} WARNING - [base] [KERNEL MEMORY PRESSURE] cgroup usage at 96.0%. Kernel invoking direct reclaim.
[2026-09-29T10:02:50.300+0000] {pod_manager.py:315} INFO - [base] Chunk 91/120: HashAggregate batch 91. Ingested 240,000 tuples. Current RSS: 1968MiB (96.1%)
[2026-09-29T10:02:50.600+0000] {pod_manager.py:315} INFO - [base] Chunk 92/120: HashAggregate batch 92. Ingested 240,000 tuples. Current RSS: 1970MiB (96.2%)
[2026-09-29T10:02:50.900+0000] {pod_manager.py:315} INFO - [base] Chunk 93/120: HashAggregate batch 93. Ingested 240,000 tuples. Current RSS: 1973MiB (96.3%)
[2026-09-29T10:02:51.200+0000] {pod_manager.py:315} INFO - [base] Chunk 94/120: HashAggregate batch 94. Ingested 240,000 tuples. Current RSS: 1975MiB (96.4%)
[2026-09-29T10:02:51.500+0000] {pod_manager.py:315} INFO - [base] Chunk 95/120: HashAggregate batch 95. Ingested 240,000 tuples. Current RSS: 1978MiB (96.6%)
[2026-09-29T10:02:51.800+0000] {pod_manager.py:315} INFO - [base] Chunk 96/120: HashAggregate batch 96. Ingested 240,000 tuples. Current RSS: 1980MiB (96.7%)
[2026-09-29T10:02:52.100+0000] {pod_manager.py:315} INFO - [base] Chunk 97/120: HashAggregate batch 97. Ingested 240,000 tuples. Current RSS: 1982MiB (96.8%)
[2026-09-29T10:02:52.400+0000] {pod_manager.py:315} INFO - [base] Chunk 98/120: HashAggregate batch 98. Ingested 240,000 tuples. Current RSS: 1985MiB (96.9%)
[2026-09-29T10:02:52.700+0000] {pod_manager.py:315} INFO - [base] Chunk 99/120: HashAggregate batch 99. Ingested 240,000 tuples. Current RSS: 1987MiB (97.0%)
[2026-09-29T10:02:53.000+0000] {pod_manager.py:315} INFO - [base] Chunk 100/120: HashAggregate batch 100. Ingested 240,000 tuples. Current RSS: 1990MiB (97.2%)
[2026-09-29T10:02:53.300+0000] {pod_manager.py:315} INFO - [base] Chunk 101/120: HashAggregate batch 101. Ingested 240,000 tuples. Current RSS: 1992MiB (97.3%)
[2026-09-29T10:02:53.600+0000] {pod_manager.py:315} INFO - [base] Chunk 102/120: HashAggregate batch 102. Ingested 240,000 tuples. Current RSS: 1994MiB (97.4%)
[2026-09-29T10:02:53.900+0000] {pod_manager.py:315} INFO - [base] Chunk 103/120: HashAggregate batch 103. Ingested 240,000 tuples. Current RSS: 1997MiB (97.5%)
[2026-09-29T10:02:54.200+0000] {pod_manager.py:315} INFO - [base] Chunk 104/120: HashAggregate batch 104. Ingested 240,000 tuples. Current RSS: 1999MiB (97.6%)
[2026-09-29T10:02:54.500+0000] {pod_manager.py:315} INFO - [base] Chunk 105/120: HashAggregate batch 105. Ingested 240,000 tuples. Current RSS: 2002MiB (97.8%)
[2026-09-29T10:02:54.500+0000] {pod_manager.py:315} WARNING - [base] [KERNEL MEMORY PRESSURE] cgroup usage at 97.8%. Kernel invoking direct reclaim.
[2026-09-29T10:02:54.800+0000] {pod_manager.py:315} INFO - [base] Chunk 106/120: HashAggregate batch 106. Ingested 240,000 tuples. Current RSS: 2004MiB (97.9%)
[2026-09-29T10:02:55.100+0000] {pod_manager.py:315} INFO - [base] Chunk 107/120: HashAggregate batch 107. Ingested 240,000 tuples. Current RSS: 2006MiB (97.9%)
[2026-09-29T10:02:55.400+0000] {pod_manager.py:315} INFO - [base] Chunk 108/120: HashAggregate batch 108. Ingested 240,000 tuples. Current RSS: 2009MiB (98.1%)
[2026-09-29T10:02:55.700+0000] {pod_manager.py:315} INFO - [base] Chunk 109/120: HashAggregate batch 109. Ingested 240,000 tuples. Current RSS: 2011MiB (98.2%)
[2026-09-29T10:02:56.000+0000] {pod_manager.py:315} INFO - [base] Chunk 110/120: HashAggregate batch 110. Ingested 240,000 tuples. Current RSS: 2014MiB (98.3%)
[2026-09-29T10:02:56.300+0000] {pod_manager.py:315} INFO - [base] Chunk 111/120: HashAggregate batch 111. Ingested 240,000 tuples. Current RSS: 2016MiB (98.4%)
[2026-09-29T10:02:56.600+0000] {pod_manager.py:315} INFO - [base] Chunk 112/120: HashAggregate batch 112. Ingested 240,000 tuples. Current RSS: 2018MiB (98.5%)
[2026-09-29T10:02:56.900+0000] {pod_manager.py:315} INFO - [base] Chunk 113/120: HashAggregate batch 113. Ingested 240,000 tuples. Current RSS: 2021MiB (98.7%)
[2026-09-29T10:02:57.200+0000] {pod_manager.py:315} INFO - [base] Chunk 114/120: HashAggregate batch 114. Ingested 240,000 tuples. Current RSS: 2023MiB (98.8%)
[2026-09-29T10:02:57.500+0000] {pod_manager.py:315} INFO - [base] Chunk 115/120: HashAggregate batch 115. Ingested 240,000 tuples. Current RSS: 2026MiB (98.9%)
[2026-09-29T10:02:57.800+0000] {pod_manager.py:315} INFO - [base] Chunk 116/120: HashAggregate batch 116. Ingested 240,000 tuples. Current RSS: 2028MiB (99.0%)
[2026-09-29T10:02:58.100+0000] {pod_manager.py:315} INFO - [base] Chunk 117/120: HashAggregate batch 117. Ingested 240,000 tuples. Current RSS: 2030MiB (99.1%)
[2026-09-29T10:02:58.400+0000] {pod_manager.py:315} INFO - [base] Chunk 118/120: HashAggregate batch 118. Ingested 240,000 tuples. Current RSS: 2033MiB (99.3%)
[2026-09-29T10:02:58.700+0000] {pod_manager.py:315} INFO - [base] Chunk 119/120: HashAggregate batch 119. Ingested 240,000 tuples. Current RSS: 2035MiB (99.4%)
[2026-09-29T10:02:59.000+0000] {pod_manager.py:315} INFO - [base] Chunk 120/120: HashAggregate batch 120. Ingested 240,000 tuples. Current RSS: 2038MiB (99.5%)
[2026-09-29T10:02:59.000+0000] {pod_manager.py:315} WARNING - [base] [KERNEL MEMORY PRESSURE] cgroup usage at 99.5%. Kernel invoking direct reclaim.
[2026-09-29T10:02:59.200+0000] {pod_manager.py:315} CRITICAL - [base] Memory allocator failure: Cannot allocate 67,108,864 bytes in HashContext.
[2026-09-29T10:02:59.200+0000] {pod_manager.py:382} ERROR - Pod airflow-worker-dbt-heavy-join-4f892a returned status: 'Failed'
[2026-09-29T10:02:59.200+0000] {pod_manager.py:384} ERROR - Pod container 'base' terminated with exit code 137. Reason: OOMKilled
[2026-09-29T10:02:59.200+0000] {pod_manager.py:386} ERROR - Container 'base' was killed by the Kubernetes cgroup OOM killer because it exceeded its 2048Mi memory limit.
[kernel] Memory cgroup out of memory: Killed process 4112 (python3) total-vm:4194304kB, anon-rss:2097152kB, file-rss:0kB, shmem-rss:0kB
[kernel] oom_reaper: reaped process 4112 (python3), now anon-rss:0kB, file-rss:0kB, shmem-rss:0kB
[kernel] Tasks state (memory values in pages):
[kernel] [  pid  ]   uid  tgid total_vm      rss pgtables_bytes swapents oom_score_adj name
[kernel] [   4112]  1000  4112  1048576   524288      4194304        0             0 python3
[kernel] [   4113]  1000  4113   262144    32768       524288        0             0 dbt-worker-1
[kernel] [   4114]  1000  4114   262144    32768       524288        0             0 dbt-worker-2
[kernel] [   4115]  1000  4115   262144    32768       524288        0             0 dbt-worker-3
[kernel] [   4116]  1000  4116   262144    32768       524288        0             0 dbt-worker-4

[2026-09-29T10:02:59.200+0000] {taskinstance.py:1898} ERROR - Task failed with exception
Traceback (most recent call last):
  File "/opt/airflow/airflow/providers/cncf/kubernetes/operators/kubernetes_pod.py", line 584, in execute
    self.await_pod_completion(pod=self.pod)
  File "/opt/airflow/airflow/providers/cncf/kubernetes/operators/kubernetes_pod.py", line 612, in await_pod_completion
    raise AirflowException(f"Pod {self.pod.metadata.name} returned a failure: container 'base' exited with code 137")
airflow.exceptions.AirflowException: Pod airflow-worker-dbt-heavy-join-4f892a returned a failure: container 'base' exited with code 137
[2026-09-29T10:02:59.200+0000] {taskinstance.py:1406} INFO - Marking task as UP_FOR_RETRY. Attempts remaining: 1
[2026-09-29T10:02:59.200+0000] {taskinstance.py:1467} INFO - Invoking failure callback: airdoctor_failure_callback